ISO-10303-21;
HEADER;
FILE_DESCRIPTION (( 'STEP AP214' ),
    '1' );
FILE_NAME ('Ç°¸Ç.ST',
    '2026-09-30T03:54:26',
    ( '' ),
    ( '' ),
    'SwSTEP 2.0',
    'SolidWorks 2024',
    '' );
FILE_SCHEMA (( 'AUTOMOTIVE_DESIGN' ));
ENDSEC;

DATA;
#1 = DIRECTION ( 'NONE',  ( 1.000000000000000000, -0.000000000000000000, -0.000000000000000000 ) ) ;
#2 = CARTESIAN_POINT ( 'NONE',  ( 50.25729166714463503, -12.77028028193212883, 7.555278471875014112 ) ) ;
#3 = CARTESIAN_POINT ( 'NONE',  ( 50.78229166714461940, 12.77028028193218745, 8.444721528125000987 ) ) ;
#4 = DIRECTION ( 'NONE',  ( -0.000000000000000000, -0.000000000000000000, 1.000000000000000000 ) ) ;
#5 = CARTESIAN_POINT ( 'NONE',  ( 50.21810950253896522, -11.39786796497629595, 7.652358907491377593 ) ) ;
#6 = CARTESIAN_POINT ( 'NONE',  ( -50.10416666666666430, -11.59585481156724462, 8.700000000000001066 ) ) ;
#7 = EDGE_CURVE ( 'NONE', #2760, #2749, #2739, .T. ) ;
#8 = ADVANCED_FACE ( 'NONE', ( #3174 ), #6299, .F. ) ;
#9 = ORIENTED_EDGE ( 'NONE', *, *, #748, .T. ) ;
#10 = CARTESIAN_POINT ( 'NONE',  ( 51.55520833381128654, -12.77028028193215548, 8.444721528124999210 ) ) ;
#11 = CIRCLE ( 'NONE', #3784, 4.999999999999997335 ) ;
#12 = CARTESIAN_POINT ( 'NONE',  ( 51.24166666762258160, 12.40414518843275538, 7.300000000000000711 ) ) ;
#13 = DIRECTION ( 'NONE',  ( -1.000000000000000000, 0.000000000000000000, 0.000000000000000000 ) ) ;
#14 = CARTESIAN_POINT ( 'NONE',  ( -51.15416666762258302, -12.60621778264908954, 8.349999999999999645 ) ) ;
#15 = CARTESIAN_POINT ( 'NONE',  ( -51.16145833381128938, -11.48647981204520363, 7.110556943749999803 ) ) ;
#16 = VERTEX_POINT ( 'NONE', #5225 ) ;
#17 = AXIS2_PLACEMENT_3D ( 'NONE', #2593, #3132, #2117 ) ;
#18 = VERTEX_POINT ( 'NONE', #604 ) ;
#19 = CARTESIAN_POINT ( 'NONE',  ( -51.00000000000000000, 23.00000000000001421, -30.00000000000000000 ) ) ;
#20 = AXIS2_PLACEMENT_3D ( 'NONE', #3869, #1224, #717 ) ;
#21 = CARTESIAN_POINT ( 'NONE',  ( 49.84166666762257591, 12.40414518843275538, 7.300000000000000711 ) ) ;
#22 = CARTESIAN_POINT ( 'NONE',  ( 50.28645833381131069, 11.48647981204525514, 7.110556943750031778 ) ) ;
#23 = CARTESIAN_POINT ( 'NONE',  ( 50.57083333333332575, -11.59585481156724462, 8.700000000000001066 ) ) ;
#24 = CARTESIAN_POINT ( 'NONE',  ( -51.99999999999998579, 27.10050506338833998, -9.217115795360022901 ) ) ;
#25 = CARTESIAN_POINT ( 'NONE',  ( 51.14687500047801905, 12.00000000000001776, 8.889443056250000197 ) ) ;
#26 = VERTEX_POINT ( 'NONE', #6371 ) ;
#27 = CARTESIAN_POINT ( 'NONE',  ( 50.25729166714462082, -12.77028028193215370, 7.555278471875000790 ) ) ;
#28 = CARTESIAN_POINT ( 'NONE',  ( 50.82604166714462934, 11.48647981204523560, 8.889443056249998421 ) ) ;
#29 = DIRECTION ( 'NONE',  ( 0.000000000000000000, -0.000000000000000000, 1.000000000000000000 ) ) ;
#30 = CARTESIAN_POINT ( 'NONE',  ( 51.40000242597918856, -12.16334422853726593, 8.680674144328524022 ) ) ;
#31 = CARTESIAN_POINT ( 'NONE',  ( -51.08854166714462508, 12.77028028193218745, 7.555278471875000790 ) ) ;
#32 = CARTESIAN_POINT ( 'NONE',  ( -51.94166666666666288, 12.60621778264912329, 7.650000000000000355 ) ) ;
#33 = CARTESIAN_POINT ( 'NONE',  ( 35.00000000000001421, 13.00000000000001776, -20.00000000000000711 ) ) ;
#34 = ADVANCED_FACE ( 'NONE', ( #179 ), #5725, .F. ) ;
#35 =( BOUNDED_CURVE ( )  B_SPLINE_CURVE ( 2, ( #4531, #6452, #6013, #1299, #5503, #4976, #5436, #856, #4468 ),
 .UNSPECIFIED., .F., .F. ) 
 B_SPLINE_CURVE_WITH_KNOTS ( ( 3, 2, 2, 2, 3 ),
 ( 0.2624766111473602614, 0.2916321363952244505, 0.3207953500347469067, 0.3499585636742693073, 0.3499590681727124952 ),
 .UNSPECIFIED. ) 
 CURVE ( )  GEOMETRIC_REPRESENTATION_ITEM ( )  RATIONAL_B_SPLINE_CURVE ( ( 0.9999293783171137040, 0.8660607239374472632, 1.000000000000000000, 0.8660254037844387076, 1.000000000000000000, 0.8660254037844387076, 1.000000000000000000, 0.9999976823550363880, 0.9999953647902593001 ) ) 
 REPRESENTATION_ITEM ( '' )  );
#36 = CARTESIAN_POINT ( 'NONE',  ( 51.38750463519292566, -12.00006421089980613, 8.699999997054970180 ) ) ;
#37 = DIRECTION ( 'NONE',  ( 0.000000000000000000, 0.000000000000000000, 1.000000000000000000 ) ) ;
#38 = CARTESIAN_POINT ( 'NONE',  ( 52.00000000000000000, -11.99999999999998224, 7.300000000000000711 ) ) ;
#39 = CARTESIAN_POINT ( 'NONE',  ( 50.83333223342440732, -12.40415281544809822, 7.300013210378143214 ) ) ;
#40 = CARTESIAN_POINT ( 'NONE',  ( 50.80144283587229381, -12.60213203502367030, 7.652358907491377593 ) ) ;
#41 = CARTESIAN_POINT ( 'NONE',  ( -51.83229166714461655, -11.22971971806781255, 7.555278471875000790 ) ) ;
#42 = VECTOR ( 'NONE', #499, 1000.000000000000000 ) ;
#43 = EDGE_LOOP ( 'NONE', ( #2189, #377, #2483, #1337 ) ) ;
#44 = CARTESIAN_POINT ( 'NONE',  ( 50.42609374999521776, 12.00000000000001776, 7.301894430562501093 ) ) ;
#45 = CARTESIAN_POINT ( 'NONE',  ( 51.64270833381129222, -12.51352018795476262, 7.110556943749999803 ) ) ;
#46 = CARTESIAN_POINT ( 'NONE',  ( -50.89166666666626782, -11.39378221735028696, 7.649999999999659295 ) ) ;
#47 = CARTESIAN_POINT ( 'NONE',  ( 51.32916666666665151, -12.40414518843264702, 8.700000000000136069 ) ) ;
#48 = CARTESIAN_POINT ( 'NONE',  ( 50.59999999999998721, 12.00000000000025224, 8.699999999999995737 ) ) ;
#49 = CARTESIAN_POINT ( 'NONE',  ( -50.34479166714461229, -11.48647981204520363, 8.889443056249998421 ) ) ;
#50 = EDGE_CURVE ( 'NONE', #92, #6496, #3695, .T. ) ;
#51 = ORIENTED_EDGE ( 'NONE', *, *, #6560, .T. ) ;
#52 = VECTOR ( 'NONE', #5737, 1000.000000000000000 ) ;
#53 = ORIENTED_EDGE ( 'NONE', *, *, #2445, .T. ) ;
#54 = VECTOR ( 'NONE', #2345, 1000.000000000000000 ) ;
#55 = CARTESIAN_POINT ( 'NONE',  ( 49.74655161468422904, 11.34102358298467195, 7.741380635260276755 ) ) ;
#56 = AXIS2_PLACEMENT_3D ( 'NONE', #2436, #6006, #5428 ) ;
#57 = CARTESIAN_POINT ( 'NONE',  ( 50.37395833381130927, 12.77028028193216080, 7.555278471875015889 ) ) ;
#58 = CARTESIAN_POINT ( 'NONE',  ( 51.62812500047795083, -13.02704037590954478, 8.000000000000000000 ) ) ;
#59 = CARTESIAN_POINT ( 'NONE',  ( -51.75937500047796647, -10.97295962409042325, 8.000000000000000000 ) ) ;
#60 = CARTESIAN_POINT ( 'NONE',  ( 50.73854166714469471, 12.77028028193218745, 8.444721528125000987 ) ) ;
#61 = EDGE_CURVE ( 'NONE', #3473, #5289, #1673, .T. ) ;
#62 = EDGE_LOOP ( 'NONE', ( #487, #2750, #1376, #5781 ) ) ;
#63 = CARTESIAN_POINT ( 'NONE',  ( 50.54895833381129222, -12.77028028193215548, 8.444721528124999210 ) ) ;
#64 = CARTESIAN_POINT ( 'NONE',  ( 50.03854166714462082, 12.77028028193218745, 8.444721528125000987 ) ) ;
#65 = CARTESIAN_POINT ( 'NONE',  ( -20.54999999999999361, 33.00000000000000000, -0.9217859440278043381 ) ) ;
#66 = CARTESIAN_POINT ( 'NONE',  ( -50.00000000000000000, 11.37660424903934064, 8.407683607806566428 ) ) ;
#67 = CARTESIAN_POINT ( 'NONE',  ( -51.12500000000000000, 12.00000000000001776, 8.699999999999999289 ) ) ;
#68 = CARTESIAN_POINT ( 'NONE',  ( -51.88333333333333286, 12.60621778264912329, 8.349999999999999645 ) ) ;
#69 = CARTESIAN_POINT ( 'NONE',  ( 50.97916666666668561, -12.40414518843284952, 8.699999999999786127 ) ) ;
#70 = CARTESIAN_POINT ( 'NONE',  ( -50.25000000095591446, -11.19170962313450701, 8.000000000000000000 ) ) ;
#71 = CARTESIAN_POINT ( 'NONE',  ( 51.00833275167721581, -11.59585077511262696, 8.699993008655518167 ) ) ;
#72 = CARTESIAN_POINT ( 'NONE',  ( 50.54895833381129222, 11.22971971806784630, 8.444721528124999210 ) ) ;
#73 = CARTESIAN_POINT ( 'NONE',  ( 44.99999999999998579, -29.99999999999998224, 10.00000000000000000 ) ) ;
#74 = CARTESIAN_POINT ( 'NONE',  ( -51.00000000000000000, -23.00000000000002132, -26.45220836013659138 ) ) ;
#75 = CARTESIAN_POINT ( 'NONE',  ( -51.07395833381128369, -11.22971971806781255, 8.444721528124999210 ) ) ;
#76 = B_SPLINE_CURVE_WITH_KNOTS ( 'NONE', 3,
 ( #483, #4595, #6166, #1084, #5165, #6644 ),
 .UNSPECIFIED., .F., .F.,
 ( 4, 2, 4 ),
 ( 0.02415173317497099764, 0.02462361354941083186, 0.02509549392385066260 ),
 .UNSPECIFIED. ) ;
#77 = VECTOR ( 'NONE', #4073, 1000.000000000000000 ) ;
#78 = ORIENTED_EDGE ( 'NONE', *, *, #3940, .F. ) ;
#79 = CARTESIAN_POINT ( 'NONE',  ( 51.91359374999522203, 12.80610287687505355, 8.000000000000000000 ) ) ;
#80 = CARTESIAN_POINT ( 'NONE',  ( 50.65833333333295485, 11.39378221735033492, 8.350000000000331823 ) ) ;
#81 = FACE_OUTER_BOUND ( 'NONE', #6272, .T. ) ;
#82 = CARTESIAN_POINT ( 'NONE',  ( 51.39999999999999147, -12.68373971655886479, 7.850000000000070699 ) ) ;
#83 = CARTESIAN_POINT ( 'NONE',  ( -50.82604166714467908, -12.51352018795476262, 7.110556943750002468 ) ) ;
#84 = CARTESIAN_POINT ( 'NONE',  ( -51.45312500047795368, -10.97295962409042147, 8.000000000000000000 ) ) ;
#85 = ORIENTED_EDGE ( 'NONE', *, *, #1674, .T. ) ;
#86 = ORIENTED_EDGE ( 'NONE', *, *, #537, .T. ) ;
#87 = CARTESIAN_POINT ( 'NONE',  ( 50.04310950272230940, 11.39786796470131236, 8.347641092667403839 ) ) ;
#88 = CARTESIAN_POINT ( 'NONE',  ( 50.19895833381130501, 11.22971971806787117, 8.444721528124983223 ) ) ;
#89 = CARTESIAN_POINT ( 'NONE',  ( 50.00905120630972789, -12.65897923969415650, 7.741385524283419528 ) ) ;
#90 = DIRECTION ( 'NONE',  ( -0.000000000000000000, -0.000000000000000000, 1.000000000000000000 ) ) ;
#91 = DIRECTION ( 'NONE',  ( -0.000000000000000000, -0.000000000000000000, 1.000000000000000000 ) ) ;
#92 = VERTEX_POINT ( 'NONE', #4796 ) ;
#93 = ADVANCED_FACE ( 'NONE', ( #2701 ), #1726, .T. ) ;
#94 = ORIENTED_EDGE ( 'NONE', *, *, #4321, .F. ) ;
#95 = PLANE ( 'NONE',  #2833 ) ;
#96 = EDGE_CURVE ( 'NONE', #4524, #3160, #2630, .T. ) ;
#97 = CARTESIAN_POINT ( 'NONE',  ( 50.44687500047795936, 12.00000000000001776, 8.889443056250000197 ) ) ;
#98 = EDGE_CURVE ( 'NONE', #1654, #2685, #5464, .T. ) ;
#99 = CARTESIAN_POINT ( 'NONE',  ( 50.94270833381129648, 11.48647981204523738, 7.110556943749999803 ) ) ;
#100 = LINE ( 'NONE', #5751, #5714 ) ;
#101 = CARTESIAN_POINT ( 'NONE',  ( -51.67187500047795368, 12.00000000000001776, 8.889443056249998421 ) ) ;
#102 = CARTESIAN_POINT ( 'NONE',  ( -50.01776041666188632, 11.39542284234374137, 8.349052784718749010 ) ) ;
#103 = CARTESIAN_POINT ( 'NONE',  ( 50.00937500047795226, -10.97295962409042147, 8.000000000000000000 ) ) ;
#104 = CARTESIAN_POINT ( 'NONE',  ( 50.48333333428925584, -12.40414518843271985, 7.300000000000000711 ) ) ;
#105 = DIRECTION ( 'NONE',  ( -1.000000000000000000, 0.000000000000000000, 0.000000000000000000 ) ) ;
#106 = CARTESIAN_POINT ( 'NONE',  ( 50.62916666762257734, -11.39378221735087671, 8.349999999999999645 ) ) ;
#107 = CARTESIAN_POINT ( 'NONE',  ( 49.92644283587229381, -11.39786796497629595, 8.347641092508624183 ) ) ;
#108 = CARTESIAN_POINT ( 'NONE',  ( -50.65833333333333144, -12.60621778264908954, 7.650000000000001243 ) ) ;
#109 = DIRECTION ( 'NONE',  ( 0.000000000000000000, 0.000000000000000000, -1.000000000000000000 ) ) ;
#110 = CARTESIAN_POINT ( 'NONE',  ( 51.73020833381129080, -11.22971971806781255, 7.555278471875000790 ) ) ;
#111 = CARTESIAN_POINT ( 'NONE',  ( 51.39999999999999147, -12.68373971655886479, 7.850000000000070699 ) ) ;
#112 = CARTESIAN_POINT ( 'NONE',  ( -51.38750000095591020, 12.00000000000001776, 7.300000000000000711 ) ) ;
#113 = DIRECTION ( 'NONE',  ( 0.000000000000000000, 0.000000000000000000, 1.000000000000000000 ) ) ;
#114 = CARTESIAN_POINT ( 'NONE',  ( -50.37395833381128796, -11.22971971806781255, 8.444721528124999210 ) ) ;
#115 = ORIENTED_EDGE ( 'NONE', *, *, #132, .F. ) ;
#116 = ORIENTED_EDGE ( 'NONE', *, *, #5275, .F. ) ;
#117 = ORIENTED_EDGE ( 'NONE', *, *, #4584, .T. ) ;
#118 = CARTESIAN_POINT ( 'NONE',  ( 51.03477616938897654, 12.00000000000001776, 8.695282185334809455 ) ) ;
#119 = CARTESIAN_POINT ( 'NONE',  ( 50.51979166714463076, 11.48647981204525514, 8.889443056249968222 ) ) ;
#120 = CARTESIAN_POINT ( 'NONE',  ( -51.38859374999522345, -12.80610287687501803, 8.000000000000000000 ) ) ;
#121 = CARTESIAN_POINT ( 'NONE',  ( 49.99015839585757703, -12.71071524589631530, 7.968099249709212906 ) ) ;
#122 = CARTESIAN_POINT ( 'NONE',  ( -45.00000000000000000, 29.00000000000001421, -8.525756178294006560 ) ) ;
#123 = CARTESIAN_POINT ( 'NONE',  ( -50.13333333428924732, 11.59585481156728015, 8.699999999999999289 ) ) ;
#124 = ORIENTED_EDGE ( 'NONE', *, *, #5994, .T. ) ;
#125 = VERTEX_POINT ( 'NONE', #5431 ) ;
#126 = LINE ( 'NONE', #4779, #6046 ) ;
#127 = DIRECTION ( 'NONE',  ( 1.000000000000000000, 1.334402673828313339E-16, 0.000000000000000000 ) ) ;
#128 = CARTESIAN_POINT ( 'NONE',  ( 50.13333333333333997, -11.39378221735088026, 7.650000000000003020 ) ) ;
#129 = CARTESIAN_POINT ( 'NONE',  ( 50.00108797182263487, -12.18748525719509956, 8.674444067633690025 ) ) ;
#130 = CARTESIAN_POINT ( 'NONE',  ( -50.24270833381129364, 11.48647981204523738, 8.889443056249998421 ) ) ;
#131 = CARTESIAN_POINT ( 'NONE',  ( -51.50416666666666288, 12.40414518843275538, 8.700000000000001066 ) ) ;
#132 = EDGE_CURVE ( 'NONE', #3797, #3245, #1591, .T. ) ;
#133 = EDGE_CURVE ( 'NONE', #4986, #5240, #2915, .T. ) ;
#134 = EDGE_CURVE ( 'NONE', #2581, #5547, #2331, .T. ) ;
#135 = CARTESIAN_POINT ( 'NONE',  ( 49.98020833381129080, -11.22971971806781255, 7.555278471875000790 ) ) ;
#136 = CARTESIAN_POINT ( 'NONE',  ( 51.14687500047801905, -11.99999999999998224, 8.889443056250000197 ) ) ;
#137 = FACE_OUTER_BOUND ( 'NONE', #1897, .T. ) ;
#138 = CARTESIAN_POINT ( 'NONE',  ( 50.25109374999521350, -11.99999999999998224, 8.698105569437499796 ) ) ;
#139 = CARTESIAN_POINT ( 'NONE',  ( -51.80312500047796220, -10.97295962409042147, 8.000000000000000000 ) ) ;
#140 = CARTESIAN_POINT ( 'NONE',  ( 52.00000000000000000, 12.00000000000001776, 8.000000000000000000 ) ) ;
#141 = EDGE_CURVE ( 'NONE', #649, #2795, #6574, .T. ) ;
#142 = ORIENTED_EDGE ( 'NONE', *, *, #2728, .F. ) ;
#143 = CARTESIAN_POINT ( 'NONE',  ( 50.39692708332855631, 11.59694856156249898, 7.301894430562501093 ) ) ;
#144 = DIRECTION ( 'NONE',  ( 1.000000000000000000, 0.000000000000000000, 0.000000000000000000 ) ) ;
#145 = CARTESIAN_POINT ( 'NONE',  ( 50.85520833381129080, -12.77028028193215548, 8.444721528124999210 ) ) ;
#146 = CARTESIAN_POINT ( 'NONE',  ( 50.16250000101766915, 11.99999999733931588, 7.300000000000000711 ) ) ;
#147 = AXIS2_PLACEMENT_3D ( 'NONE', #3510, #5424, #413 ) ;
#148 = CARTESIAN_POINT ( 'NONE',  ( -51.39999999999999858, -11.48827964609393248, 8.727496549620413546 ) ) ;
#149 = FACE_OUTER_BOUND ( 'NONE', #2961, .T. ) ;
#150 = CARTESIAN_POINT ( 'NONE',  ( -51.01562500047795368, -11.99999999999998224, 8.889443056250000197 ) ) ;
#151 = ORIENTED_EDGE ( 'NONE', *, *, #2522, .T. ) ;
#152 = ORIENTED_EDGE ( 'NONE', *, *, #4587, .T. ) ;
#153 = ORIENTED_EDGE ( 'NONE', *, *, #1248, .T. ) ;
#154 = CARTESIAN_POINT ( 'NONE',  ( 50.24727616938898223, 12.80284271373162497, 8.000000000000000000 ) ) ;
#155 = CARTESIAN_POINT ( 'NONE',  ( -50.46145833381128654, 12.51352018795479815, 7.110556943749999803 ) ) ;
#156 = CARTESIAN_POINT ( 'NONE',  ( -51.00942708332854636, -12.60457715765625863, 7.650947215281250990 ) ) ;
#157 = CARTESIAN_POINT ( 'NONE',  ( 50.75312500047795794, -10.97295962409042147, 8.000000000000000000 ) ) ;
#158 = DIRECTION ( 'NONE',  ( 0.000000000000000000, 0.000000000000000000, -1.000000000000000000 ) ) ;
#159 = CARTESIAN_POINT ( 'NONE',  ( 50.25000000095591446, 12.80829037686549299, 8.000000000000000000 ) ) ;
#160 = VECTOR ( 'NONE', #1007, 1000.000000000000000 ) ;
#161 = EDGE_LOOP ( 'NONE', ( #5892, #5099, #982, #1255 ) ) ;
#162 = ORIENTED_EDGE ( 'NONE', *, *, #2700, .F. ) ;
#163 = CARTESIAN_POINT ( 'NONE',  ( 51.39999999999999858, 12.39574987300525777, 7.209097082651245714 ) ) ;
#164 = DIRECTION ( 'NONE',  ( 0.000000000000000000, 0.000000000000000000, -1.000000000000000000 ) ) ;
#165 = CARTESIAN_POINT ( 'NONE',  ( 44.99999999999998579, -29.99999999999998224, -30.00000000000000000 ) ) ;
#166 = CARTESIAN_POINT ( 'NONE',  ( 50.45416666762258728, 11.39378221735091223, 7.650000000000000355 ) ) ;
#167 = CARTESIAN_POINT ( 'NONE',  ( -50.30104166714462366, 12.51352018795479815, 8.889443056249998421 ) ) ;
#168 = CARTESIAN_POINT ( 'NONE',  ( -50.94999999999999574, 12.00000000000001776, 7.300000000000000711 ) ) ;
#169 = AXIS2_PLACEMENT_3D ( 'NONE', #2262, #4362, #1804 ) ;
#170 = CARTESIAN_POINT ( 'NONE',  ( 51.56979166714462082, 11.48647981204523560, 8.889443056249998421 ) ) ;
#171 = CARTESIAN_POINT ( 'NONE',  ( -50.39583333428925016, 11.39378221735091223, 7.650000000000001243 ) ) ;
#172 = CARTESIAN_POINT ( 'NONE',  ( 50.03854166714468477, -11.22971971806781255, 8.444721528125000987 ) ) ;
#173 = FACE_OUTER_BOUND ( 'NONE', #1216, .T. ) ;
#174 = CARTESIAN_POINT ( 'NONE',  ( 50.30942708332855062, -12.60457715765625863, 8.349052784718749010 ) ) ;
#175 = CARTESIAN_POINT ( 'NONE',  ( -50.51979166714461655, -12.51352018795476440, 7.110556943749999803 ) ) ;
#176 = CARTESIAN_POINT ( 'NONE',  ( 3.750000000000003997, 30.00000000000001066, 0.9000000000000005773 ) ) ;
#177 =( BOUNDED_SURFACE ( )  B_SPLINE_SURFACE ( 1, 2, ( 
 ( #771, #3813, #5895, #202, #4781, #237, #700, #3308, #2213, #2147, #2252, #1642, #1243, #736, #4276, #3197, #6321, #1715, #5348, #5823, #1132, #1206, #5310, #4715, #3345, #2799, #4855, #2290, #4348, #6396, #1279, #99, #5243, #627, #804, #5550, #3918, #4989, #6562, #6499, #1860, #4927, #2837, #4892, #1922, #5998, #3954, #1827, #4421, #1893, #6054, #2393, #273, #3885, #6027, #1440, #5482, #5964, #1350, #867, #4514, #4453, #4010, #2933, #3501, #373, #6468, #1380, #2328, #3439, #4482 ),
 ( #840, #5022, #2901, #3983, #3408, #5452, #4957, #2425, #340, #2459, #6531, #405, #1407, #307, #5930, #3469, #5518, #898, #2965, #1949, #4387, #6433, #1314, #3376, #5418, #2869, #2362, #2998, #5671, #1978, #963, #4573, #439, #4099, #4605, #5052, #1602, #6175, #2071, #6589, #2107, #4673, #6112, #2007, #2583, #491, #5582, #2488, #3658, #930, #4135, #1567, #3030, #4542, #4042, #5080, #5639, #6083, #463, #1472, #4070, #3561, #3625, #1533, #3534, #21, #2517, #1024, #6621, #55, #1500 ),
 ( #5611, #991, #1058, #4639, #3123, #3056, #5171, #4163, #3089, #5108, #550, #3592, #2616, #2549, #6651, #5140, #2037, #6208, #6141, #520, #4195, #615, #4734, #3759, #118, #584, #1122, #2677, #6384, #4336, #1190, #2201, #3799, #2166, #1667, #4229, #1777, #5848, #5264, #3688, #5702, #6273, #3258, #2788, #2714, #3726, #3187, #1091, #3154, #4808, #4264, #154, #4703, #5775, #4770, #2274, #651, #5203, #87, #2241, #2648, #1704, #1155, #3222, #5810, #725, #6310, #226, #5299, #2138, #688 ) ),
 .UNSPECIFIED., .F., .F., .F. ) 
 B_SPLINE_SURFACE_WITH_KNOTS ( ( 2, 1, 2 ),
 ( 3, 2, 2, 2, 2, 2, 2, 2, 2, 2, 2, 2, 2, 2, 2, 2, 2, 2, 2, 2, 2, 2, 2, 2, 2, 2, 2, 2, 2, 2, 2, 2, 2, 2, 2, 3 ),
 ( 0.000000000000000000, 1.000000000000000000, 1.024903603006513508 ),
 ( 0.000000000000000000, 0.02777777777777777624, 0.05555555555555555247, 0.08333333333333332871, 0.1111111111111111049, 0.1388888888888888951, 0.1666666666666666574, 0.1944444444444444475, 0.2222222222222222099, 0.2500000000000000000, 0.2777777777777777901, 0.3055555555555555802, 0.3333333333333333148, 0.3611111111111111049, 0.3888888888888888951, 0.4166666666666666852, 0.4444444444444444198, 0.4722222222222222099, 0.5000000000000000000, 0.5277777777777777901, 0.5555555555555555802, 0.5833333333333333703, 0.6111111111111111605, 0.6388888888888888395, 0.6666666666666666297, 0.6944444444444444198, 0.7222222222222222099, 0.7500000000000000000, 0.7777777777777777901, 0.8055555555555555802, 0.8333333333333333703, 0.8611111111111111605, 0.8888888888888888395, 0.9166666666666666297, 0.9444444444444444198, 0.9524937176379162374 ),
 .UNSPECIFIED. ) 
 GEOMETRIC_REPRESENTATION_ITEM ( )  RATIONAL_B_SPLINE_SURFACE ( (
 ( 1.000000000000000000, 0.8660254037844387076, 1.000000000000000000, 0.8660254037844387076, 1.000000000000000000, 0.8660254037844387076, 1.000000000000000000, 0.8660254037844387076, 1.000000000000000000, 0.8660254037844387076, 1.000000000000000000, 0.8660254037844387076, 1.000000000000000000, 0.8660254037844387076, 1.000000000000000000, 0.8660254037844387076, 1.000000000000000000, 0.8660254037844387076, 1.000000000000000000, 0.8660254037844387076, 1.000000000000000000, 0.8660254037844387076, 1.000000000000000000, 0.8660254037844387076, 1.000000000000000000, 0.8660254037844387076, 1.000000000000000000, 0.8660254037844387076, 1.000000000000000000, 0.8660254037844387076, 1.000000000000000000, 0.8660254037844387076, 1.000000000000000000, 0.8660254037844387076, 1.000000000000000000, 0.8660254037844387076, 1.000000000000000000, 0.8660254037844387076, 1.000000000000000000, 0.8660254037844387076, 1.000000000000000000, 0.8660254037844387076, 1.000000000000000000, 0.8660254037844387076, 1.000000000000000000, 0.8660254037844387076, 1.000000000000000000, 0.8660254037844387076, 1.000000000000000000, 0.8660254037844387076, 1.000000000000000000, 0.8660254037844387076, 1.000000000000000000, 0.8660254037844387076, 1.000000000000000000, 0.8660254037844387076, 1.000000000000000000, 0.8660254037844387076, 1.000000000000000000, 0.8660254037844387076, 1.000000000000000000, 0.8660254037844387076, 1.000000000000000000, 0.8660254037844387076, 1.000000000000000000, 0.8660254037844387076, 1.000000000000000000, 0.8660254037844387076, 1.000000000000000000, 0.9611776674667313891, 0.9448547272943650377),
 ( 1.000000000000000000, 0.8660254037844387076, 1.000000000000000000, 0.8660254037844387076, 1.000000000000000000, 0.8660254037844387076, 1.000000000000000000, 0.8660254037844387076, 1.000000000000000000, 0.8660254037844387076, 1.000000000000000000, 0.8660254037844387076, 1.000000000000000000, 0.8660254037844387076, 1.000000000000000000, 0.8660254037844387076, 1.000000000000000000, 0.8660254037844387076, 1.000000000000000000, 0.8660254037844387076, 1.000000000000000000, 0.8660254037844387076, 1.000000000000000000, 0.8660254037844387076, 1.000000000000000000, 0.8660254037844387076, 1.000000000000000000, 0.8660254037844387076, 1.000000000000000000, 0.8660254037844387076, 1.000000000000000000, 0.8660254037844387076, 1.000000000000000000, 0.8660254037844387076, 1.000000000000000000, 0.8660254037844387076, 1.000000000000000000, 0.8660254037844387076, 1.000000000000000000, 0.8660254037844387076, 1.000000000000000000, 0.8660254037844387076, 1.000000000000000000, 0.8660254037844387076, 1.000000000000000000, 0.8660254037844387076, 1.000000000000000000, 0.8660254037844387076, 1.000000000000000000, 0.8660254037844387076, 1.000000000000000000, 0.8660254037844387076, 1.000000000000000000, 0.8660254037844387076, 1.000000000000000000, 0.8660254037844387076, 1.000000000000000000, 0.8660254037844387076, 1.000000000000000000, 0.8660254037844387076, 1.000000000000000000, 0.8660254037844387076, 1.000000000000000000, 0.8660254037844387076, 1.000000000000000000, 0.8660254037844387076, 1.000000000000000000, 0.8660254037844387076, 1.000000000000000000, 0.9611776674667313891, 0.9448547272943650377),
 ( 1.000000000000000000, 0.8660254037844387076, 1.000000000000000000, 0.8660254037844387076, 1.000000000000000000, 0.8660254037844387076, 1.000000000000000000, 0.8660254037844387076, 1.000000000000000000, 0.8660254037844387076, 1.000000000000000000, 0.8660254037844387076, 1.000000000000000000, 0.8660254037844387076, 1.000000000000000000, 0.8660254037844387076, 1.000000000000000000, 0.8660254037844387076, 1.000000000000000000, 0.8660254037844387076, 1.000000000000000000, 0.8660254037844387076, 1.000000000000000000, 0.8660254037844387076, 1.000000000000000000, 0.8660254037844387076, 1.000000000000000000, 0.8660254037844387076, 1.000000000000000000, 0.8660254037844387076, 1.000000000000000000, 0.8660254037844387076, 1.000000000000000000, 0.8660254037844387076, 1.000000000000000000, 0.8660254037844387076, 1.000000000000000000, 0.8660254037844387076, 1.000000000000000000, 0.8660254037844387076, 1.000000000000000000, 0.8660254037844387076, 1.000000000000000000, 0.8660254037844387076, 1.000000000000000000, 0.8660254037844387076, 1.000000000000000000, 0.8660254037844387076, 1.000000000000000000, 0.8660254037844387076, 1.000000000000000000, 0.8660254037844387076, 1.000000000000000000, 0.8660254037844387076, 1.000000000000000000, 0.8660254037844387076, 1.000000000000000000, 0.8660254037844387076, 1.000000000000000000, 0.8660254037844387076, 1.000000000000000000, 0.8660254037844387076, 1.000000000000000000, 0.8660254037844387076, 1.000000000000000000, 0.8660254037844387076, 1.000000000000000000, 0.8660254037844387076, 1.000000000000000000, 0.9611776674667313891, 0.9448547272943650377) ) ) 
 REPRESENTATION_ITEM ( '' )  SURFACE ( )  );
#178 = EDGE_CURVE ( 'NONE', #2955, #4890, #1325, .T. ) ;
#179 = FACE_OUTER_BOUND ( 'NONE', #524, .T. ) ;
#180 = CARTESIAN_POINT ( 'NONE',  ( 51.64999999999999147, 12.00000000000001776, 8.699999999999999289 ) ) ;
#181 = CARTESIAN_POINT ( 'NONE',  ( 48.51471862576141092, 29.00000000000001776, -8.525756178294004783 ) ) ;
#182 = EDGE_CURVE ( 'NONE', #3583, #3529, #6020, .T. ) ;
#183 = CARTESIAN_POINT ( 'NONE',  ( 50.53437500047795794, -13.02704037590954478, 8.000000000000000000 ) ) ;
#184 = ORIENTED_EDGE ( 'NONE', *, *, #314, .T. ) ;
#185 = DIRECTION ( 'NONE',  ( -1.000000000000000000, -0.000000000000000000, -0.000000000000000000 ) ) ;
#186 = CARTESIAN_POINT ( 'NONE',  ( -51.38161271263706453, -11.71851384161461418, 8.889443056249969999 ) ) ;
#187 = CARTESIAN_POINT ( 'NONE',  ( 36.00000000000002132, 14.00000000000001776, -12.98530969228705878 ) ) ;
#188 = CARTESIAN_POINT ( 'NONE',  ( -51.67187500047795368, -11.99999999999998224, 8.889443056249998421 ) ) ;
#189 = ORIENTED_EDGE ( 'NONE', *, *, #2700, .T. ) ;
#190 = ORIENTED_EDGE ( 'NONE', *, *, #4060, .T. ) ;
#191 = DIRECTION ( 'NONE',  ( -1.000000000000000000, 0.000000000000000000, 0.000000000000000000 ) ) ;
#192 = CARTESIAN_POINT ( 'NONE',  ( -50.89895833381128654, 11.22971971806784630, 7.555278471875000790 ) ) ;
#193 = FACE_OUTER_BOUND ( 'NONE', #2463, .T. ) ;
#194 = CARTESIAN_POINT ( 'NONE',  ( 51.80312500047796220, -10.97295962409042147, 8.000000000000000000 ) ) ;
#195 = CARTESIAN_POINT ( 'NONE',  ( -49.92187500047795368, -11.99999999999998224, 8.889443056249998421 ) ) ;
#196 = CARTESIAN_POINT ( 'NONE',  ( 50.27916666762258302, 12.60621778264912329, 8.349999999999999645 ) ) ;
#197 = CARTESIAN_POINT ( 'NONE',  ( -50.48333333333333428, 12.60621778264912329, 8.349999999999999645 ) ) ;
#198 = ORIENTED_EDGE ( 'NONE', *, *, #1336, .T. ) ;
#199 = ORIENTED_EDGE ( 'NONE', *, *, #5161, .F. ) ;
#200 = FACE_BOUND ( 'NONE', #2309, .T. ) ;
#201 = CARTESIAN_POINT ( 'NONE',  ( 51.99999999999999289, -29.99999999999998224, -30.00000000000000000 ) ) ;
#202 = CARTESIAN_POINT ( 'NONE',  ( 51.75937500047796647, 13.02704037590958031, 8.000000000000000000 ) ) ;
#203 = CARTESIAN_POINT ( 'NONE',  ( -51.62083333428924448, 12.60621778264912329, 8.349999999999999645 ) ) ;
#204 = CARTESIAN_POINT ( 'NONE',  ( -50.36666666666666714, 11.39378221735091223, 8.349999999999999645 ) ) ;
#205 = CARTESIAN_POINT ( 'NONE',  ( 50.27916666666666856, -12.40414518843271985, 8.699999999999997513 ) ) ;
#206 = CARTESIAN_POINT ( 'NONE',  ( 51.99999999999999289, -12.00815067340503184, 8.026943859230120992 ) ) ;
#207 = CARTESIAN_POINT ( 'NONE',  ( 50.91354166714469187, -12.77028028193215370, 7.555278471875000790 ) ) ;
#208 = CARTESIAN_POINT ( 'NONE',  ( 51.99999999999999289, -27.99999999999998224, -30.00000000000000000 ) ) ;
#209 = CARTESIAN_POINT ( 'NONE',  ( 50.54276041666188490, -11.39542284234370761, 8.349052784718749010 ) ) ;
#210 = CARTESIAN_POINT ( 'NONE',  ( -50.02395833381128654, -11.22971971806781255, 8.444721528124999210 ) ) ;
#211 = CARTESIAN_POINT ( 'NONE',  ( 50.07499999999998153, -12.00000000000017408, 7.300000000000000711 ) ) ;
#212 = AXIS2_PLACEMENT_3D ( 'NONE', #3321, #5252, #4323 ) ;
#213 = DIRECTION ( 'NONE',  ( -1.387778780781446662E-15, 1.000000000000000000, 0.000000000000000000 ) ) ;
#214 = CARTESIAN_POINT ( 'NONE',  ( 49.98093251965153172, 11.26302543405899570, 8.091685958371499510 ) ) ;
#215 = CARTESIAN_POINT ( 'NONE',  ( -50.92083333333296480, 12.40414518843301650, 7.299999999999092104 ) ) ;
#216 = CARTESIAN_POINT ( 'NONE',  ( 50.12604166714463361, -12.51352018795476440, 8.889443056249998421 ) ) ;
#217 =( BOUNDED_CURVE ( )  B_SPLINE_CURVE ( 3, ( #2170, #5268, #6242, #655 ),
 .UNSPECIFIED., .F., .F. ) 
 B_SPLINE_CURVE_WITH_KNOTS ( ( 4, 4 ),
 ( 3.141592653589793116, 4.712388980384686121 ),
 .UNSPECIFIED. ) 
 CURVE ( )  GEOMETRIC_REPRESENTATION_ITEM ( )  RATIONAL_B_SPLINE_CURVE ( ( 1.000000000000000000, 0.8047378541243658256, 0.8047378541243658256, 1.000000000000000000 ) ) 
 REPRESENTATION_ITEM ( '' )  );
#218 = LINE ( 'NONE', #753, #4975 ) ;
#219 = CARTESIAN_POINT ( 'NONE',  ( -51.30729166714463929, -12.77028028193212705, 8.444721528124984999 ) ) ;
#220 = CARTESIAN_POINT ( 'NONE',  ( -51.12500000000000000, -11.99999999999998224, 8.699999999999999289 ) ) ;
#221 = CARTESIAN_POINT ( 'NONE',  ( -51.11770833381128654, -11.48647981204520363, 7.110556943750000691 ) ) ;
#222 = EDGE_CURVE ( 'NONE', #6611, #2831, #3656, .T. ) ;
#223 = ORIENTED_EDGE ( 'NONE', *, *, #2025, .T. ) ;
#224 = ADVANCED_FACE ( 'NONE', ( #3577 ), #1455, .F. ) ;
#225 = EDGE_LOOP ( 'NONE', ( #5438, #2266, #5371, #5819 ) ) ;
#226 = CARTESIAN_POINT ( 'NONE',  ( 49.78060950272231366, 11.59857864313421416, 7.304717814665191433 ) ) ;
#227 = CARTESIAN_POINT ( 'NONE',  ( -49.89967728140355518, 11.16268873297791409, 8.328620456267845640 ) ) ;
#228 = CARTESIAN_POINT ( 'NONE',  ( -50.80526041666188775, -11.59694856156246701, 8.698105569437499796 ) ) ;
#229 = CARTESIAN_POINT ( 'NONE',  ( 50.43229166714461797, -11.22971971806781255, 8.444721528125000987 ) ) ;
#230 = CARTESIAN_POINT ( 'NONE',  ( -51.62083333428924448, -11.39378221735087671, 8.349999999999999645 ) ) ;
#231 = CARTESIAN_POINT ( 'NONE',  ( 50.15520833381135901, 11.22971971806784630, 8.444721528124999210 ) ) ;
#232 = CARTESIAN_POINT ( 'NONE',  ( -50.59999999999998010, 12.00000000000025757, 7.299999999999998934 ) ) ;
#233 = ORIENTED_EDGE ( 'NONE', *, *, #4019, .F. ) ;
#234 = ORIENTED_EDGE ( 'NONE', *, *, #4171, .F. ) ;
#235 = CARTESIAN_POINT ( 'NONE',  ( -44.99999999999998579, 30.00000000000000355, -30.00000000000000000 ) ) ;
#236 = DIRECTION ( 'NONE',  ( -1.000000000000000000, 0.000000000000000000, -0.000000000000000000 ) ) ;
#237 = CARTESIAN_POINT ( 'NONE',  ( 51.70104166714462224, 12.51352018795479815, 7.110556943749999803 ) ) ;
#238 = B_SPLINE_CURVE_WITH_KNOTS ( 'NONE', 3,
 ( #1757, #3890, #2730, #5899, #2294, #1681 ),
 .UNSPECIFIED., .F., .F.,
 ( 4, 2, 4 ),
 ( 0.2149377780446367070, 0.3358912334586752757, 0.4568446888727138444 ),
 .UNSPECIFIED. ) ;
#239 = VECTOR ( 'NONE', #185, 1000.000000000000000 ) ;
#240 = CARTESIAN_POINT ( 'NONE',  ( -49.86354166714463076, 11.22971971806784808, 8.444721528124999210 ) ) ;
#241 = CARTESIAN_POINT ( 'NONE',  ( -50.04583333333333428, 11.59585481156727838, 8.700000000000001066 ) ) ;
#242 = VERTEX_POINT ( 'NONE', #534 ) ;
#243 = CARTESIAN_POINT ( 'NONE',  ( 50.39583333333323623, -12.40414518843336289, 7.300000000001115374 ) ) ;
#244 = CARTESIAN_POINT ( 'NONE',  ( 50.97916666762257876, -11.39378221735087671, 8.349999999999999645 ) ) ;
#245 = CARTESIAN_POINT ( 'NONE',  ( 50.15520833381135191, -12.77028028193215548, 8.444721528124999210 ) ) ;
#246 = AXIS2_PLACEMENT_3D ( 'NONE', #2625, #4205, #595 ) ;
#247 = LINE ( 'NONE', #5356, #1320 ) ;
#248 = VECTOR ( 'NONE', #865, 1000.000000000000000 ) ;
#249 = CARTESIAN_POINT ( 'NONE',  ( 51.03859374999522203, -12.80610287687501803, 8.000000000000000000 ) ) ;
#250 = CARTESIAN_POINT ( 'NONE',  ( -49.90729166714462650, -12.77028028193215370, 8.444721528125000987 ) ) ;
#251 = CARTESIAN_POINT ( 'NONE',  ( 50.42499999999993321, 11.99999999999907985, 7.300000000000002487 ) ) ;
#252 = CARTESIAN_POINT ( 'NONE',  ( 52.00000000000000000, 12.00000000000001776, 8.000000000000000000 ) ) ;
#253 = CARTESIAN_POINT ( 'NONE',  ( 51.62083333333333002, 12.40414518843275538, 8.700000000000001066 ) ) ;
#254 = CARTESIAN_POINT ( 'NONE',  ( -51.21249999999999858, -11.19170962313450524, 8.000000000000000000 ) ) ;
#255 = CARTESIAN_POINT ( 'NONE',  ( 49.98020833381129080, -11.22971971806781255, 7.555278471875000790 ) ) ;
#256 = CARTESIAN_POINT ( 'NONE',  ( 51.39999999999999858, -11.99528923676237646, 7.159772422600899411 ) ) ;
#257 = CARTESIAN_POINT ( 'NONE',  ( -50.84062500047796362, -11.99999999999998224, 7.110556943750030001 ) ) ;
#258 = CARTESIAN_POINT ( 'NONE',  ( 50.68749999999961631, -12.80829037686622662, 8.000000000000000000 ) ) ;
#259 = CARTESIAN_POINT ( 'NONE',  ( -51.75937500047796647, -10.97295962409042325, 8.000000000000000000 ) ) ;
#260 = ORIENTED_EDGE ( 'NONE', *, *, #2646, .F. ) ;
#261 = EDGE_LOOP ( 'NONE', ( #2812, #5398, #647, #5335, #2422, #6117, #153, #6110, #799, #6355, #4367, #152 ) ) ;
#262 =( BOUNDED_CURVE ( )  B_SPLINE_CURVE ( 2, ( #220, #2269, #3253, #1263, #2307, #4331, #5369 ),
 .UNSPECIFIED., .F., .F. ) 
 B_SPLINE_CURVE_WITH_KNOTS ( ( 3, 2, 2, 3 ),
 ( 0.01097805995819208132, 0.01171001581961540923, 0.01244197168103874061, 0.01317392754246207026 ),
 .UNSPECIFIED. ) 
 CURVE ( )  GEOMETRIC_REPRESENTATION_ITEM ( )  RATIONAL_B_SPLINE_CURVE ( ( 1.000000000000137446, 0.8660254037843013730, 1.000000000000000000, 0.8660254037844387076, 1.000000000000000000, 0.8660254037845098729, 0.9999999999999288347 ) ) 
 REPRESENTATION_ITEM ( '' )  );
#263 = CARTESIAN_POINT ( 'NONE',  ( -49.87046645221543884, 11.06103025344023827, 7.883225555890255087 ) ) ;
#264 = CARTESIAN_POINT ( 'NONE',  ( -51.03859374999522203, -12.80610287687501803, 8.000000000000000000 ) ) ;
#265 = ADVANCED_FACE ( 'NONE', ( #1553 ), #3611, .F. ) ;
#266 = PLANE ( 'NONE',  #1632 ) ;
#267 = CARTESIAN_POINT ( 'NONE',  ( -50.27187500047795510, -11.99999999999998224, 8.889443056249998421 ) ) ;
#268 = CARTESIAN_POINT ( 'NONE',  ( -49.99996648686923351, 11.83820319020480127, 7.318955366851708888 ) ) ;
#269 = CARTESIAN_POINT ( 'NONE',  ( -50.40312500047796362, 13.02704037590955011, 8.000000000000000000 ) ) ;
#270 = ORIENTED_EDGE ( 'NONE', *, *, #5770, .T. ) ;
#271 = EDGE_LOOP ( 'NONE', ( #3182, #4564, #3725, #4141 ) ) ;
#272 = CARTESIAN_POINT ( 'NONE',  ( -33.19999999999999574, 5.000000000000018652, -26.00000000000001066 ) ) ;
#273 = CARTESIAN_POINT ( 'NONE',  ( 50.33020833381129222, 12.77028028193218745, 7.555278471875000790 ) ) ;
#274 = EDGE_CURVE ( 'NONE', #410, #5695, #1515, .T. ) ;
#275 = AXIS2_PLACEMENT_3D ( 'NONE', #2651, #90, #6144 ) ;
#276 = CARTESIAN_POINT ( 'NONE',  ( -50.77500000095591304, 11.19170962313454076, 8.000000000000000000 ) ) ;
#277 = CARTESIAN_POINT ( 'NONE',  ( -51.51145833381128369, 12.51352018795479815, 7.110556943749999803 ) ) ;
#278 = VERTEX_POINT ( 'NONE', #3106 ) ;
#279 = CIRCLE ( 'NONE', #1992, 1.000000000000000000 ) ;
#280 = DIRECTION ( 'NONE',  ( 1.000000000000000000, -0.000000000000000000, -0.000000000000000000 ) ) ;
#281 = CARTESIAN_POINT ( 'NONE',  ( 50.38854166714468619, -11.22971971806781255, 8.444721528125000987 ) ) ;
#282 = DIRECTION ( 'NONE',  ( 1.000000000000000000, 1.334402673828313339E-16, 0.000000000000000000 ) ) ;
#283 = CARTESIAN_POINT ( 'NONE',  ( 50.19276041666188348, -11.39542284234370761, 8.349052784718749010 ) ) ;
#284 = CARTESIAN_POINT ( 'NONE',  ( -50.60729166714462224, -12.77028028193215370, 8.444721528125000987 ) ) ;
#285 = CARTESIAN_POINT ( 'NONE',  ( -34.99999999999999289, 20.00000000000001776, -10.80148828668984073 ) ) ;
#286 = CARTESIAN_POINT ( 'NONE',  ( 50.49062500047796931, -11.99999999999998224, 8.889443056249969999 ) ) ;
#287 = CARTESIAN_POINT ( 'NONE',  ( 51.67916666666666714, 11.59585481156727838, 8.700000000000001066 ) ) ;
#288 = CARTESIAN_POINT ( 'NONE',  ( -51.15416666666670409, -11.59585481156700482, 8.699999999999588951 ) ) ;
#289 = CARTESIAN_POINT ( 'NONE',  ( 50.27187500047795510, -11.99999999999998224, 7.110556943750000691 ) ) ;
#290 = VERTEX_POINT ( 'NONE', #2089 ) ;
#291 = PLANE ( 'NONE',  #873 ) ;
#292 = CARTESIAN_POINT ( 'NONE',  ( -50.07499999999998863, -12.00000000000018474, 8.700000000000002842 ) ) ;
#293 = CARTESIAN_POINT ( 'NONE',  ( 51.30729166714464640, 11.22971971806787295, 7.555278471875015889 ) ) ;
#294 = CARTESIAN_POINT ( 'NONE',  ( -51.64270833381129222, -12.51352018795476262, 8.889443056249998421 ) ) ;
#295 = EDGE_LOOP ( 'NONE', ( #1267, #4382, #6354, #5606 ) ) ;
#296 = ORIENTED_EDGE ( 'NONE', *, *, #427, .F. ) ;
#297 = CARTESIAN_POINT ( 'NONE',  ( -51.55520833381128654, 11.22971971806784808, 7.555278471875000790 ) ) ;
#298 = CARTESIAN_POINT ( 'NONE',  ( -51.00833333333332575, -12.60621778264908954, 7.650000000000001243 ) ) ;
#299 = CARTESIAN_POINT ( 'NONE',  ( 49.99999999999999289, 12.51172035390609594, 7.272503450379606882 ) ) ;
#300 = CARTESIAN_POINT ( 'NONE',  ( -50.44687500047795936, -11.99999999999998224, 7.110556943750001579 ) ) ;
#301 = CARTESIAN_POINT ( 'NONE',  ( -51.00000000000000000, 23.00000000000001421, -10.70957758389122993 ) ) ;
#302 = CARTESIAN_POINT ( 'NONE',  ( -50.05312500047797641, 13.02704037590955011, 8.000000000000000000 ) ) ;
#303 = ORIENTED_EDGE ( 'NONE', *, *, #5815, .F. ) ;
#304 = ORIENTED_EDGE ( 'NONE', *, *, #3364, .F. ) ;
#305 = CARTESIAN_POINT ( 'NONE',  ( -49.99999999999997158, 11.31685957673765230, 8.152981239696568849 ) ) ;
#306 = CARTESIAN_POINT ( 'NONE',  ( -50.79687500047803184, 12.00000000000001776, 7.110556943750001579 ) ) ;
#307 = CARTESIAN_POINT ( 'NONE',  ( 51.35833333428924874, 12.40414518843275538, 8.700000000000001066 ) ) ;
#308 = CARTESIAN_POINT ( 'NONE',  ( -51.59166666762259013, 12.40414518843275538, 8.700000000000001066 ) ) ;
#309 = CARTESIAN_POINT ( 'NONE',  ( -51.27812500047794941, 10.97295962409045522, 8.000000000000000000 ) ) ;
#310 = ORIENTED_EDGE ( 'NONE', *, *, #6307, .T. ) ;
#311 = VECTOR ( 'NONE', #2505, 1000.000000000000000 ) ;
#312 = EDGE_CURVE ( 'NONE', #4168, #5471, #5065, .T. ) ;
#313 = ADVANCED_FACE ( 'NONE', ( #3517 ), #6193, .F. ) ;
#314 = EDGE_CURVE ( 'NONE', #3755, #4895, #5690, .T. ) ;
#315 = CARTESIAN_POINT ( 'NONE',  ( 51.77395833381128654, 12.77028028193218745, 7.555278471875000790 ) ) ;
#316 = CARTESIAN_POINT ( 'NONE',  ( 51.24166666762258160, -11.59585481156724462, 7.300000000000000711 ) ) ;
#317 = CARTESIAN_POINT ( 'NONE',  ( -19.54999999999999361, 33.00000000000000000, -0.9217859440278045602 ) ) ;
#318 = CARTESIAN_POINT ( 'NONE',  ( -49.89967620678766735, -12.83732072708412808, 8.328604070959737982 ) ) ;
#319 = DIRECTION ( 'NONE',  ( -1.000000000000000000, 0.000000000000000000, 0.000000000000000000 ) ) ;
#320 = EDGE_LOOP ( 'NONE', ( #2676, #2077, #6502, #4778 ) ) ;
#321 = CARTESIAN_POINT ( 'NONE',  ( 51.33645833381130075, -12.51352018795474486, 7.110556943750029113 ) ) ;
#322 = CARTESIAN_POINT ( 'NONE',  ( 50.60000000000000142, 12.00000000000001776, 8.699999999999999289 ) ) ;
#323 = CARTESIAN_POINT ( 'NONE',  ( 52.00000000000000000, -11.99999999999998224, 8.000000000000000000 ) ) ;
#324 = CARTESIAN_POINT ( 'NONE',  ( 50.59270833381129506, -12.51352018795476262, 7.110556943749999803 ) ) ;
#325 = CARTESIAN_POINT ( 'NONE',  ( -52.00000000000000000, 29.31595971334867912, -5.282400702455988473 ) ) ;
#326 = CARTESIAN_POINT ( 'NONE',  ( -50.49062500047796931, -11.99999999999998224, 7.110556943750030001 ) ) ;
#327 = CARTESIAN_POINT ( 'NONE',  ( 51.36562500047796931, 12.00000000000001776, 7.110556943750031778 ) ) ;
#328 = CARTESIAN_POINT ( 'NONE',  ( -50.21354166714462508, -12.77028028193215370, 8.444721528124999210 ) ) ;
#329 = ORIENTED_EDGE ( 'NONE', *, *, #1947, .T. ) ;
#330 = CARTESIAN_POINT ( 'NONE',  ( -50.30104166714462366, 12.51352018795479815, 8.889443056249998421 ) ) ;
#331 = CARTESIAN_POINT ( 'NONE',  ( -51.82499999999999574, -11.99999999999998224, 8.699999999999999289 ) ) ;
#332 = CARTESIAN_POINT ( 'NONE',  ( 49.89967620678767446, -12.83732072708410676, 7.671395929040218498 ) ) ;
#333 = CARTESIAN_POINT ( 'NONE',  ( -50.62916666762257734, -11.39378221735087671, 7.650000000000000355 ) ) ;
#334 = LINE ( 'NONE', #3463, #981 ) ;
#335 = CARTESIAN_POINT ( 'NONE',  ( -50.08229166714463787, 12.77028028193216613, 7.555278471875014112 ) ) ;
#336 = ORIENTED_EDGE ( 'NONE', *, *, #889, .F. ) ;
#337 = ORIENTED_EDGE ( 'NONE', *, *, #4830, .F. ) ;
#338 = CARTESIAN_POINT ( 'NONE',  ( -4.449999999999995737, 28.00000000000001066, -30.00000000000000000 ) ) ;
#339 = CARTESIAN_POINT ( 'NONE',  ( -50.24999999999999289, 12.00000000000001776, 7.300000000000000711 ) ) ;
#340 = CARTESIAN_POINT ( 'NONE',  ( 51.50416666762257734, 11.39378221735091223, 7.650000000000000355 ) ) ;
#341 = CARTESIAN_POINT ( 'NONE',  ( -50.83333333428924306, 11.59585481156727838, 8.700000000000001066 ) ) ;
#342 = CARTESIAN_POINT ( 'NONE',  ( -50.28645833381128938, 11.48647981204523738, 8.889443056249998421 ) ) ;
#343 = ORIENTED_EDGE ( 'NONE', *, *, #5191, .T. ) ;
#344 = CARTESIAN_POINT ( 'NONE',  ( 49.89967728140355518, 11.16268873297794073, 7.671379543732107287 ) ) ;
#345 = LINE ( 'NONE', #4994, #3276 ) ;
#346 = CARTESIAN_POINT ( 'NONE',  ( 51.39999999999999147, -12.00815067340503184, 8.026943859230120992 ) ) ;
#347 = EDGE_CURVE ( 'NONE', #1095, #3266, #1994, .T. ) ;
#348 = CARTESIAN_POINT ( 'NONE',  ( -51.44692708332855346, 11.59694856156249898, 8.698105569437499796 ) ) ;
#349 = EDGE_CURVE ( 'NONE', #3245, #3035, #976, .T. ) ;
#350 = CARTESIAN_POINT ( 'NONE',  ( -50.77499999999898961, 11.99999999998594369, 8.699999999999999289 ) ) ;
#351 = EDGE_CURVE ( 'NONE', #290, #1088, #5325, .T. ) ;
#352 = VECTOR ( 'NONE', #831, 1000.000000000000000 ) ;
#353 = VECTOR ( 'NONE', #429, 1000.000000000000000 ) ;
#354 = CARTESIAN_POINT ( 'NONE',  ( 51.73020833381129080, -11.22971971806781255, 7.555278471875000790 ) ) ;
#355 = CARTESIAN_POINT ( 'NONE',  ( -20.54999999999999716, 30.00000000000000711, -30.00000000000000000 ) ) ;
#356 = CARTESIAN_POINT ( 'NONE',  ( 50.92812500047795510, 10.97295962409045522, 8.000000000000000000 ) ) ;
#357 = CARTESIAN_POINT ( 'NONE',  ( -52.00000000000000000, 13.00000000000001776, -11.22092438160143502 ) ) ;
#358 = CARTESIAN_POINT ( 'NONE',  ( 50.74583333428924448, -12.60621778264908954, 8.349999999999999645 ) ) ;
#359 = PLANE ( 'NONE',  #2929 ) ;
#360 = EDGE_CURVE ( 'NONE', #1857, #2760, #3018, .T. ) ;
#361 = CARTESIAN_POINT ( 'NONE',  ( -20.54999999999999361, 33.00000000000000000, 0.2782140559721967832 ) ) ;
#362 =( BOUNDED_CURVE ( )  B_SPLINE_CURVE ( 2, ( #148, #186, #4329, #4837, #219, #2344, #2853, #5915, #2746, #5400, #2268, #2195, #6377, #1770, #6416, #4258, #3361, #1262, #2818, #4873, #257, #786, #4909, #4405, #3903, #5947, #6304, #1695, #5803, #1182, #3251, #5293, #326, #6485, #3935, #2379, #1330, #4439, #2885, #1876, #3391, #5435, #821, #4942, #4274, #2250, #5747, #3663, #6356, #2655, #1640 ),
 .UNSPECIFIED., .F., .F. ) 
 B_SPLINE_CURVE_WITH_KNOTS ( ( 3, 2, 2, 2, 2, 2, 2, 2, 2, 2, 2, 2, 2, 2, 2, 2, 2, 2, 2, 2, 2, 2, 2, 2, 2, 3 ),
 ( 0.2454529152640182454, 0.2624688086931886155, 0.2916320096590959698, 0.3207952106250032687, 0.3499584115909105675, 0.3791216125568179218, 0.4082848135227252762, 0.4374480144886326305, 0.4666112154545399293, 0.4957744164204472836, 0.5249376173863545825, 0.5541008183522619923, 0.5832640193181692911, 0.6124272202840765900, 0.6415904212499839998, 0.6707536222158911876, 0.6999168231817985975, 0.7290800241477060073, 0.7582432251136133061, 0.7874064260795207160, 0.8165696270454280148, 0.8457328280113353136, 0.8748960289772427235, 0.9040592299431500223, 0.9332224309090572101, 0.9453697385311218282 ),
 .UNSPECIFIED. ) 
 CURVE ( )  GEOMETRIC_REPRESENTATION_ITEM ( )  RATIONAL_B_SPLINE_CURVE ( ( 0.9348796306800165601, 0.9218296560077492430, 1.000000000000000000, 0.8660254037844387076, 1.000000000000000000, 0.8660254037844387076, 1.000000000000000000, 0.8660254037844387076, 1.000000000000000000, 0.8660254037844387076, 1.000000000000000000, 0.8660254037844387076, 1.000000000000000000, 0.8660254037844387076, 1.000000000000000000, 0.8660254037844387076, 1.000000000000000000, 0.8660254037844387076, 1.000000000000000000, 0.8660254037844387076, 1.000000000000000000, 0.8660254037844387076, 1.000000000000000000, 0.8660254037844387076, 1.000000000000000000, 0.8660254037844387076, 1.000000000000000000, 0.8660254037844387076, 1.000000000000000000, 0.8660254037844387076, 1.000000000000000000, 0.8660254037844387076, 1.000000000000000000, 0.8660254037844387076, 1.000000000000000000, 0.8660254037844387076, 1.000000000000000000, 0.8660254037844387076, 1.000000000000000000, 0.8660254037844387076, 1.000000000000000000, 0.8660254037844387076, 1.000000000000000000, 0.8660254037844387076, 1.000000000000000000, 0.8660254037844387076, 1.000000000000000000, 0.8660254037844387076, 1.000000000000000000, 0.9441957473846982474, 0.9348796305491362535 ) ) 
 REPRESENTATION_ITEM ( '' )  );
#363 = ORIENTED_EDGE ( 'NONE', *, *, #3896, .F. ) ;
#364 = CARTESIAN_POINT ( 'NONE',  ( -49.92187500047795368, 12.00000000000001776, 8.889443056249998421 ) ) ;
#365 = CARTESIAN_POINT ( 'NONE',  ( 50.51323675392275447, 12.00004806514223077, 7.300000003990494868 ) ) ;
#366 = CARTESIAN_POINT ( 'NONE',  ( -14.64999999999999680, 28.00000000000001066, -0.9217859440278045602 ) ) ;
#367 = PLANE ( 'NONE',  #2705 ) ;
#368 = CARTESIAN_POINT ( 'NONE',  ( -51.59895833381128227, -12.77028028193215548, 7.555278471875000790 ) ) ;
#369 = ORIENTED_EDGE ( 'NONE', *, *, #134, .F. ) ;
#370 = VERTEX_POINT ( 'NONE', #1485 ) ;
#371 = LINE ( 'NONE', #1312, #1882 ) ;
#372 = CARTESIAN_POINT ( 'NONE',  ( -50.97187500047803610, 12.00000000000001776, 8.889443056249998421 ) ) ;
#373 = CARTESIAN_POINT ( 'NONE',  ( 49.95104166714462224, 12.51352018795479815, 7.110556943749999803 ) ) ;
#374 = VECTOR ( 'NONE', #5672, 1000.000000000000000 ) ;
#375 = DIRECTION ( 'NONE',  ( -1.000000000000000000, -1.334402673828313339E-16, 0.000000000000000000 ) ) ;
#376 = CARTESIAN_POINT ( 'NONE',  ( -50.34479166714461229, 12.51352018795479815, 8.889443056249998421 ) ) ;
#377 = ORIENTED_EDGE ( 'NONE', *, *, #3862, .T. ) ;
#378 = VECTOR ( 'NONE', #6660, 1000.000000000000000 ) ;
#379 = CARTESIAN_POINT ( 'NONE',  ( 49.96562500047794941, 12.00000000000001776, 7.110556943750000691 ) ) ;
#380 = CARTESIAN_POINT ( 'NONE',  ( 49.99999999999998579, 11.31685957671732545, 7.847018760394029790 ) ) ;
#381 = CARTESIAN_POINT ( 'NONE',  ( -51.00833333428924732, 12.40414518843275182, 7.299999999999995381 ) ) ;
#382 = FACE_OUTER_BOUND ( 'NONE', #6557, .T. ) ;
#383 = CARTESIAN_POINT ( 'NONE',  ( 50.68750132532770181, 11.99998165185912846, 8.699999999759532088 ) ) ;
#384 = VECTOR ( 'NONE', #662, 1000.000000000000000 ) ;
#385 = CARTESIAN_POINT ( 'NONE',  ( 51.78854166714462792, -11.22971971806781255, 8.444721528125000987 ) ) ;
#386 = CARTESIAN_POINT ( 'NONE',  ( 50.92812500047796931, -13.02704037590951280, 8.000000000000000000 ) ) ;
#387 = CARTESIAN_POINT ( 'NONE',  ( 50.13333333333332575, 12.60621778264912329, 7.650000000000000355 ) ) ;
#388 = CARTESIAN_POINT ( 'NONE',  ( 49.99999999999998579, 12.88455959596369027, 7.991149988462982634 ) ) ;
#389 = VECTOR ( 'NONE', #5187, 1000.000000000000000 ) ;
#390 = CARTESIAN_POINT ( 'NONE',  ( 50.10416666762257876, -12.60621778264908954, 7.650000000000000355 ) ) ;
#391 = CARTESIAN_POINT ( 'NONE',  ( 50.04583333428924874, 11.39378221735091223, 8.349999999999999645 ) ) ;
#392 = CARTESIAN_POINT ( 'NONE',  ( 51.99999999999999289, 28.00000000000001776, 1.278214055972198837 ) ) ;
#393 = ADVANCED_FACE ( 'NONE', ( #1682, #2769, #4212 ), #2694, .F. ) ;
#394 = EDGE_CURVE ( 'NONE', #6136, #5261, #1417, .T. ) ;
#395 = ORIENTED_EDGE ( 'NONE', *, *, #960, .F. ) ;
#396 = CARTESIAN_POINT ( 'NONE',  ( -50.44687500047795936, 12.00000000000001776, 7.110556943750001579 ) ) ;
#397 = CARTESIAN_POINT ( 'NONE',  ( -51.24166666762258160, -11.59585481156724462, 8.700000000000001066 ) ) ;
#398 = DIRECTION ( 'NONE',  ( 1.000000000000000000, 0.000000000000000000, 0.000000000000000000 ) ) ;
#399 = CARTESIAN_POINT ( 'NONE',  ( -50.24999999999999289, 12.00000000000001776, 7.300000000000000711 ) ) ;
#400 = VERTEX_POINT ( 'NONE', #2256 ) ;
#401 =( BOUNDED_CURVE ( )  B_SPLINE_CURVE ( 2, ( #4118, #39, #5222, #2666, #5249, #1588, #6159 ),
 .UNSPECIFIED., .F., .F. ) 
 B_SPLINE_CURVE_WITH_KNOTS ( ( 3, 2, 2, 3 ),
 ( 0.4374491578617093479, 0.4666114182323590209, 0.4957746318718815326, 0.5249370810981169866 ),
 .UNSPECIFIED. ) 
 CURVE ( )  GEOMETRIC_REPRESENTATION_ITEM ( )  RATIONAL_B_SPLINE_CURVE ( ( 0.9999912417308148838, 0.8660297830621783710, 1.000000000000000000, 0.8660254037844387076, 1.000000000000000000, 0.8660289154674354339, 0.9999929768180999545 ) ) 
 REPRESENTATION_ITEM ( '' )  );
#402 = ORIENTED_EDGE ( 'NONE', *, *, #2066, .T. ) ;
#403 = CARTESIAN_POINT ( 'NONE',  ( -51.39999999999999147, 11.51654946050520500, 8.651255813365764880 ) ) ;
#404 = CARTESIAN_POINT ( 'NONE',  ( -50.44687500047803042, 12.00000000000001776, 7.110556943750001579 ) ) ;
#405 = CARTESIAN_POINT ( 'NONE',  ( 51.41666666762257876, 11.59585481156727838, 8.700000000000001066 ) ) ;
#406 = B_SPLINE_CURVE_WITH_KNOTS ( 'NONE', 3,
 ( #2983, #787, #1366, #425 ),
 .UNSPECIFIED., .F., .F.,
 ( 4, 4 ),
 ( 0.000000000000000000, 0.0007113056166314112635 ),
 .UNSPECIFIED. ) ;
#407 = CARTESIAN_POINT ( 'NONE',  ( 51.09583333333333144, -12.40414518843271985, 7.300000000000000711 ) ) ;
#408 = DIRECTION ( 'NONE',  ( -1.000000000000000000, 0.000000000000000000, 0.000000000000000000 ) ) ;
#409 = CARTESIAN_POINT ( 'NONE',  ( -50.95000000000003126, 11.99999999999956479, 7.299999999999998934 ) ) ;
#410 = VERTEX_POINT ( 'NONE', #6290 ) ;
#411 = VECTOR ( 'NONE', #6475, 1000.000000000000000 ) ;
#412 = CARTESIAN_POINT ( 'NONE',  ( 50.60729166714462224, 11.22971971806784808, 7.555278471875000790 ) ) ;
#413 = DIRECTION ( 'NONE',  ( 1.000000000000000000, 0.000000000000000000, 0.000000000000000000 ) ) ;
#414 = CARTESIAN_POINT ( 'NONE',  ( -51.29999999999997584, 12.00000000000024869, 7.300000000000002487 ) ) ;
#415 = VECTOR ( 'NONE', #601, 1000.000000000000000 ) ;
#416 = CARTESIAN_POINT ( 'NONE',  ( -50.86359374999521776, 12.80610287687505355, 8.000000000000000000 ) ) ;
#417 = LINE ( 'NONE', #6476, #4301 ) ;
#418 = ORIENTED_EDGE ( 'NONE', *, *, #4540, .T. ) ;
#419 = B_SPLINE_CURVE_WITH_KNOTS ( 'NONE', 3,
 ( #6363, #6254, #5282, #2732 ),
 .UNSPECIFIED., .F., .F.,
 ( 4, 4 ),
 ( 0.000000000000000000, 0.0007113056166373002160 ),
 .UNSPECIFIED. ) ;
#420 = CARTESIAN_POINT ( 'NONE',  ( 50.53437500047795794, -13.02704037590954478, 8.000000000000000000 ) ) ;
#421 = CARTESIAN_POINT ( 'NONE',  ( 50.60729166714464355, -12.77028028193212883, 7.555278471875014112 ) ) ;
#422 = CARTESIAN_POINT ( 'NONE',  ( 50.04583333333333428, 11.59585481156727838, 7.300000000000000711 ) ) ;
#423 = LINE ( 'NONE', #4623, #2663 ) ;
#424 = CARTESIAN_POINT ( 'NONE',  ( 51.64727616920563946, -11.19715728663506837, 8.000000000000000000 ) ) ;
#425 = CARTESIAN_POINT ( 'NONE',  ( 49.99999999999999289, -11.48827964609393781, 7.272503450379583789 ) ) ;
#426 = ORIENTED_EDGE ( 'NONE', *, *, #4562, .F. ) ;
#427 = EDGE_CURVE ( 'NONE', #2484, #5240, #6223, .T. ) ;
#428 = LINE ( 'NONE', #6489, #4687 ) ;
#429 = DIRECTION ( 'NONE',  ( 1.000000000000000000, 1.334402673828313339E-16, 0.000000000000000000 ) ) ;
#430 = CARTESIAN_POINT ( 'NONE',  ( -51.06666666762258444, -12.40414518843271985, 7.300000000000000711 ) ) ;
#431 = LINE ( 'NONE', #2481, #352 ) ;
#432 = CARTESIAN_POINT ( 'NONE',  ( -51.83229166714461655, -11.22971971806781255, 7.555278471875000790 ) ) ;
#433 = EDGE_CURVE ( 'NONE', #1565, #2580, #704, .T. ) ;
#434 = ORIENTED_EDGE ( 'NONE', *, *, #3438, .F. ) ;
#435 = EDGE_CURVE ( 'NONE', #467, #4479, #585, .T. ) ;
#436 = ORIENTED_EDGE ( 'NONE', *, *, #1513, .F. ) ;
#437 = CARTESIAN_POINT ( 'NONE',  ( 50.80526041666188775, 12.40305143843753477, 7.301894430562501093 ) ) ;
#438 = CARTESIAN_POINT ( 'NONE',  ( -50.47604166714469187, 11.48647981204523738, 7.110556943750002468 ) ) ;
#439 = CARTESIAN_POINT ( 'NONE',  ( 50.80416666762258160, 11.39378221735091223, 7.650000000000000355 ) ) ;
#440 = CARTESIAN_POINT ( 'NONE',  ( 51.70833333333332860, -12.60621778264908954, 8.349999999999999645 ) ) ;
#441 = CARTESIAN_POINT ( 'NONE',  ( -51.39999999999999147, 12.00000000000001776, 8.000000000000000000 ) ) ;
#442 =( BOUNDED_CURVE ( )  B_SPLINE_CURVE ( 2, ( #4983, #1434, #2926, #3976, #5445, #6017, #2959, #4535, #6555 ),
 .UNSPECIFIED., .F., .F. ) 
 B_SPLINE_CURVE_WITH_KNOTS ( ( 3, 2, 2, 2, 3 ),
 ( 0.3499590681727234864, 0.3791217773137952607, 0.4082849909533179944, 0.4374482045928406726, 0.4374491578617133447 ),
 .UNSPECIFIED. ) 
 CURVE ( )  GEOMETRIC_REPRESENTATION_ITEM ( )  RATIONAL_B_SPLINE_CURVE ( ( 0.9999953647901880238, 0.8660277214294379577, 1.000000000000000000, 0.8660254037844387076, 1.000000000000000000, 0.8660254037844387076, 1.000000000000000000, 0.9999956207222606697, 0.9999912417308154389 ) ) 
 REPRESENTATION_ITEM ( '' )  );
#443 = ORIENTED_EDGE ( 'NONE', *, *, #1109, .T. ) ;
#444 = CARTESIAN_POINT ( 'NONE',  ( 50.92812500047795510, -13.02704037590954478, 8.000000000000000000 ) ) ;
#445 = CARTESIAN_POINT ( 'NONE',  ( 50.46145833381128654, 12.51352018795479815, 8.889443056249998421 ) ) ;
#446 = CARTESIAN_POINT ( 'NONE',  ( 51.21250000095592014, -11.99999999999998224, 7.300000000000000711 ) ) ;
#447 = CARTESIAN_POINT ( 'NONE',  ( 4.750000000000004441, 33.00000000000000000, -0.5999999999999989786 ) ) ;
#448 = CARTESIAN_POINT ( 'NONE',  ( -51.82609374999521634, 12.00000000000001776, 8.698105569437499796 ) ) ;
#449 = CARTESIAN_POINT ( 'NONE',  ( 51.64270833381129222, -12.51352018795476262, 7.110556943749999803 ) ) ;
#450 = CARTESIAN_POINT ( 'NONE',  ( 50.22812500047797357, -13.02704037590951280, 8.000000000000000000 ) ) ;
#451 = CARTESIAN_POINT ( 'NONE',  ( 50.07499999999999574, 12.00000000000001776, 7.300000000000000711 ) ) ;
#452 = CARTESIAN_POINT ( 'NONE',  ( -50.30833333428925158, 12.40414518843275182, 7.299999999999990941 ) ) ;
#453 = CARTESIAN_POINT ( 'NONE',  ( 49.74655161468421483, -12.65897641701539023, 7.741380635260383336 ) ) ;
#454 = CARTESIAN_POINT ( 'NONE',  ( -50.13442708332854636, -11.39542284234370761, 8.349052784718749010 ) ) ;
#455 = CARTESIAN_POINT ( 'NONE',  ( 50.95729166714463787, 11.22971971806787295, 7.555278471875015889 ) ) ;
#456 = ORIENTED_EDGE ( 'NONE', *, *, #2984, .F. ) ;
#457 = CARTESIAN_POINT ( 'NONE',  ( -50.18437500047796362, 10.97295962409045877, 8.000000000000000000 ) ) ;
#458 = CARTESIAN_POINT ( 'NONE',  ( -50.39583333428925016, -12.60621778264908954, 7.650000000000001243 ) ) ;
#459 = CARTESIAN_POINT ( 'NONE',  ( -4.449999999999995737, 30.00000000000001066, -0.5999999999999992006 ) ) ;
#460 = DIRECTION ( 'NONE',  ( 0.000000000000000000, -1.000000000000000000, 0.000000000000000000 ) ) ;
#461 = ORIENTED_EDGE ( 'NONE', *, *, #178, .F. ) ;
#462 = ORIENTED_EDGE ( 'NONE', *, *, #3596, .F. ) ;
#463 = CARTESIAN_POINT ( 'NONE',  ( 50.04583333428924874, 11.39378221735091223, 8.349999999999999645 ) ) ;
#464 = CARTESIAN_POINT ( 'NONE',  ( 50.71666666666666856, -12.60621778264908954, 7.650000000000000355 ) ) ;
#465 = DIRECTION ( 'NONE',  ( -0.000000000000000000, -0.000000000000000000, -1.000000000000000000 ) ) ;
#466 = DIRECTION ( 'NONE',  ( 2.478176394252582004E-17, -1.000000000000000000, 0.000000000000000000 ) ) ;
#467 = VERTEX_POINT ( 'NONE', #4753 ) ;
#468 = CARTESIAN_POINT ( 'NONE',  ( 50.81145833381128796, -11.48647981204520363, 8.889443056249998421 ) ) ;
#469 = EDGE_CURVE ( 'NONE', #4104, #5202, #419, .T. ) ;
#470 = CARTESIAN_POINT ( 'NONE',  ( 50.75312500047795794, 13.02704037590958031, 8.000000000000000000 ) ) ;
#471 = DIRECTION ( 'NONE',  ( -1.000000000000000000, 0.000000000000000000, 0.000000000000000000 ) ) ;
#472 =( BOUNDED_CURVE ( )  B_SPLINE_CURVE ( 2, ( #5536, #3424, #1938 ),
 .UNSPECIFIED., .F., .F. ) 
 B_SPLINE_CURVE_WITH_KNOTS ( ( 3, 3 ),
 ( 0.1603402626009536314, 0.1666666666666681285 ),
 .UNSPECIFIED. ) 
 CURVE ( )  GEOMETRIC_REPRESENTATION_ITEM ( )  RATIONAL_B_SPLINE_CURVE ( ( 0.9528730330682770866, 0.9694872125127899087, 1.000000000000007105 ) ) 
 REPRESENTATION_ITEM ( '' )  );
#473 = CARTESIAN_POINT ( 'NONE',  ( -51.39999999999999147, -11.99999999999998224, 9.499999999999998224 ) ) ;
#474 = CARTESIAN_POINT ( 'NONE',  ( -51.68026041666188775, 11.59694856156249898, 7.301894430562501093 ) ) ;
#475 = CARTESIAN_POINT ( 'NONE',  ( -51.99999999999999289, -11.99999999999998224, 8.000000000000000000 ) ) ;
#476 = CARTESIAN_POINT ( 'NONE',  ( 50.15520833381128796, -12.77028028193215548, 8.444721528124999210 ) ) ;
#477 = CARTESIAN_POINT ( 'NONE',  ( 44.99999999999999289, 28.00000000000001776, -5.761370867608389901 ) ) ;
#478 = CARTESIAN_POINT ( 'NONE',  ( 50.49062500047795510, 12.00000000000001776, 8.889443056250000197 ) ) ;
#479 = CARTESIAN_POINT ( 'NONE',  ( -50.25000000095591446, 12.80829037686549299, 8.000000000000000000 ) ) ;
#480 = CARTESIAN_POINT ( 'NONE',  ( 51.50144283587229665, -12.60213203502367030, 7.652358907491377593 ) ) ;
#481 = CARTESIAN_POINT ( 'NONE',  ( -51.12500000000000000, -11.99999999999998224, 8.699999999999999289 ) ) ;
#482 = ORIENTED_EDGE ( 'NONE', *, *, #6260, .T. ) ;
#483 = CARTESIAN_POINT ( 'NONE',  ( -50.07499999999998863, 11.99999999999982236, 8.700000000000002842 ) ) ;
#484 = CARTESIAN_POINT ( 'NONE',  ( -51.39999999999998437, 12.70588719714689674, 8.590919784009836135 ) ) ;
#485 = CARTESIAN_POINT ( 'NONE',  ( -50.70937500047801194, -10.97295962409042325, 8.000000000000000000 ) ) ;
#486 = CARTESIAN_POINT ( 'NONE',  ( -44.99999999999998579, -27.99999999999999645, -26.14370398651577077 ) ) ;
#487 = ORIENTED_EDGE ( 'NONE', *, *, #1741, .F. ) ;
#488 = VECTOR ( 'NONE', #5976, 1000.000000000000000 ) ;
#489 = ORIENTED_EDGE ( 'NONE', *, *, #1530, .F. ) ;
#490 = DIRECTION ( 'NONE',  ( 1.000000000000000000, 0.000000000000000000, 0.000000000000000000 ) ) ;
#491 = CARTESIAN_POINT ( 'NONE',  ( 50.42500000095591162, 11.19170962313454076, 8.000000000000000000 ) ) ;
#492 = CARTESIAN_POINT ( 'NONE',  ( 50.69479166714464924, 12.51352018795477861, 7.110556943750031778 ) ) ;
#493 = CARTESIAN_POINT ( 'NONE',  ( 51.59166666666666856, -11.39378221735087671, 8.349999999999999645 ) ) ;
#494 = CARTESIAN_POINT ( 'NONE',  ( -50.13333333428924732, 11.59585481156727838, 8.700000000000001066 ) ) ;
#495 = CARTESIAN_POINT ( 'NONE',  ( 51.32187500047803042, 12.00000000000001776, 7.110556943750000691 ) ) ;
#496 = ORIENTED_EDGE ( 'NONE', *, *, #2224, .F. ) ;
#497 = CARTESIAN_POINT ( 'NONE',  ( 50.72395833381128227, -11.22971971806781255, 7.555278471875000790 ) ) ;
#498 = CARTESIAN_POINT ( 'NONE',  ( 49.82671645221543599, 11.06103025344022761, 8.116774444109633890 ) ) ;
#499 = DIRECTION ( 'NONE',  ( 0.000000000000000000, -1.000000000000000000, 0.000000000000000000 ) ) ;
#500 = CYLINDRICAL_SURFACE ( 'NONE', #17, 5.999999999999998224 ) ;
#501 = CARTESIAN_POINT ( 'NONE',  ( -51.39999999999999147, 11.83779489577617916, 7.319052495295172100 ) ) ;
#502 = CARTESIAN_POINT ( 'NONE',  ( -51.97083333333333854, 12.40414518843275538, 7.300000000000000711 ) ) ;
#503 = EDGE_CURVE ( 'NONE', #2785, #4297, #1900, .T. ) ;
#504 = CARTESIAN_POINT ( 'NONE',  ( 50.10416666666641561, 12.40414518843102698, 7.299999999997015543 ) ) ;
#505 = EDGE_CURVE ( 'NONE', #2310, #4335, #3818, .T. ) ;
#506 = CARTESIAN_POINT ( 'NONE',  ( -50.30833333428925158, -11.59585481156725173, 7.299999999999990941 ) ) ;
#507 = CARTESIAN_POINT ( 'NONE',  ( 50.19895833381129790, -12.77028028193213061, 8.444721528124984999 ) ) ;
#508 = CARTESIAN_POINT ( 'NONE',  ( 49.99479166714461797, 12.51352018795479815, 7.110556943749999803 ) ) ;
#509 = CARTESIAN_POINT ( 'NONE',  ( -50.71666666666628487, -12.60621778264966686, 8.350000000000333600 ) ) ;
#510 = CARTESIAN_POINT ( 'NONE',  ( 50.48060950253897516, -12.40142135668244094, 7.304717814982755186 ) ) ;
#511 = CARTESIAN_POINT ( 'NONE',  ( -50.80416666666666714, -11.59585481156724462, 8.700000000000001066 ) ) ;
#512 = VERTEX_POINT ( 'NONE', #1249 ) ;
#513 = FACE_OUTER_BOUND ( 'NONE', #6116, .T. ) ;
#514 = DIRECTION ( 'NONE',  ( 1.000000000000000000, 1.334402673828313339E-16, -0.000000000000000000 ) ) ;
#515 = CARTESIAN_POINT ( 'NONE',  ( -51.26354166714467908, -12.77028028193215370, 8.444721528124999210 ) ) ;
#516 = CARTESIAN_POINT ( 'NONE',  ( -50.81145833381128796, -11.48647981204520363, 7.110556943749999803 ) ) ;
#517 = ORIENTED_EDGE ( 'NONE', *, *, #3433, .F. ) ;
#518 = ORIENTED_EDGE ( 'NONE', *, *, #2225, .T. ) ;
#519 = DIRECTION ( 'NONE',  ( 0.000000000000000000, 0.000000000000000000, 1.000000000000000000 ) ) ;
#520 = CARTESIAN_POINT ( 'NONE',  ( 51.18060950272231935, 11.59857864313421416, 7.304717814665191433 ) ) ;
#521 = CARTESIAN_POINT ( 'NONE',  ( 50.08229166714463787, 12.77028028193216080, 8.444721528124984999 ) ) ;
#522 = CARTESIAN_POINT ( 'NONE',  ( 50.45416666666665861, -11.59585481156724462, 7.300000000000000711 ) ) ;
#523 = CARTESIAN_POINT ( 'NONE',  ( 51.35104166714468477, 12.51352018795479815, 7.110556943750000691 ) ) ;
#524 = EDGE_LOOP ( 'NONE', ( #623, #3186, #4309, #1020 ) ) ;
#525 = AXIS2_PLACEMENT_3D ( 'NONE', #3103, #1710, #5153 ) ;
#526 = CARTESIAN_POINT ( 'NONE',  ( 49.99479166714461797, -11.48647981204520363, 7.110556943749999803 ) ) ;
#527 = CARTESIAN_POINT ( 'NONE',  ( 50.24270833381129364, 11.48647981204523738, 7.110556943749999803 ) ) ;
#528 = CARTESIAN_POINT ( 'NONE',  ( -3.449999999999995737, 30.00000000000001066, 0.9000000000000005773 ) ) ;
#529 = CYLINDRICAL_SURFACE ( 'NONE', #246, 4.999999999999997335 ) ;
#530 = CARTESIAN_POINT ( 'NONE',  ( -51.29270833381129080, 11.48647981204523738, 8.889443056249998421 ) ) ;
#531 = CARTESIAN_POINT ( 'NONE',  ( -49.98093251965153883, 11.26302543405900636, 7.908314041628408120 ) ) ;
#532 = CARTESIAN_POINT ( 'NONE',  ( 49.99999999999998579, -22.99999999999997868, -24.32385281518475395 ) ) ;
#533 = CARTESIAN_POINT ( 'NONE',  ( -50.16250000095591588, -11.99999999999998224, 8.699999999999999289 ) ) ;
#534 = CARTESIAN_POINT ( 'NONE',  ( -35.99999999999999289, 14.00000000000001776, -10.85695414733523556 ) ) ;
#535 = CARTESIAN_POINT ( 'NONE',  ( 35.58578643762692195, 20.00000000000001421, -10.80148828668984251 ) ) ;
#536 = DIRECTION ( 'NONE',  ( -0.000000000000000000, -0.000000000000000000, 1.000000000000000000 ) ) ;
#537 = EDGE_CURVE ( 'NONE', #2515, #6030, #5791, .T. ) ;
#538 = ADVANCED_FACE ( 'NONE', ( #1171 ), #4788, .F. ) ;
#539 = CARTESIAN_POINT ( 'NONE',  ( 50.30560950253896380, -11.59857864331752353, 8.695282185017244814 ) ) ;
#540 = CARTESIAN_POINT ( 'NONE',  ( -50.98645833381128512, -12.51352018795476262, 8.889443056249998421 ) ) ;
#541 = ORIENTED_EDGE ( 'NONE', *, *, #6024, .T. ) ;
#542 = CARTESIAN_POINT ( 'NONE',  ( 50.48442708332854778, 12.60457715765629239, 7.650947215281250102 ) ) ;
#543 = ADVANCED_FACE ( 'NONE', ( #599 ), #1720, .F. ) ;
#544 = CARTESIAN_POINT ( 'NONE',  ( 50.71666666666627776, 11.39378221735033492, 7.649999999999668177 ) ) ;
#545 = AXIS2_PLACEMENT_3D ( 'NONE', #5197, #2672, #4664 ) ;
#546 = CARTESIAN_POINT ( 'NONE',  ( -50.86250000095591162, -11.99999999999998224, 8.699999999999999289 ) ) ;
#547 = CARTESIAN_POINT ( 'NONE',  ( -50.49062500047795510, -11.99999999999998224, 7.110556943750000691 ) ) ;
#548 = ORIENTED_EDGE ( 'NONE', *, *, #2128, .F. ) ;
#549 = VERTEX_POINT ( 'NONE', #2806 ) ;
#550 = CARTESIAN_POINT ( 'NONE',  ( 51.44310950272230798, 11.39786796470131236, 8.347641092667403839 ) ) ;
#551 = CARTESIAN_POINT ( 'NONE',  ( 50.57812500047798210, 10.97295962409049253, 8.000000000000000000 ) ) ;
#552 = CARTESIAN_POINT ( 'NONE',  ( 51.13229166714462082, -11.22971971806781255, 8.444721528125000987 ) ) ;
#553 = LINE ( 'NONE', #3660, #2311 ) ;
#554 = CARTESIAN_POINT ( 'NONE',  ( 50.82604166714468619, 11.48647981204523560, 8.889443056250000197 ) ) ;
#555 = EDGE_LOOP ( 'NONE', ( #4840, #4291 ) ) ;
#556 = EDGE_CURVE ( 'NONE', #16, #3538, #3230, .T. ) ;
#557 = CARTESIAN_POINT ( 'NONE',  ( 51.51145833381128369, -11.48647981204520363, 8.889443056249998421 ) ) ;
#558 = CARTESIAN_POINT ( 'NONE',  ( 50.53437500047795794, 10.97295962409045522, 8.000000000000000000 ) ) ;
#559 = CARTESIAN_POINT ( 'NONE',  ( -34.99999999999999289, 13.00000000000001599, -20.00000000000000711 ) ) ;
#560 = LINE ( 'NONE', #5215, #4015 ) ;
#561 = CARTESIAN_POINT ( 'NONE',  ( -51.05937500047794941, 13.02704037590957853, 8.000000000000000000 ) ) ;
#562 = CARTESIAN_POINT ( 'NONE',  ( -50.51359374999521634, 12.80610287687505355, 8.000000000000000000 ) ) ;
#563 = CARTESIAN_POINT ( 'NONE',  ( 4.750000000000004441, 28.00000000000001066, 0.9000000000000004663 ) ) ;
#564 = CARTESIAN_POINT ( 'NONE',  ( -49.99999999999997158, 12.75776535043126358, 7.638442133728447381 ) ) ;
#565 = CARTESIAN_POINT ( 'NONE',  ( 50.16979166714464355, -12.51352018795474841, 8.889443056249971775 ) ) ;
#566 = CARTESIAN_POINT ( 'NONE',  ( 50.75312500047795794, 13.02704037590958031, 8.000000000000000000 ) ) ;
#567 = FACE_OUTER_BOUND ( 'NONE', #1830, .T. ) ;
#568 = CARTESIAN_POINT ( 'NONE',  ( 52.00109374999521350, -11.99999999999998224, 8.698105569437499796 ) ) ;
#569 = CARTESIAN_POINT ( 'NONE',  ( -51.89062500047795368, -11.99999999999998224, 7.110556943750000691 ) ) ;
#570 = ORIENTED_EDGE ( 'NONE', *, *, #312, .T. ) ;
#571 = CARTESIAN_POINT ( 'NONE',  ( 51.50526041666188348, 12.40305143843753477, 7.301894430562501093 ) ) ;
#572 = CARTESIAN_POINT ( 'NONE',  ( 51.84687500047795794, -11.99999999999998224, 8.889443056250000197 ) ) ;
#573 = AXIS2_PLACEMENT_3D ( 'NONE', #6056, #1952, #4045 ) ;
#574 = CARTESIAN_POINT ( 'NONE',  ( -50.10416666666642271, 12.40414518843102698, 8.700000000002997780 ) ) ;
#575 = CARTESIAN_POINT ( 'NONE',  ( -51.39343382648039693, 11.91777850166656982, 7.299999999999995381 ) ) ;
#576 = CARTESIAN_POINT ( 'NONE',  ( -50.91354166714467766, -12.77028028193215370, 8.444721528124999210 ) ) ;
#577 = CARTESIAN_POINT ( 'NONE',  ( -50.84062500047794941, -11.99999999999998224, 7.110556943750000691 ) ) ;
#578 = EDGE_CURVE ( 'NONE', #6488, #5471, #3895, .T. ) ;
#579 = VERTEX_POINT ( 'NONE', #3385 ) ;
#580 = VECTOR ( 'NONE', #5929, 1000.000000000000000 ) ;
#581 = ADVANCED_FACE ( 'NONE', ( #6541 ), #1930, .F. ) ;
#582 = VERTEX_POINT ( 'NONE', #3993 ) ;
#583 = CIRCLE ( 'NONE', #1219, 1.499999999999999556 ) ;
#584 = CARTESIAN_POINT ( 'NONE',  ( 51.00560950272231509, 12.40142135686582314, 8.695282185334807679 ) ) ;
#585 = CIRCLE ( 'NONE', #2431, 1.499999999999999556 ) ;
#586 = CARTESIAN_POINT ( 'NONE',  ( -51.03750000095591588, -11.99999999999998224, 7.300000000000000711 ) ) ;
#587 = CARTESIAN_POINT ( 'NONE',  ( 51.30729166714462508, -12.77028028193215370, 7.555278471875000790 ) ) ;
#588 = CARTESIAN_POINT ( 'NONE',  ( 50.00108797172592290, 11.81251474502437837, 8.674444068251537132 ) ) ;
#589 = CARTESIAN_POINT ( 'NONE',  ( 50.53437500047802899, 10.97295962409045522, 8.000000000000000000 ) ) ;
#590 = ORIENTED_EDGE ( 'NONE', *, *, #6392, .T. ) ;
#591 = ORIENTED_EDGE ( 'NONE', *, *, #2727, .F. ) ;
#592 = CARTESIAN_POINT ( 'NONE',  ( 51.39999999999997726, 12.00471076323767505, 7.159772422600887865 ) ) ;
#593 = CARTESIAN_POINT ( 'NONE',  ( 50.38854166714462934, 12.77028028193218745, 8.444721528125000987 ) ) ;
#594 = CARTESIAN_POINT ( 'NONE',  ( 50.19166666666667709, -11.39378221735088026, 8.349999999999999645 ) ) ;
#595 = DIRECTION ( 'NONE',  ( -1.000000000000000000, 0.000000000000000000, 0.000000000000000000 ) ) ;
#596 = CARTESIAN_POINT ( 'NONE',  ( 52.00000000000000000, 12.00000000000001776, 8.699999999999999289 ) ) ;
#597 = CARTESIAN_POINT ( 'NONE',  ( -51.91250000000000142, 12.80829037686549299, 8.000000000000000000 ) ) ;
#598 = CARTESIAN_POINT ( 'NONE',  ( 51.99999999999999289, 28.00000000000001776, -30.00000000000000000 ) ) ;
#599 = FACE_OUTER_BOUND ( 'NONE', #161, .T. ) ;
#600 = FACE_BOUND ( 'NONE', #2200, .T. ) ;
#601 = DIRECTION ( 'NONE',  ( 1.000000000000000000, -4.956352788505164007E-17, -1.803964885538174470E-17 ) ) ;
#602 = CARTESIAN_POINT ( 'NONE',  ( 50.45144283587229950, -12.60213203502367030, 7.652358907491377593 ) ) ;
#603 = CARTESIAN_POINT ( 'NONE',  ( -50.01666666666666572, -12.60621778264908954, 8.349999999999999645 ) ) ;
#604 = CARTESIAN_POINT ( 'NONE',  ( -51.99999999999999289, 23.00000000000000355, 10.00000000000000000 ) ) ;
#605 = CARTESIAN_POINT ( 'NONE',  ( 51.21359374999521918, 12.80610287687505355, 8.000000000000000000 ) ) ;
#606 = CARTESIAN_POINT ( 'NONE',  ( 50.74583333333228552, 11.59585481156221576, 7.300000000007446310 ) ) ;
#607 = CARTESIAN_POINT ( 'NONE',  ( 51.30000000095591162, 12.80829037686549299, 8.000000000000000000 ) ) ;
#608 = VECTOR ( 'NONE', #3014, 1000.000000000000000 ) ;
#609 = LINE ( 'NONE', #5767, #4902 ) ;
#610 = CARTESIAN_POINT ( 'NONE',  ( -51.99999999999999289, -11.99999999999998224, 8.000000000000000000 ) ) ;
#611 = CARTESIAN_POINT ( 'NONE',  ( -50.40312500047794231, -10.97295962409042147, 8.000000000000000000 ) ) ;
#612 = ORIENTED_EDGE ( 'NONE', *, *, #2710, .T. ) ;
#613 = EDGE_LOOP ( 'NONE', ( #3733, #4031, #612, #659 ) ) ;
#614 = EDGE_CURVE ( 'NONE', #3128, #4219, #1107, .T. ) ;
#615 = CARTESIAN_POINT ( 'NONE',  ( 51.12227616938898933, 11.19715728626841056, 8.000000000000000000 ) ) ;
#616 = CARTESIAN_POINT ( 'NONE',  ( 50.49062500047796931, 12.00000000000001776, 8.889443056249968222 ) ) ;
#617 = CARTESIAN_POINT ( 'NONE',  ( -51.09692708332855204, -12.40305143843749924, 8.698105569437499796 ) ) ;
#618 = EDGE_CURVE ( 'NONE', #3958, #6147, #5321, .T. ) ;
#619 = CARTESIAN_POINT ( 'NONE',  ( 50.95729166714461655, -12.77028028193215370, 7.555278471875000790 ) ) ;
#620 = EDGE_CURVE ( 'NONE', #4637, #2239, #2802, .T. ) ;
#621 = CARTESIAN_POINT ( 'NONE',  ( -51.84687500047795794, -11.99999999999998224, 7.110556943750001579 ) ) ;
#622 = CARTESIAN_POINT ( 'NONE',  ( 51.05937500047802757, 13.02704037590958031, 8.000000000000000000 ) ) ;
#623 = ORIENTED_EDGE ( 'NONE', *, *, #6307, .F. ) ;
#624 = EDGE_LOOP ( 'NONE', ( #4714, #1049, #426, #3373 ) ) ;
#625 = CARTESIAN_POINT ( 'NONE',  ( -49.99999999999998579, 12.87788115970779224, 8.142946212756655200 ) ) ;
#626 = CARTESIAN_POINT ( 'NONE',  ( 49.89270833381129222, 11.48647981204523738, 7.110556943749999803 ) ) ;
#627 = CARTESIAN_POINT ( 'NONE',  ( 50.88437500047795936, 10.97295962409045522, 8.000000000000000000 ) ) ;
#628 = CARTESIAN_POINT ( 'NONE',  ( 51.27083333333330728, 12.40414518843283531, 8.699999999999866063 ) ) ;
#629 = CARTESIAN_POINT ( 'NONE',  ( -51.38020833381129648, 12.77028028193218745, 8.444721528124999210 ) ) ;
#630 = CARTESIAN_POINT ( 'NONE',  ( -51.32916666666665861, 11.59585481156727838, 7.300000000000000711 ) ) ;
#631 = CARTESIAN_POINT ( 'NONE',  ( 51.99999999999999289, -12.00815067340503184, 9.526943859230120992 ) ) ;
#632 = CARTESIAN_POINT ( 'NONE',  ( 50.51250000095591730, -11.99999999999998224, 7.300000000000000711 ) ) ;
#633 = CARTESIAN_POINT ( 'NONE',  ( 50.53437500047802189, -13.02704037590954478, 8.000000000000000000 ) ) ;
#634 = CARTESIAN_POINT ( 'NONE',  ( 51.39999999999997726, -11.62423817219821842, 8.719470482163883318 ) ) ;
#635 = CARTESIAN_POINT ( 'NONE',  ( 50.36394283587230092, -12.40142135668244094, 8.695282185017244814 ) ) ;
#636 = CARTESIAN_POINT ( 'NONE',  ( -51.54062500047795226, -11.99999999999998224, 7.110556943750000691 ) ) ;
#637 = DIRECTION ( 'NONE',  ( -0.000000000000000000, -0.000000000000000000, 1.000000000000000000 ) ) ;
#638 =( BOUNDED_CURVE ( )  B_SPLINE_CURVE ( 2, ( #3212, #5764, #2516, #641, #4761 ),
 .UNSPECIFIED., .F., .F. ) 
 B_SPLINE_CURVE_WITH_KNOTS ( ( 3, 2, 3 ),
 ( 0.007533916141769594205, 0.008048955153560433465, 0.008782335732866826741 ),
 .UNSPECIFIED. ) 
 CURVE ( )  GEOMETRIC_REPRESENTATION_ITEM ( )  RATIONAL_B_SPLINE_CURVE ( ( 0.9439765058520304120, 0.9059122294931792885, 1.000000000000000000, 0.8660254037843949648, 1.000000000000043743 ) ) 
 REPRESENTATION_ITEM ( '' )  );
#639 = ORIENTED_EDGE ( 'NONE', *, *, #3102, .F. ) ;
#640 = CARTESIAN_POINT ( 'NONE',  ( 51.97192708332855915, 12.40305143843753477, 8.698105569437499796 ) ) ;
#641 = CARTESIAN_POINT ( 'NONE',  ( -51.32916666666665861, -12.40414518843264702, 7.299999999999866596 ) ) ;
#642 = CARTESIAN_POINT ( 'NONE',  ( 50.88437500047795936, -13.02704037590954478, 8.000000000000000000 ) ) ;
#643 = DIRECTION ( 'NONE',  ( 1.000000000000000000, 0.000000000000000000, 0.000000000000000000 ) ) ;
#644 = CARTESIAN_POINT ( 'NONE',  ( -51.38750000095591020, 12.00000000000001776, 7.300000000000000711 ) ) ;
#645 = CARTESIAN_POINT ( 'NONE',  ( 52.00000000000000000, -11.99999999999998224, 8.699999999999999289 ) ) ;
#646 = CARTESIAN_POINT ( 'NONE',  ( -51.81770833381129648, -11.48647981204520363, 7.110556943750000691 ) ) ;
#647 = ORIENTED_EDGE ( 'NONE', *, *, #3364, .T. ) ;
#648 = AXIS2_PLACEMENT_3D ( 'NONE', #6553, #922, #2063 ) ;
#649 = VERTEX_POINT ( 'NONE', #3449 ) ;
#650 = EDGE_LOOP ( 'NONE', ( #5808, #2588, #3256, #4449 ) ) ;
#651 = CARTESIAN_POINT ( 'NONE',  ( 50.10144283605564652, 11.39786796470131236, 7.652358907332596161 ) ) ;
#652 = CARTESIAN_POINT ( 'NONE',  ( -51.19062500047795794, 12.00000000000001776, 7.110556943750000691 ) ) ;
#653 = CARTESIAN_POINT ( 'NONE',  ( -51.47609374999522203, -11.99999999999998224, 8.698105569437499796 ) ) ;
#654 = CARTESIAN_POINT ( 'NONE',  ( 49.97983876965633243, -12.73897447426808682, 8.091934764124237844 ) ) ;
#655 = CARTESIAN_POINT ( 'NONE',  ( -35.99999999999999289, 14.00000000000001776, -10.85695414733523556 ) ) ;
#656 = CARTESIAN_POINT ( 'NONE',  ( 50.18437500047802757, 10.97295962409045522, 8.000000000000000000 ) ) ;
#657 = ORIENTED_EDGE ( 'NONE', *, *, #5809, .F. ) ;
#658 = VECTOR ( 'NONE', #2417, 1000.000000000000000 ) ;
#659 = ORIENTED_EDGE ( 'NONE', *, *, #4629, .T. ) ;
#660 = CARTESIAN_POINT ( 'NONE',  ( 51.39999999999999858, 12.51172035390604265, 7.272503450379568690 ) ) ;
#661 = CARTESIAN_POINT ( 'NONE',  ( 36.00000000000002132, 14.00000000000002132, -10.85695414733523023 ) ) ;
#662 = DIRECTION ( 'NONE',  ( -1.000000000000000000, 0.000000000000000000, 0.000000000000000000 ) ) ;
#663 = CARTESIAN_POINT ( 'NONE',  ( 50.89166666666626782, 12.60621778264971304, 8.350000000000338929 ) ) ;
#664 = CARTESIAN_POINT ( 'NONE',  ( -50.21354166714462508, 11.22971971806784808, 8.444721528124999210 ) ) ;
#665 = CARTESIAN_POINT ( 'NONE',  ( -50.65833333333333144, 11.39378221735091223, 7.650000000000001243 ) ) ;
#666 = EDGE_CURVE ( 'NONE', #3538, #3086, #1324, .T. ) ;
#667 = B_SPLINE_CURVE_WITH_KNOTS ( 'NONE', 3,
 ( #2023, #4084, #3671, #2090 ),
 .UNSPECIFIED., .F., .F.,
 ( 4, 4 ),
 ( 0.000000000000000000, 0.0007113056166005876126 ),
 .UNSPECIFIED. ) ;
#668 = EDGE_CURVE ( 'NONE', #1540, #2453, #2371, .T. ) ;
#669 = CARTESIAN_POINT ( 'NONE',  ( 3.750000000000003997, 33.00000000000000000, -1.599999999999998979 ) ) ;
#670 = CARTESIAN_POINT ( 'NONE',  ( -49.99999999999998579, -31.00543409149460317, -27.23759253686870352 ) ) ;
#671 = CARTESIAN_POINT ( 'NONE',  ( 50.65104166714470324, -11.48647981204520363, 7.110556943750000691 ) ) ;
#672 = CARTESIAN_POINT ( 'NONE',  ( 50.68750000095591446, -11.99999999999998224, 8.699999999999999289 ) ) ;
#673 = CARTESIAN_POINT ( 'NONE',  ( 50.80526041666188775, -11.59694856156246701, 7.301894430562501093 ) ) ;
#674 = CARTESIAN_POINT ( 'NONE',  ( -50.95729166714461655, -12.77028028193215370, 8.444721528125000987 ) ) ;
#675 = DIRECTION ( 'NONE',  ( 0.000000000000000000, 0.000000000000000000, 1.000000000000000000 ) ) ;
#676 = CARTESIAN_POINT ( 'NONE',  ( 51.99999999999999289, 28.00000000000001776, -5.761370867608389901 ) ) ;
#677 = CARTESIAN_POINT ( 'NONE',  ( 50.77499999999999858, 12.00000000000001776, 7.300000000000000711 ) ) ;
#678 = DIRECTION ( 'NONE',  ( 1.000000000000000000, 1.334402673828313586E-16, 4.856828537987392305E-17 ) ) ;
#679 = CARTESIAN_POINT ( 'NONE',  ( 49.92187500047795368, -11.99999999999998224, 7.110556943750000691 ) ) ;
#680 =( BOUNDED_CURVE ( )  B_SPLINE_CURVE ( 2, ( #3371, #3402, #4850, #3844, #6390, #798, #5379, #1783, #2281, #3303, #5446, #2356, #1746, #2830, #2864, #1344, #6494, #5413, #1887, #4919, #4308, #4343, #1236, #5342, #5925, #5959, #5890, #3340, #832, #766, #6462, #1274, #731, #2759, #4887, #269, #4952, #2318, #2896, #1309, #2794, #6352, #3948, #4416, #3806, #4381, #335, #302, #5991, #1855, #2388 ),
 .UNSPECIFIED., .F., .T. ) 
 B_SPLINE_CURVE_WITH_KNOTS ( ( 3, 2, 2, 2, 2, 2, 2, 2, 2, 2, 2, 2, 2, 2, 2, 2, 2, 2, 2, 2, 2, 2, 2, 2, 2, 3 ),
 ( 0.2454529152640215761, 0.2624688086931886155, 0.2916320096590959698, 0.3207952106250032687, 0.3499584115909105675, 0.3791216125568179218, 0.4082848135227252762, 0.4374480144886326305, 0.4666112154545398738, 0.4957744164204472281, 0.5249376173863546935, 0.5541008183522619923, 0.5832640193181692911, 0.6124272202840765900, 0.6415904212499839998, 0.6707536222158911876, 0.6999168231817985975, 0.7290800241477058963, 0.7582432251136131951, 0.7874064260795206049, 0.8165696270454279038, 0.8457328280113353136, 0.8748960289772425014, 0.9040592299431500223, 0.9332224309090573211, 0.9453697385311199408 ),
 .UNSPECIFIED. ) 
 CURVE ( )  GEOMETRIC_REPRESENTATION_ITEM ( )  RATIONAL_B_SPLINE_CURVE ( ( 0.9348796306800115641, 0.9218296560077645641, 1.000000000000000000, 0.8660254037844387076, 1.000000000000000000, 0.8660254037844387076, 1.000000000000000000, 0.8660254037844387076, 1.000000000000000000, 0.8660254037844387076, 1.000000000000000000, 0.8660254037844387076, 1.000000000000000000, 0.8660254037844387076, 1.000000000000000000, 0.8660254037844387076, 1.000000000000000000, 0.8660254037844387076, 1.000000000000000000, 0.8660254037844387076, 1.000000000000000000, 0.8660254037844387076, 1.000000000000000000, 0.8660254037844387076, 1.000000000000000000, 0.8660254037844387076, 1.000000000000000000, 0.8660254037844387076, 1.000000000000000000, 0.8660254037844387076, 1.000000000000000000, 0.8660254037844387076, 1.000000000000000000, 0.8660254037844387076, 1.000000000000000000, 0.8660254037844387076, 1.000000000000000000, 0.8660254037844387076, 1.000000000000000000, 0.8660254037844387076, 1.000000000000000000, 0.8660254037844387076, 1.000000000000000000, 0.8660254037844387076, 1.000000000000000000, 0.8660254037844387076, 1.000000000000000000, 0.8660254037844387076, 1.000000000000000000, 0.9441957473847062410, 0.9348796305491390290 ) ) 
 REPRESENTATION_ITEM ( '' )  );
#681 = CARTESIAN_POINT ( 'NONE',  ( -33.19999999999998863, -19.99999999999998579, -25.36029765733797348 ) ) ;
#682 = CARTESIAN_POINT ( 'NONE',  ( -50.02400769653721824, -12.56087825907336253, 8.447654358469105063 ) ) ;
#683 = CARTESIAN_POINT ( 'NONE',  ( 50.99999999999999289, -23.00000000000002132, -26.45220836013659138 ) ) ;
#684 = CARTESIAN_POINT ( 'NONE',  ( -50.30104166714462366, -11.48647981204520363, 8.889443056249998421 ) ) ;
#685 = EDGE_LOOP ( 'NONE', ( #1221, #826 ) ) ;
#686 = ORIENTED_EDGE ( 'NONE', *, *, #1295, .F. ) ;
#687 = ORIENTED_EDGE ( 'NONE', *, *, #4625, .T. ) ;
#688 = CARTESIAN_POINT ( 'NONE',  ( 49.73525508837632714, 11.32214599502468566, 7.845302665883192361 ) ) ;
#689 = CARTESIAN_POINT ( 'NONE',  ( -49.96562500047794941, 12.00000000000001776, 8.889443056250000197 ) ) ;
#690 = CARTESIAN_POINT ( 'NONE',  ( -50.71776041666188917, -12.60457715765625863, 8.349052784718749010 ) ) ;
#691 = CARTESIAN_POINT ( 'NONE',  ( 50.72395833381128227, -11.22971971806781255, 7.555278471875000790 ) ) ;
#692 = CARTESIAN_POINT ( 'NONE',  ( -50.12604166714463361, -12.51352018795476262, 7.110556943750000691 ) ) ;
#693 = CARTESIAN_POINT ( 'NONE',  ( 52.00000000000000000, 12.00000000000001776, 7.300000000000000711 ) ) ;
#694 = CARTESIAN_POINT ( 'NONE',  ( -50.51249999999999574, 12.80829037686549299, 7.999999999999998224 ) ) ;
#695 = AXIS2_PLACEMENT_3D ( 'NONE', #598, #1136, #5655 ) ;
#696 = VERTEX_POINT ( 'NONE', #350 ) ;
#697 = VERTEX_POINT ( 'NONE', #4431 ) ;
#698 = DIRECTION ( 'NONE',  ( -1.000000000000000000, 0.000000000000000000, 0.000000000000000000 ) ) ;
#699 = FACE_OUTER_BOUND ( 'NONE', #4511, .T. ) ;
#700 = CARTESIAN_POINT ( 'NONE',  ( 51.67187500047795368, 12.00000000000001776, 7.110556943750000691 ) ) ;
#701 = CARTESIAN_POINT ( 'NONE',  ( -50.30833333428924448, 12.40414518843275538, 7.300000000000000711 ) ) ;
#702 = CARTESIAN_POINT ( 'NONE',  ( -51.71562500047794941, 12.00000000000001776, 8.889443056250000197 ) ) ;
#703 = CARTESIAN_POINT ( 'NONE',  ( 50.33750000000000568, -12.80829037686545568, 8.000000000000000000 ) ) ;
#704 = LINE ( 'NONE', #1103, #3507 ) ;
#705 = CARTESIAN_POINT ( 'NONE',  ( 50.56354166714469045, -12.77028028193215370, 7.555278471875000790 ) ) ;
#706 = LINE ( 'NONE', #3383, #1421 ) ;
#707 = ADVANCED_FACE ( 'NONE', ( #5528 ), #850, .F. ) ;
#708 = CARTESIAN_POINT ( 'NONE',  ( 51.30109374999521776, -11.99999999999998224, 8.698105569437499796 ) ) ;
#709 = CARTESIAN_POINT ( 'NONE',  ( -50.08229166714461655, -11.22971971806781255, 7.555278471875000790 ) ) ;
#710 = DIRECTION ( 'NONE',  ( 0.000000000000000000, -0.000000000000000000, 1.000000000000000000 ) ) ;
#711 = VERTEX_POINT ( 'NONE', #909 ) ;
#712 = CARTESIAN_POINT ( 'NONE',  ( 50.19276041666188348, 12.60457715765629239, 8.349052784718749010 ) ) ;
#713 = LINE ( 'NONE', #357, #3863 ) ;
#714 = CARTESIAN_POINT ( 'NONE',  ( 51.50416666762257734, -12.60621778264908954, 7.650000000000000355 ) ) ;
#715 = ORIENTED_EDGE ( 'NONE', *, *, #815, .F. ) ;
#716 = CARTESIAN_POINT ( 'NONE',  ( -50.02405801632458804, -12.45535395438605697, 7.388696184424082603 ) ) ;
#717 = DIRECTION ( 'NONE',  ( -1.000000000000000000, 0.000000000000000000, 0.000000000000000000 ) ) ;
#718 = DIRECTION ( 'NONE',  ( 0.000000000000000000, 0.000000000000000000, -1.000000000000000000 ) ) ;
#719 = CARTESIAN_POINT ( 'NONE',  ( -50.41770833381128369, -11.48647981204520363, 7.110556943750000691 ) ) ;
#720 = ORIENTED_EDGE ( 'NONE', *, *, #4685, .F. ) ;
#721 = AXIS2_PLACEMENT_3D ( 'NONE', #1669, #5812, #3189 ) ;
#722 = ORIENTED_EDGE ( 'NONE', *, *, #6066, .F. ) ;
#723 =( BOUNDED_CURVE ( )  B_SPLINE_CURVE ( 2, ( #5401, #3458, #327, #4406, #293, #5948, #2886, #4943, #1877, #3936, #5981, #3523, #951, #4030, #5069, #6072, #455, #2508, #4561, #6610, #5569, #1461, #3017, #1025, #4640, #492, #4164, #4674, #3057, #551, #3626, #119, #616, #6240, #5141, #3188, #57, #2551, #1059, #22, #2139, #5109, #88, #6209, #5703, #5738, #521, #6177, #2072, #3155, #3124 ),
 .UNSPECIFIED., .F., .F. ) 
 B_SPLINE_CURVE_WITH_KNOTS ( ( 3, 2, 2, 2, 2, 2, 2, 2, 2, 2, 2, 2, 2, 2, 2, 2, 2, 2, 2, 2, 2, 2, 2, 2, 2, 3 ),
 ( 0.2454529152640221312, 0.2624688086931893372, 0.2916320096590968025, 0.3207952106250042679, 0.3499584115909116222, 0.3791216125568190876, 0.4082848135227264974, 0.4374480144886339072, 0.4666112154545413171, 0.4957744164204487269, 0.5249376173863562478, 0.5541008183522637687, 0.5832640193181710675, 0.6124272202840785884, 0.6415904212499859982, 0.6707536222158932970, 0.6999168231818007069, 0.7290800241477082277, 0.7582432251136156376, 0.7874064260795230474, 0.8165696270454305683, 0.8457328280113379781, 0.8748960289772454990, 0.9040592299431527978, 0.9332224309090602077, 0.9453697385311258250 ),
 .UNSPECIFIED. ) 
 CURVE ( )  GEOMETRIC_REPRESENTATION_ITEM ( )  RATIONAL_B_SPLINE_CURVE ( ( 0.9348796306800115641, 0.9218296560077636759, 1.000000000000000000, 0.8660254037844387076, 1.000000000000000000, 0.8660254037844387076, 1.000000000000000000, 0.8660254037844387076, 1.000000000000000000, 0.8660254037844387076, 1.000000000000000000, 0.8660254037844387076, 1.000000000000000000, 0.8660254037844387076, 1.000000000000000000, 0.8660254037844387076, 1.000000000000000000, 0.8660254037844387076, 1.000000000000000000, 0.8660254037844387076, 1.000000000000000000, 0.8660254037844387076, 1.000000000000000000, 0.8660254037844387076, 1.000000000000000000, 0.8660254037844387076, 1.000000000000000000, 0.8660254037844387076, 1.000000000000000000, 0.8660254037844387076, 1.000000000000000000, 0.8660254037844387076, 1.000000000000000000, 0.8660254037844387076, 1.000000000000000000, 0.8660254037844387076, 1.000000000000000000, 0.8660254037844387076, 1.000000000000000000, 0.8660254037844387076, 1.000000000000000000, 0.8660254037844387076, 1.000000000000000000, 0.8660254037844387076, 1.000000000000000000, 0.8660254037844387076, 1.000000000000000000, 0.8660254037844387076, 1.000000000000000000, 0.9441957473846933624, 0.9348796305491346992 ) ) 
 REPRESENTATION_ITEM ( '' )  );
#724 = CIRCLE ( 'NONE', #4936, 1.499999999999999556 ) ;
#725 = CARTESIAN_POINT ( 'NONE',  ( 49.83894283605565079, 12.40142135686582314, 7.304717814665191433 ) ) ;
#726 = CARTESIAN_POINT ( 'NONE',  ( -49.90729166714462650, 11.22971971806784808, 8.444721528125000987 ) ) ;
#727 = CARTESIAN_POINT ( 'NONE',  ( -50.60109374999521492, -11.99999999999998224, 7.301894430562501093 ) ) ;
#728 = PLANE ( 'NONE',  #1521 ) ;
#729 = CARTESIAN_POINT ( 'NONE',  ( -51.65000000095592014, -11.19170962313450701, 8.000000000000000000 ) ) ;
#730 = CARTESIAN_POINT ( 'NONE',  ( 50.24270833381137180, 11.48647981204523738, 7.110556943750000691 ) ) ;
#731 = CARTESIAN_POINT ( 'NONE',  ( -50.49062500047796931, 12.00000000000001776, 7.110556943750028225 ) ) ;
#732 = ORIENTED_EDGE ( 'NONE', *, *, #5453, .T. ) ;
#733 = ORIENTED_EDGE ( 'NONE', *, *, #4584, .F. ) ;
#734 = CYLINDRICAL_SURFACE ( 'NONE', #1090, 6.999999999999999112 ) ;
#735 = CARTESIAN_POINT ( 'NONE',  ( -50.27916666666667567, -12.40414518843271985, 7.299999999999998046 ) ) ;
#736 = CARTESIAN_POINT ( 'NONE',  ( 51.46770833381129506, 12.51352018795479815, 8.889443056249998421 ) ) ;
#737 = CARTESIAN_POINT ( 'NONE',  ( -51.53333333428924590, 11.59585481156727838, 8.700000000000001066 ) ) ;
#738 = CARTESIAN_POINT ( 'NONE',  ( -51.77395833381128654, 12.77028028193218745, 8.444721528124999210 ) ) ;
#739 = ORIENTED_EDGE ( 'NONE', *, *, #4033, .F. ) ;
#740 = CARTESIAN_POINT ( 'NONE',  ( -51.00000000000000000, 29.00000000000001421, -8.525756178294006560 ) ) ;
#741 = CARTESIAN_POINT ( 'NONE',  ( 36.38000000000001677, 29.31595971334865780, -5.282400702455996466 ) ) ;
#742 = CARTESIAN_POINT ( 'NONE',  ( 50.06770833381136043, -11.48647981204520363, 8.889443056250000197 ) ) ;
#743 = CARTESIAN_POINT ( 'NONE',  ( 50.54166666666666430, 12.60621778264912152, 8.349999999999999645 ) ) ;
#744 = CARTESIAN_POINT ( 'NONE',  ( 51.85526041666189201, -11.59694856156246701, 7.301894430562501093 ) ) ;
#745 = CARTESIAN_POINT ( 'NONE',  ( -50.75312500047795794, -10.97295962409042147, 8.000000000000000000 ) ) ;
#746 = DIRECTION ( 'NONE',  ( -1.000000000000000000, 0.000000000000000000, 0.000000000000000000 ) ) ;
#747 = VECTOR ( 'NONE', #2737, 1000.000000000000000 ) ;
#748 = EDGE_CURVE ( 'NONE', #4895, #1654, #4688, .T. ) ;
#749 = ORIENTED_EDGE ( 'NONE', *, *, #6346, .F. ) ;
#750 = CARTESIAN_POINT ( 'NONE',  ( 51.18333333333333002, 12.60621778264912329, 7.650000000000000355 ) ) ;
#751 = DIRECTION ( 'NONE',  ( 1.000000000000000000, -0.000000000000000000, -0.000000000000000000 ) ) ;
#752 = CARTESIAN_POINT ( 'NONE',  ( 51.32916666762258728, -11.39378221735087671, 8.349999999999999645 ) ) ;
#753 = CARTESIAN_POINT ( 'NONE',  ( -36.00000000000000711, 30.00000000000003553, -7.161785944027798223 ) ) ;
#754 = CARTESIAN_POINT ( 'NONE',  ( -50.80416666762258160, -12.60621778264908954, 8.349999999999999645 ) ) ;
#755 = CARTESIAN_POINT ( 'NONE',  ( -50.59270833381135191, -12.51352018795476262, 8.889443056250000197 ) ) ;
#756 = CARTESIAN_POINT ( 'NONE',  ( -49.92187500047795368, -11.99999999999998224, 8.889443056249998421 ) ) ;
#757 = ORIENTED_EDGE ( 'NONE', *, *, #1880, .T. ) ;
#758 = EDGE_CURVE ( 'NONE', #5547, #4768, #417, .T. ) ;
#759 = ORIENTED_EDGE ( 'NONE', *, *, #5405, .T. ) ;
#760 = FACE_OUTER_BOUND ( 'NONE', #5272, .T. ) ;
#761 = CARTESIAN_POINT ( 'NONE',  ( -51.67187500047795368, 12.00000000000001776, 8.889443056249998421 ) ) ;
#762 = CARTESIAN_POINT ( 'NONE',  ( -51.30109374999521776, -11.99999999999998224, 7.301894430562501093 ) ) ;
#763 = CARTESIAN_POINT ( 'NONE',  ( 49.99479166714461797, -11.48647981204520363, 7.110556943749999803 ) ) ;
#764 = CARTESIAN_POINT ( 'NONE',  ( -50.30104166714462366, -11.48647981204520363, 8.889443056249998421 ) ) ;
#765 = CARTESIAN_POINT ( 'NONE',  ( -50.07500000095591730, 11.19170962313454076, 8.000000000000000000 ) ) ;
#766 = CARTESIAN_POINT ( 'NONE',  ( -50.57812500047798210, 10.97295962409048720, 8.000000000000000000 ) ) ;
#767 = ORIENTED_EDGE ( 'NONE', *, *, #4114, .F. ) ;
#768 = VERTEX_POINT ( 'NONE', #1960 ) ;
#769 = CARTESIAN_POINT ( 'NONE',  ( 49.99999999999998579, 0.000000000000000000, 10.00000000000000000 ) ) ;
#770 = LINE ( 'NONE', #3772, #6171 ) ;
#771 = CARTESIAN_POINT ( 'NONE',  ( 51.84687500047795794, 12.00000000000001776, 8.889443056250000197 ) ) ;
#772 = CARTESIAN_POINT ( 'NONE',  ( -51.15416666762258302, 11.39378221735091223, 8.349999999999999645 ) ) ;
#773 = CARTESIAN_POINT ( 'NONE',  ( -51.83229166714461655, 12.77028028193218745, 7.555278471875000790 ) ) ;
#774 = EDGE_LOOP ( 'NONE', ( #2271, #2796, #5630, #4537 ) ) ;
#775 = CARTESIAN_POINT ( 'NONE',  ( 51.39999999999999147, -12.00815067340503184, 6.526943859230120992 ) ) ;
#776 = CARTESIAN_POINT ( 'NONE',  ( 50.97187500047802189, -11.99999999999998224, 7.110556943750000691 ) ) ;
#777 = PLANE ( 'NONE',  #2832 ) ;
#778 = CARTESIAN_POINT ( 'NONE',  ( 51.41776041666188490, -12.60457715765625863, 7.650947215281250102 ) ) ;
#779 = CARTESIAN_POINT ( 'NONE',  ( -51.27083333428925016, -11.39378221735087671, 8.349999999999999645 ) ) ;
#780 = CARTESIAN_POINT ( 'NONE',  ( 44.99999999999997868, -29.00000000000001421, -29.63602976573380587 ) ) ;
#781 = CARTESIAN_POINT ( 'NONE',  ( 50.66562500047797357, -11.99999999999998224, 7.110556943750028225 ) ) ;
#782 = CARTESIAN_POINT ( 'NONE',  ( 51.85416666666667140, 12.40414518843275538, 7.300000000000000711 ) ) ;
#783 = DIRECTION ( 'NONE',  ( -1.000000000000000000, -2.478176394252582004E-17, -9.019824427690872349E-18 ) ) ;
#784 = CARTESIAN_POINT ( 'NONE',  ( 50.09687500047795794, -11.99999999999998224, 8.889443056250000197 ) ) ;
#785 = CARTESIAN_POINT ( 'NONE',  ( 51.39999999999999858, -11.48827964609387209, 7.272503450379631751 ) ) ;
#786 = CARTESIAN_POINT ( 'NONE',  ( -50.81145833381130217, -11.48647981204522139, 7.110556943750030001 ) ) ;
#787 = CARTESIAN_POINT ( 'NONE',  ( 49.99999999999982236, -11.16027079427805013, 7.622749702070781730 ) ) ;
#788 = CARTESIAN_POINT ( 'NONE',  ( -51.46770833381129506, -11.48647981204520363, 7.110556943750000691 ) ) ;
#789 = VERTEX_POINT ( 'NONE', #3926 ) ;
#790 = EDGE_LOOP ( 'NONE', ( #1477, #4300, #1276, #3002 ) ) ;
#791 = AXIS2_PLACEMENT_3D ( 'NONE', #4384, #896, #1825 ) ;
#792 = EDGE_CURVE ( 'NONE', #5261, #6611, #2284, .T. ) ;
#793 = CARTESIAN_POINT ( 'NONE',  ( -49.88078592025374292, 11.09694369580287621, 8.040572627733826749 ) ) ;
#794 = CARTESIAN_POINT ( 'NONE',  ( -51.97083333333333854, -11.59585481156724462, 7.300000000000000711 ) ) ;
#795 = CARTESIAN_POINT ( 'NONE',  ( 50.62916666762257734, 12.60621778264912329, 8.349999999999999645 ) ) ;
#796 = CARTESIAN_POINT ( 'NONE',  ( -50.18437500047796362, -13.02704037590954478, 8.000000000000000000 ) ) ;
#797 = DIRECTION ( 'NONE',  ( 0.000000000000000000, 0.000000000000000000, 1.000000000000000000 ) ) ;
#798 = CARTESIAN_POINT ( 'NONE',  ( -51.27812500047796362, 10.97295962409048720, 8.000000000000000000 ) ) ;
#799 = ORIENTED_EDGE ( 'NONE', *, *, #427, .T. ) ;
#800 = ADVANCED_FACE ( 'NONE', ( #1903 ), #5184, .T. ) ;
#801 = ORIENTED_EDGE ( 'NONE', *, *, #2646, .T. ) ;
#802 = FILL_AREA_STYLE_COLOUR ( '', #4671 ) ;
#803 = CARTESIAN_POINT ( 'NONE',  ( -50.76770833381137038, 12.51352018795479815, 7.110556943750002468 ) ) ;
#804 = CARTESIAN_POINT ( 'NONE',  ( 50.85520833381129080, 11.22971971806784630, 8.444721528124999210 ) ) ;
#805 = CIRCLE ( 'NONE', #2631, 0.6999999999999992895 ) ;
#806 = CARTESIAN_POINT ( 'NONE',  ( -50.51250000095591730, 12.00000000000001776, 8.699999999999999289 ) ) ;
#807 = CARTESIAN_POINT ( 'NONE',  ( -51.33645833381128654, 11.48647981204523738, 8.889443056249998421 ) ) ;
#808 = VERTEX_POINT ( 'NONE', #3766 ) ;
#809 = LINE ( 'NONE', #740, #3827 ) ;
#810 = CYLINDRICAL_SURFACE ( 'NONE', #4132, 0.6999999999999992895 ) ;
#811 = PLANE ( 'NONE',  #879 ) ;
#812 = ADVANCED_FACE ( 'NONE', ( #4271 ), #3264, .F. ) ;
#813 = CARTESIAN_POINT ( 'NONE',  ( -50.72395833381128227, -11.22971971806781255, 8.444721528124999210 ) ) ;
#814 = CARTESIAN_POINT ( 'NONE',  ( -50.57083333333330444, -11.59585481156719666, 7.300000000000078870 ) ) ;
#815 = EDGE_CURVE ( 'NONE', #1128, #2589, #4353, .T. ) ;
#816 = CARTESIAN_POINT ( 'NONE',  ( 50.54895833381130643, -12.77028028193213061, 8.444721528124984999 ) ) ;
#817 = CARTESIAN_POINT ( 'NONE',  ( 50.36666666666666714, 11.39378221735091223, 7.650000000000000355 ) ) ;
#818 = CARTESIAN_POINT ( 'NONE',  ( 51.39999999999972147, 12.87788115970646530, 7.857053787235182440 ) ) ;
#819 = CARTESIAN_POINT ( 'NONE',  ( 51.06666666762258444, -12.40414518843271985, 8.700000000000001066 ) ) ;
#820 = FACE_BOUND ( 'NONE', #2437, .T. ) ;
#821 = CARTESIAN_POINT ( 'NONE',  ( -50.19895833381130501, -12.77028028193212883, 7.555278471875015889 ) ) ;
#822 = CARTESIAN_POINT ( 'NONE',  ( 50.00000000000000000, 12.70588719716074344, 7.409080216011585840 ) ) ;
#823 = CARTESIAN_POINT ( 'NONE',  ( -50.24270833381129364, -12.51352018795476262, 8.889443056249998421 ) ) ;
#824 = ORIENTED_EDGE ( 'NONE', *, *, #6298, .F. ) ;
#825 =( BOUNDED_CURVE ( )  B_SPLINE_CURVE ( 2, ( #1415, #3960, #4932, #5524, #5059, #2466, #5935, #316, #446, #2496, #2940 ),
 .UNSPECIFIED., .F., .F. ) 
 B_SPLINE_CURVE_WITH_KNOTS ( ( 3, 2, 2, 2, 2, 3 ),
 ( 0.1749766067323166030, 0.1749792818371347092, 0.2041424954766571376, 0.2333057091161795382, 0.2624689227557019944, 0.2624766111473602614 ),
 .UNSPECIFIED. ) 
 CURVE ( )  GEOMETRIC_REPRESENTATION_ITEM ( )  RATIONAL_B_SPLINE_CURVE ( ( 0.9999754236129771989, 0.9999877106792046666, 1.000000000000000000, 0.8660254037844387076, 1.000000000000000000, 0.8660254037844387076, 1.000000000000000000, 0.8660254037844387076, 1.000000000000000000, 0.9999646798469914444, 0.9999293783171137040 ) ) 
 REPRESENTATION_ITEM ( '' )  );
#826 = ORIENTED_EDGE ( 'NONE', *, *, #5607, .F. ) ;
#827 = CARTESIAN_POINT ( 'NONE',  ( -49.84735538829205836, 11.13285713816551592, 8.197919699577397523 ) ) ;
#828 = CARTESIAN_POINT ( 'NONE',  ( -51.32916666666665861, -12.40414518843271985, 7.300000000000000711 ) ) ;
#829 = DIRECTION ( 'NONE',  ( -1.000000000000000000, 0.000000000000000000, 0.000000000000000000 ) ) ;
#830 = CARTESIAN_POINT ( 'NONE',  ( -50.82604166714462934, -12.51352018795476262, 7.110556943750000691 ) ) ;
#831 = DIRECTION ( 'NONE',  ( 0.000000000000000000, 0.000000000000000000, 1.000000000000000000 ) ) ;
#832 = CARTESIAN_POINT ( 'NONE',  ( -50.60729166714464355, 11.22971971806787117, 8.444721528124986776 ) ) ;
#833 = VERTEX_POINT ( 'NONE', #4653 ) ;
#834 = EDGE_CURVE ( 'NONE', #4977, #1430, #5984, .T. ) ;
#835 = VERTEX_POINT ( 'NONE', #563 ) ;
#836 = LINE ( 'NONE', #2391, #3053 ) ;
#837 = ADVANCED_FACE ( 'NONE', ( #6191 ), #2629, .F. ) ;
#838 = CARTESIAN_POINT ( 'NONE',  ( 51.12500000000000000, -11.99999999999998224, 7.300000000000000711 ) ) ;
#839 = EDGE_CURVE ( 'NONE', #6050, #4417, #6093, .T. ) ;
#840 = CARTESIAN_POINT ( 'NONE',  ( 51.73750000095591162, 12.00000000000001776, 8.699999999999999289 ) ) ;
#841 = CARTESIAN_POINT ( 'NONE',  ( -50.45416666762258728, 11.39378221735091223, 8.349999999999999645 ) ) ;
#842 = CARTESIAN_POINT ( 'NONE',  ( -51.07395833381128369, 12.77028028193218745, 8.444721528124999210 ) ) ;
#843 = ORIENTED_EDGE ( 'NONE', *, *, #5573, .T. ) ;
#844 = AXIS2_PLACEMENT_3D ( 'NONE', #2703, #2070, #3029 ) ;
#845 = EDGE_CURVE ( 'NONE', #6147, #1736, #3889, .T. ) ;
#846 = CARTESIAN_POINT ( 'NONE',  ( 51.07395833381128369, 12.77028028193218745, 7.555278471875000790 ) ) ;
#847 = CARTESIAN_POINT ( 'NONE',  ( 50.48333333333333428, -11.39378221735087848, 7.650000000000002132 ) ) ;
#848 = CARTESIAN_POINT ( 'NONE',  ( 51.06666666762259155, 11.59585481156728015, 8.699999999999999289 ) ) ;
#849 = CARTESIAN_POINT ( 'NONE',  ( -51.30000000095591162, -11.19170962313450701, 8.000000000000000000 ) ) ;
#850 = PLANE ( 'NONE',  #5017 ) ;
#851 = CARTESIAN_POINT ( 'NONE',  ( 50.56354166714462650, -12.77028028193215370, 7.555278471875000790 ) ) ;
#852 = CARTESIAN_POINT ( 'NONE',  ( 50.84062500047794941, 12.00000000000001776, 8.889443056250000197 ) ) ;
#853 = CARTESIAN_POINT ( 'NONE',  ( -3.449999999999995737, 30.00000000000001066, -0.5999999999999989786 ) ) ;
#854 = CARTESIAN_POINT ( 'NONE',  ( 50.48333333428925584, -12.40414518843271985, 7.300000000000000711 ) ) ;
#855 = FACE_BOUND ( 'NONE', #2414, .T. ) ;
#856 = CARTESIAN_POINT ( 'NONE',  ( 51.03749956399470733, -11.99999394528782126, 8.699999999999999289 ) ) ;
#857 = ORIENTED_EDGE ( 'NONE', *, *, #3808, .T. ) ;
#858 = CARTESIAN_POINT ( 'NONE',  ( -50.35937500047795368, 13.02704037590957853, 8.000000000000000000 ) ) ;
#859 = CARTESIAN_POINT ( 'NONE',  ( -49.87083333428924448, -11.39378221735087671, 8.349999999999999645 ) ) ;
#860 = CARTESIAN_POINT ( 'NONE',  ( -3.449999999999995737, 33.00000000000000000, 0.9000000000000005773 ) ) ;
#861 = CARTESIAN_POINT ( 'NONE',  ( -51.65729166714461940, -12.77028028193215370, 8.444721528125000987 ) ) ;
#862 = ORIENTED_EDGE ( 'NONE', *, *, #556, .T. ) ;
#863 =( BOUNDED_SURFACE ( )  B_SPLINE_SURFACE ( 1, 2, ( 
 ( #2824, #5884, #6421, #4880, #5373, #3838, #3334, #1268, #2044, #6216, #4578, #3003, #2494, #557, #1035, #2622, #5617, #2114, #969, #2526, #5057, #4548, #2012, #6597, #5085, #3508, #999, #5555, #937, #6628, #4678, #4142, #3036, #444, #1574, #1984, #3540, #468, #4048, #6658, #497, #6088, #4172, #2079, #4647, #1478, #63, #5587, #4076, #6118, #5147, #3064, #1506, #3566, #5117, #2556, #27, #6185, #4612, #4107, #6149, #1541, #3601, #5646, #3096, #526, #2590, #3635, #5678, #1065, #3129, #5177, #2502 ),
 ( #880, #6037, #385, #2021, #354, #3995, #4555, #449, #975, #6124, #6603, #2533, #3516, #5001, #3041, #1453, #4054, #2438, #2914, #3011, #2405, #1993, #1484, #2947, #3964, #4493, #6543, #5562, #1932, #4462, #1423, #3482, #1514, #4082, #946, #1963, #3545, #5530, #913, #2978, #5463, #5593, #5033, #3452, #851, #420, #5064, #4588, #2472, #4525, #6573, #4969, #6511, #6095, #4025, #6067, #1904, #5091, #476, #6007, #6634, #1391, #5496, #103, #135, #6224, #4655, #2598, #1617, #5246, #5186, #4752, #3669 ) ),
 .UNSPECIFIED., .F., .F., .F. ) 
 B_SPLINE_SURFACE_WITH_KNOTS ( ( 2, 2 ),
 ( 3, 2, 2, 2, 2, 2, 2, 2, 2, 2, 2, 2, 2, 2, 2, 2, 2, 2, 2, 2, 2, 2, 2, 2, 2, 2, 2, 2, 2, 2, 2, 2, 2, 2, 2, 2, 3 ),
 ( 0.000000000000000000, 1.000000000000000000 ),
 ( 0.000000000000000000, 0.02777777777777777624, 0.05555555555555555247, 0.08333333333333332871, 0.1111111111111111049, 0.1388888888888888951, 0.1666666666666666574, 0.1944444444444444475, 0.2222222222222222099, 0.2500000000000000000, 0.2777777777777777901, 0.3055555555555555802, 0.3333333333333333148, 0.3611111111111111049, 0.3888888888888888951, 0.4166666666666666852, 0.4444444444444444198, 0.4722222222222222099, 0.5000000000000000000, 0.5277777777777777901, 0.5555555555555555802, 0.5833333333333333703, 0.6111111111111111605, 0.6388888888888888395, 0.6666666666666666297, 0.6944444444444444198, 0.7222222222222222099, 0.7500000000000000000, 0.7777777777777777901, 0.8055555555555555802, 0.8333333333333333703, 0.8611111111111111605, 0.8888888888888888395, 0.9166666666666666297, 0.9444444444444444198, 0.9524930397729872711, 0.9620179701707171072 ),
 .UNSPECIFIED. ) 
 GEOMETRIC_REPRESENTATION_ITEM ( )  RATIONAL_B_SPLINE_SURFACE ( (
 ( 1.000000000000000000, 0.8660254037844387076, 1.000000000000000000, 0.8660254037844387076, 1.000000000000000000, 0.8660254037844387076, 1.000000000000000000, 0.8660254037844387076, 1.000000000000000000, 0.8660254037844387076, 1.000000000000000000, 0.8660254037844387076, 1.000000000000000000, 0.8660254037844387076, 1.000000000000000000, 0.8660254037844387076, 1.000000000000000000, 0.8660254037844387076, 1.000000000000000000, 0.8660254037844387076, 1.000000000000000000, 0.8660254037844387076, 1.000000000000000000, 0.8660254037844387076, 1.000000000000000000, 0.8660254037844387076, 1.000000000000000000, 0.8660254037844387076, 1.000000000000000000, 0.8660254037844387076, 1.000000000000000000, 0.8660254037844387076, 1.000000000000000000, 0.8660254037844387076, 1.000000000000000000, 0.8660254037844387076, 1.000000000000000000, 0.8660254037844387076, 1.000000000000000000, 0.8660254037844387076, 1.000000000000000000, 0.8660254037844387076, 1.000000000000000000, 0.8660254037844387076, 1.000000000000000000, 0.8660254037844387076, 1.000000000000000000, 0.8660254037844387076, 1.000000000000000000, 0.8660254037844387076, 1.000000000000000000, 0.8660254037844387076, 1.000000000000000000, 0.8660254037844387076, 1.000000000000000000, 0.8660254037844387076, 1.000000000000000000, 0.8660254037844387076, 1.000000000000000000, 0.8660254037844387076, 1.000000000000000000, 0.8660254037844387076, 1.000000000000000000, 0.8660254037844387076, 1.000000000000000000, 0.8660254037844387076, 1.000000000000000000, 0.8660254037844387076, 1.000000000000000000, 0.9611809368672166176, 0.9448574767080362147, 0.9448574767080362147, 0.9448574767080362147),
 ( 1.000000000000000000, 0.8660254037844387076, 1.000000000000000000, 0.8660254037844387076, 1.000000000000000000, 0.8660254037844387076, 1.000000000000000000, 0.8660254037844387076, 1.000000000000000000, 0.8660254037844387076, 1.000000000000000000, 0.8660254037844387076, 1.000000000000000000, 0.8660254037844387076, 1.000000000000000000, 0.8660254037844387076, 1.000000000000000000, 0.8660254037844387076, 1.000000000000000000, 0.8660254037844387076, 1.000000000000000000, 0.8660254037844387076, 1.000000000000000000, 0.8660254037844387076, 1.000000000000000000, 0.8660254037844387076, 1.000000000000000000, 0.8660254037844387076, 1.000000000000000000, 0.8660254037844387076, 1.000000000000000000, 0.8660254037844387076, 1.000000000000000000, 0.8660254037844387076, 1.000000000000000000, 0.8660254037844387076, 1.000000000000000000, 0.8660254037844387076, 1.000000000000000000, 0.8660254037844387076, 1.000000000000000000, 0.8660254037844387076, 1.000000000000000000, 0.8660254037844387076, 1.000000000000000000, 0.8660254037844387076, 1.000000000000000000, 0.8660254037844387076, 1.000000000000000000, 0.8660254037844387076, 1.000000000000000000, 0.8660254037844387076, 1.000000000000000000, 0.8660254037844387076, 1.000000000000000000, 0.8660254037844387076, 1.000000000000000000, 0.8660254037844387076, 1.000000000000000000, 0.8660254037844387076, 1.000000000000000000, 0.8660254037844387076, 1.000000000000000000, 0.8660254037844387076, 1.000000000000000000, 0.8660254037844387076, 1.000000000000000000, 0.8660254037844387076, 1.000000000000000000, 0.9611809368672166176, 0.9448574767080362147, 0.9448574767080362147, 0.9448574767080362147) ) ) 
 REPRESENTATION_ITEM ( '' )  SURFACE ( )  );
#864 = ORIENTED_EDGE ( 'NONE', *, *, #6594, .F. ) ;
#865 = DIRECTION ( 'NONE',  ( 0.000000000000000000, 0.000000000000000000, -1.000000000000000000 ) ) ;
#866 = CARTESIAN_POINT ( 'NONE',  ( -50.09687500047803610, 12.00000000000001776, 7.110556943750001579 ) ) ;
#867 = CARTESIAN_POINT ( 'NONE',  ( 50.12604166714463361, 11.48647981204523560, 8.889443056249998421 ) ) ;
#868 = PLANE ( 'NONE',  #5210 ) ;
#869 = CARTESIAN_POINT ( 'NONE',  ( -51.00833333333332575, 11.39378221735091579, 7.650000000000003908 ) ) ;
#870 = ORIENTED_EDGE ( 'NONE', *, *, #2523, .T. ) ;
#871 = CARTESIAN_POINT ( 'NONE',  ( 50.95729166714461655, 11.22971971806784808, 7.555278471875000790 ) ) ;
#872 = CARTESIAN_POINT ( 'NONE',  ( 50.05004698642196104, 11.68587123016466478, 7.354785336399355167 ) ) ;
#873 = AXIS2_PLACEMENT_3D ( 'NONE', #4437, #3934, #4404 ) ;
#874 = DIRECTION ( 'NONE',  ( 0.000000000000000000, 0.000000000000000000, 1.000000000000000000 ) ) ;
#875 = CARTESIAN_POINT ( 'NONE',  ( -50.98026041666189201, 11.59694856156249898, 7.301894430562501093 ) ) ;
#876 = EDGE_CURVE ( 'NONE', #3846, #1776, #1691, .T. ) ;
#877 = CARTESIAN_POINT ( 'NONE',  ( 50.80416666762258160, 11.39378221735091223, 7.650000000000000355 ) ) ;
#878 = EDGE_CURVE ( 'NONE', #4237, #4889, #4565, .T. ) ;
#879 = AXIS2_PLACEMENT_3D ( 'NONE', #4319, #4427, #6440 ) ;
#880 = CARTESIAN_POINT ( 'NONE',  ( 51.84687500047795794, -11.99999999999998224, 8.889443056250000197 ) ) ;
#881 = AXIS2_PLACEMENT_3D ( 'NONE', #5227, #5166, #6132 ) ;
#882 = CARTESIAN_POINT ( 'NONE',  ( 51.10312500047797357, -10.97295962409045345, 8.000000000000000000 ) ) ;
#883 = CARTESIAN_POINT ( 'NONE',  ( 51.30729166714462508, 11.22971971806784808, 7.555278471875000790 ) ) ;
#884 = CARTESIAN_POINT ( 'NONE',  ( -14.64999999999999680, 28.00000000000000711, -1.921785944027805337 ) ) ;
#885 = CARTESIAN_POINT ( 'NONE',  ( 51.55977616920563378, -11.99999999999998224, 7.304717814982754298 ) ) ;
#886 = CARTESIAN_POINT ( 'NONE',  ( 49.99999999999998579, -31.00543409149459251, -27.23759253686869641 ) ) ;
#887 = LINE ( 'NONE', #392, #2322 ) ;
#888 = ORIENTED_EDGE ( 'NONE', *, *, #2446, .T. ) ;
#889 = EDGE_CURVE ( 'NONE', #3757, #1824, #4398, .T. ) ;
#890 = CARTESIAN_POINT ( 'NONE',  ( -50.76770833381129933, 12.51352018795479815, 7.110556943750000691 ) ) ;
#891 = CARTESIAN_POINT ( 'NONE',  ( -50.45416666762258728, -12.60621778264908954, 8.349999999999999645 ) ) ;
#892 = CYLINDRICAL_SURFACE ( 'NONE', #5828, 6.999999999999999112 ) ;
#893 = CARTESIAN_POINT ( 'NONE',  ( 51.21249999999999858, -11.19170962313450168, 7.999999999999998224 ) ) ;
#894 = ORIENTED_EDGE ( 'NONE', *, *, #5813, .F. ) ;
#895 = ORIENTED_EDGE ( 'NONE', *, *, #5862, .T. ) ;
#896 = DIRECTION ( 'NONE',  ( -1.000000000000000000, 0.000000000000000000, 0.000000000000000000 ) ) ;
#897 = FACE_OUTER_BOUND ( 'NONE', #6436, .T. ) ;
#898 = CARTESIAN_POINT ( 'NONE',  ( 51.24166666762258160, 12.40414518843275538, 7.300000000000000711 ) ) ;
#899 = CARTESIAN_POINT ( 'NONE',  ( 50.51359374999521634, -11.19389712312494822, 8.000000000000000000 ) ) ;
#900 = CARTESIAN_POINT ( 'NONE',  ( -50.01666666762258728, 11.59585481156727838, 7.300000000000000711 ) ) ;
#901 = CARTESIAN_POINT ( 'NONE',  ( -51.04479166714461513, 12.51352018795479815, 8.889443056249998421 ) ) ;
#902 =( BOUNDED_CURVE ( )  B_SPLINE_CURVE ( 3, ( #2817, #2781, #4763, #4222 ),
 .UNSPECIFIED., .F., .F. ) 
 B_SPLINE_CURVE_WITH_KNOTS ( ( 4, 4 ),
 ( 4.712388980384689674, 6.283185307179586232 ),
 .UNSPECIFIED. ) 
 CURVE ( )  GEOMETRIC_REPRESENTATION_ITEM ( )  RATIONAL_B_SPLINE_CURVE ( ( 1.000000000000000000, 0.8047378541243649375, 0.8047378541243649375, 1.000000000000000000 ) ) 
 REPRESENTATION_ITEM ( '' )  );
#903 = EDGE_LOOP ( 'NONE', ( #987, #5380 ) ) ;
#904 = VECTOR ( 'NONE', #6568, 1000.000000000000000 ) ;
#905 = CARTESIAN_POINT ( 'NONE',  ( 51.27812500047794941, 10.97295962409045522, 8.000000000000000000 ) ) ;
#906 = LINE ( 'NONE', #4487, #1647 ) ;
#907 = CARTESIAN_POINT ( 'NONE',  ( -51.37791465619993403, 11.25811883301339655, 7.884975874399307472 ) ) ;
#908 = CARTESIAN_POINT ( 'NONE',  ( -50.89276041666187922, 12.60457715765629239, 7.650947215281250102 ) ) ;
#909 = CARTESIAN_POINT ( 'NONE',  ( -50.00000000000000000, 12.51172035390617232, 8.727496549620342492 ) ) ;
#910 = CIRCLE ( 'NONE', #1351, 1.499999999999997780 ) ;
#911 = ORIENTED_EDGE ( 'NONE', *, *, #935, .F. ) ;
#912 = EDGE_CURVE ( 'NONE', #3028, #2272, #3447, .T. ) ;
#913 = CARTESIAN_POINT ( 'NONE',  ( 50.73854166714462366, -11.22971971806781255, 8.444721528125000987 ) ) ;
#914 = AXIS2_PLACEMENT_3D ( 'NONE', #6646, #4159, #4064 ) ;
#915 = CARTESIAN_POINT ( 'NONE',  ( 50.69479166714464213, -11.48647981204522139, 7.110556943750029113 ) ) ;
#916 = CARTESIAN_POINT ( 'NONE',  ( 51.16145833381128938, 12.51352018795479815, 8.889443056249998421 ) ) ;
#917 = LINE ( 'NONE', #3519, #311 ) ;
#918 = CARTESIAN_POINT ( 'NONE',  ( 51.53060950253897232, -12.40142135668244094, 7.304717814982755186 ) ) ;
#919 = CARTESIAN_POINT ( 'NONE',  ( -51.99999999999999289, -11.99999999999998224, 6.500000000000003553 ) ) ;
#920 = ORIENTED_EDGE ( 'NONE', *, *, #989, .F. ) ;
#921 = CARTESIAN_POINT ( 'NONE',  ( -49.85592728140355945, 11.16268873297791586, 8.328620456267843863 ) ) ;
#922 = DIRECTION ( 'NONE',  ( 0.000000000000000000, 0.000000000000000000, 1.000000000000000000 ) ) ;
#923 = CARTESIAN_POINT ( 'NONE',  ( -51.35833333428924874, -11.59585481156724462, 7.300000000000000711 ) ) ;
#924 = CARTESIAN_POINT ( 'NONE',  ( -51.00000000000000000, -29.00000000000001421, -30.00000000000000000 ) ) ;
#925 = CYLINDRICAL_SURFACE ( 'NONE', #5478, 1.500000000000001332 ) ;
#926 = ORIENTED_EDGE ( 'NONE', *, *, #1108, .F. ) ;
#927 = EDGE_LOOP ( 'NONE', ( #5846, #4162, #3305, #2751 ) ) ;
#928 = CARTESIAN_POINT ( 'NONE',  ( 50.65942708332855204, 11.39542284234374137, 8.349052784718749010 ) ) ;
#929 = CARTESIAN_POINT ( 'NONE',  ( -49.99999999999998579, 12.87788115970779224, 8.142946212756655200 ) ) ;
#930 = CARTESIAN_POINT ( 'NONE',  ( 50.30833333428924448, 12.40414518843275538, 8.700000000000001066 ) ) ;
#931 = CARTESIAN_POINT ( 'NONE',  ( 50.80416666666666714, -11.59585481156724462, 7.300000000000000711 ) ) ;
#932 = CARTESIAN_POINT ( 'NONE',  ( -50.00000000000001421, -12.00859727304253965, 8.872278647929437767 ) ) ;
#933 = CARTESIAN_POINT ( 'NONE',  ( -50.57812500047795368, 10.97295962409045522, 8.000000000000000000 ) ) ;
#934 = VERTEX_POINT ( 'NONE', #3608 ) ;
#935 = EDGE_CURVE ( 'NONE', #1849, #711, #680, .T. ) ;
#936 = CIRCLE ( 'NONE', #1813, 1.000000000000000888 ) ;
#937 = CARTESIAN_POINT ( 'NONE',  ( 51.07395833381128369, -11.22971971806781255, 7.555278471875000790 ) ) ;
#938 = CARTESIAN_POINT ( 'NONE',  ( 51.84687500047795794, 12.00000000000001776, 8.889443056250000197 ) ) ;
#939 = CARTESIAN_POINT ( 'NONE',  ( 51.99999999999999289, 28.00000000000001776, -1.599999999999997202 ) ) ;
#940 =( BOUNDED_CURVE ( )  B_SPLINE_CURVE ( 3, ( #1923, #5024, #5054, #2519 ),
 .UNSPECIFIED., .F., .F. ) 
 B_SPLINE_CURVE_WITH_KNOTS ( ( 4, 4 ),
 ( 4.712388980384689674, 6.283185307179586232 ),
 .UNSPECIFIED. ) 
 CURVE ( )  GEOMETRIC_REPRESENTATION_ITEM ( )  RATIONAL_B_SPLINE_CURVE ( ( 1.000000000000000000, 0.8047378541243649375, 0.8047378541243649375, 1.000000000000000000 ) ) 
 REPRESENTATION_ITEM ( '' )  );
#941 = DIRECTION ( 'NONE',  ( -1.000000000000000000, 0.000000000000000000, 0.000000000000000000 ) ) ;
#942 = AXIS2_PLACEMENT_3D ( 'NONE', #3076, #5596, #3579 ) ;
#943 = CYLINDRICAL_SURFACE ( 'NONE', #5566, 0.9999999999999940048 ) ;
#944 = CARTESIAN_POINT ( 'NONE',  ( 50.25000000095591446, -11.19170962313450701, 8.000000000000000000 ) ) ;
#945 = ORIENTED_EDGE ( 'NONE', *, *, #3632, .F. ) ;
#946 = CARTESIAN_POINT ( 'NONE',  ( 50.85520833381129080, -12.77028028193215548, 8.444721528124999210 ) ) ;
#947 = CARTESIAN_POINT ( 'NONE',  ( 49.99999999999999289, -11.48827964609393604, 7.272503450379584677 ) ) ;
#948 = CARTESIAN_POINT ( 'NONE',  ( 50.86979166714462508, 11.48647981204523560, 8.889443056249998421 ) ) ;
#949 = CARTESIAN_POINT ( 'NONE',  ( 50.77500000095591304, -12.80829037686545746, 8.000000000000000000 ) ) ;
#950 = CARTESIAN_POINT ( 'NONE',  ( -51.44583333333333286, -12.40414518843271985, 8.700000000000001066 ) ) ;
#951 = CARTESIAN_POINT ( 'NONE',  ( 51.07395833381129790, 12.77028028193216080, 7.555278471875015889 ) ) ;
#952 = B_SPLINE_CURVE_WITH_KNOTS ( 'NONE', 3,
 ( #5257, #1693, #1181, #1261, #4800, #5766 ),
 .UNSPECIFIED., .F., .F.,
 ( 4, 2, 4 ),
 ( 0.02415173317496966537, 0.02462361391621239667, 0.02509549465745512797 ),
 .UNSPECIFIED. ) ;
#953 = ORIENTED_EDGE ( 'NONE', *, *, #2607, .T. ) ;
#954 = CARTESIAN_POINT ( 'NONE',  ( -51.46770833381129506, 12.51352018795479815, 7.110556943750000691 ) ) ;
#955 = APPLICATION_PROTOCOL_DEFINITION ( 'draft international standard', 'automotive_design', 1998, #6383 ) ;
#956 = CARTESIAN_POINT ( 'NONE',  ( -49.74655161468422193, -12.65897641701534759, 8.258619364739685054 ) ) ;
#957 = CARTESIAN_POINT ( 'NONE',  ( -51.00000000000000000, -23.00000000000001421, -27.45220836013659138 ) ) ;
#958 = DIRECTION ( 'NONE',  ( 0.000000000000000000, 0.000000000000000000, -1.000000000000000000 ) ) ;
#959 = ORIENTED_EDGE ( 'NONE', *, *, #6563, .F. ) ;
#960 = EDGE_CURVE ( 'NONE', #4047, #3872, #6661, .T. ) ;
#961 = ORIENTED_EDGE ( 'NONE', *, *, #5862, .F. ) ;
#962 = LINE ( 'NONE', #5079, #2122 ) ;
#963 = CARTESIAN_POINT ( 'NONE',  ( 50.86250000095591162, 12.00000000000001776, 7.300000000000000711 ) ) ;
#964 = CARTESIAN_POINT ( 'NONE',  ( 51.47500000000000142, -11.99999999999998224, 7.300000000000000711 ) ) ;
#965 = CARTESIAN_POINT ( 'NONE',  ( -49.99999999999999289, -11.72059455534665240, 8.854513739257274807 ) ) ;
#966 = CARTESIAN_POINT ( 'NONE',  ( -50.46145833381128654, 12.51352018795479815, 7.110556943749999803 ) ) ;
#967 = ORIENTED_EDGE ( 'NONE', *, *, #6638, .T. ) ;
#968 = ORIENTED_EDGE ( 'NONE', *, *, #4668, .F. ) ;
#969 = CARTESIAN_POINT ( 'NONE',  ( 51.36562500047795510, -11.99999999999998224, 7.110556943750000691 ) ) ;
#970 = CARTESIAN_POINT ( 'NONE',  ( 50.81145833381128796, 12.51352018795479815, 8.889443056249998421 ) ) ;
#971 = CARTESIAN_POINT ( 'NONE',  ( -51.39999999999999858, -11.10897076473279022, 7.878946240561931269 ) ) ;
#972 = CARTESIAN_POINT ( 'NONE',  ( 35.00000000000001421, 19.00000000000001776, -20.00000000000000711 ) ) ;
#973 = CARTESIAN_POINT ( 'NONE',  ( -51.39999999999998437, -11.99528923676238712, 8.840227577399099701 ) ) ;
#974 =( GEOMETRIC_REPRESENTATION_CONTEXT ( 3 ) GLOBAL_UNCERTAINTY_ASSIGNED_CONTEXT ( ( #5071 ) ) GLOBAL_UNIT_ASSIGNED_CONTEXT ( ( #983, #2449, #3492 ) ) REPRESENTATION_CONTEXT ( 'NONE', 'WORKASPACE' ) );
#975 = CARTESIAN_POINT ( 'NONE',  ( 51.61354166714462366, -12.77028028193215370, 7.555278471875000790 ) ) ;
#976 = LINE ( 'NONE', #3042, #389 ) ;
#977 = CARTESIAN_POINT ( 'NONE',  ( 50.66562500047795936, 12.00000000000001776, 7.110556943750000691 ) ) ;
#978 = CARTESIAN_POINT ( 'NONE',  ( -14.64999999999999680, 33.00000000000000000, 1.278214055972197061 ) ) ;
#979 = CARTESIAN_POINT ( 'NONE',  ( 49.73797891994325227, -12.68245356128931611, 7.844252972151938508 ) ) ;
#980 = CARTESIAN_POINT ( 'NONE',  ( -51.73749999999999716, -12.80829037686545746, 8.000000000000000000 ) ) ;
#981 = VECTOR ( 'NONE', #398, 1000.000000000000000 ) ;
#982 = ORIENTED_EDGE ( 'NONE', *, *, #3316, .F. ) ;
#983 =( LENGTH_UNIT ( ) NAMED_UNIT ( * ) SI_UNIT ( .MILLI., .METRE. ) );
#984 = CARTESIAN_POINT ( 'NONE',  ( -50.86250000095591162, -11.99999999999998224, 8.699999999999999289 ) ) ;
#985 = CARTESIAN_POINT ( 'NONE',  ( 50.83333333333293069, -11.39378221735028340, 7.649999999999657518 ) ) ;
#986 = CARTESIAN_POINT ( 'NONE',  ( -33.19999999999999574, 5.000000000000018652, -16.26104180068288585 ) ) ;
#987 = ORIENTED_EDGE ( 'NONE', *, *, #5450, .T. ) ;
#988 = ORIENTED_EDGE ( 'NONE', *, *, #4624, .T. ) ;
#989 = EDGE_CURVE ( 'NONE', #789, #6420, #2803, .T. ) ;
#990 = CARTESIAN_POINT ( 'NONE',  ( 50.99999999999999289, 21.77691726716656717, -10.15474329268756648 ) ) ;
#991 = CARTESIAN_POINT ( 'NONE',  ( 51.70560950272231793, 12.40142135686582314, 8.695282185334807679 ) ) ;
#992 = CARTESIAN_POINT ( 'NONE',  ( -51.42395833381129222, 12.77028028193218745, 8.444721528124999210 ) ) ;
#993 = CARTESIAN_POINT ( 'NONE',  ( 50.68750000000000000, -12.80829037686545746, 8.000000000000000000 ) ) ;
#994 = EDGE_CURVE ( 'NONE', #5070, #1607, #3880, .T. ) ;
#995 = CARTESIAN_POINT ( 'NONE',  ( -51.39999999999999147, -11.99999999999998224, 8.000000000000000000 ) ) ;
#996 = CARTESIAN_POINT ( 'NONE',  ( 51.38945811349106663, 12.85170797221203109, 7.696315368582671290 ) ) ;
#997 = ORIENTED_EDGE ( 'NONE', *, *, #3065, .T. ) ;
#998 = ORIENTED_EDGE ( 'NONE', *, *, #6444, .T. ) ;
#999 = CARTESIAN_POINT ( 'NONE',  ( 51.13229166714462082, -11.22971971806781255, 8.444721528125000987 ) ) ;
#1000 = CARTESIAN_POINT ( 'NONE',  ( 50.79687500047795368, 12.00000000000001776, 8.889443056250000197 ) ) ;
#1001 = CARTESIAN_POINT ( 'NONE',  ( -50.62916666762257734, -11.39378221735087671, 7.650000000000000355 ) ) ;
#1002 = FACE_OUTER_BOUND ( 'NONE', #3405, .T. ) ;
#1003 = MECHANICAL_DESIGN_GEOMETRIC_PRESENTATION_REPRESENTATION (  '', ( #2415 ), #5097 ) ;
#1004 = CARTESIAN_POINT ( 'NONE',  ( 50.02518351315023182, 11.53684837487086234, 8.597797853668208035 ) ) ;
#1005 = CARTESIAN_POINT ( 'NONE',  ( -50.07609374999521634, 12.00000000000001776, 8.698105569437499796 ) ) ;
#1006 = CARTESIAN_POINT ( 'NONE',  ( 51.03750000000000142, -12.80829037686546457, 8.000000000000000000 ) ) ;
#1007 = DIRECTION ( 'NONE',  ( 1.000000000000000000, -0.000000000000000000, -0.000000000000000000 ) ) ;
#1008 = CARTESIAN_POINT ( 'NONE',  ( 50.01281538259581083, -11.32781338211153965, 7.385375261850733786 ) ) ;
#1009 = CARTESIAN_POINT ( 'NONE',  ( 50.43229166714461797, 12.77028028193218745, 8.444721528125000987 ) ) ;
#1010 = DIRECTION ( 'NONE',  ( 0.000000000000000000, 0.000000000000000000, -1.000000000000000000 ) ) ;
#1011 = CARTESIAN_POINT ( 'NONE',  ( 50.39310950253896948, -12.60213203502367030, 8.347641092508624183 ) ) ;
#1012 = CARTESIAN_POINT ( 'NONE',  ( -51.62083333333333002, -11.59585481156724462, 7.300000000000000711 ) ) ;
#1013 = AXIS2_PLACEMENT_3D ( 'NONE', #4069, #490, #6650 ) ;
#1014 = VERTEX_POINT ( 'NONE', #4036 ) ;
#1015 = DIRECTION ( 'NONE',  ( -1.000000000000000000, 0.000000000000000000, 0.000000000000000000 ) ) ;
#1016 = DIRECTION ( 'NONE',  ( -1.000000000000000000, 0.000000000000000000, 0.000000000000000000 ) ) ;
#1017 = CARTESIAN_POINT ( 'NONE',  ( 36.38000000000000966, 5.000000000000018652, -16.26104180068288940 ) ) ;
#1018 = CARTESIAN_POINT ( 'NONE',  ( -50.73854166714468050, -11.22971971806781255, 7.555278471875000790 ) ) ;
#1019 = CARTESIAN_POINT ( 'NONE',  ( -49.88078592025374292, -12.90305630419712202, 8.040572627733826749 ) ) ;
#1020 = ORIENTED_EDGE ( 'NONE', *, *, #6026, .F. ) ;
#1021 = VECTOR ( 'NONE', #4970, 1000.000000000000000 ) ;
#1022 = ORIENTED_EDGE ( 'NONE', *, *, #2445, .F. ) ;
#1023 = DIRECTION ( 'NONE',  ( -0.000000000000000000, 0.000000000000000000, 1.000000000000000000 ) ) ;
#1024 = CARTESIAN_POINT ( 'NONE',  ( 49.78333333428924590, 11.59585481156727838, 7.300000000000000711 ) ) ;
#1025 = CARTESIAN_POINT ( 'NONE',  ( 50.75312500047796505, 13.02704037590954655, 8.000000000000000000 ) ) ;
#1026 = CARTESIAN_POINT ( 'NONE',  ( 50.04692708332855489, -12.40305143843749924, 7.301894430562501093 ) ) ;
#1027 = CARTESIAN_POINT ( 'NONE',  ( -51.00000000000000000, -23.00000000000001776, -30.00000000000000000 ) ) ;
#1028 = DIRECTION ( 'NONE',  ( 0.000000000000000000, 0.000000000000000000, 1.000000000000000000 ) ) ;
#1029 = ORIENTED_EDGE ( 'NONE', *, *, #360, .F. ) ;
#1030 = ADVANCED_FACE ( 'NONE', ( #3977 ), #925, .F. ) ;
#1031 = ADVANCED_FACE ( 'NONE', ( #4569, #1466 ), #4005, .T. ) ;
#1032 = ADVANCED_FACE ( 'NONE', ( #1943, #6108 ), #6616, .T. ) ;
#1033 = ORIENTED_EDGE ( 'NONE', *, *, #4646, .T. ) ;
#1034 =( BOUNDED_CURVE ( )  B_SPLINE_CURVE ( 2, ( #3325, #3826, #1218, #254, #5943, #288, #1873 ),
 .UNSPECIFIED., .F., .F. ) 
 B_SPLINE_CURVE_WITH_KNOTS ( ( 3, 2, 2, 3 ),
 ( 0.008782335732866826741, 0.009514243807975244355, 0.01024615188308366370, 0.01097805995819208132 ),
 .UNSPECIFIED. ) 
 CURVE ( )  GEOMETRIC_REPRESENTATION_ITEM ( )  RATIONAL_B_SPLINE_CURVE ( ( 0.9999999999999563682, 0.8660254037844823394, 1.000000000000000000, 0.8660254037844387076, 1.000000000000000000, 0.8660254037845758202, 0.9999999999998628875 ) ) 
 REPRESENTATION_ITEM ( '' )  );
#1035 = CARTESIAN_POINT ( 'NONE',  ( 51.48229166714462224, -11.22971971806781255, 8.444721528125000987 ) ) ;
#1036 = CARTESIAN_POINT ( 'NONE',  ( 51.14687500047796220, 12.00000000000001776, 8.889443056250000197 ) ) ;
#1037 = CARTESIAN_POINT ( 'NONE',  ( -50.62916666762257734, 12.60621778264912329, 7.650000000000000355 ) ) ;
#1038 = DIRECTION ( 'NONE',  ( 1.000000000000000000, 0.000000000000000000, 0.000000000000000000 ) ) ;
#1039 = CARTESIAN_POINT ( 'NONE',  ( -20.54999999999999361, 30.00000000000000711, -0.9217859440278043381 ) ) ;
#1040 = CARTESIAN_POINT ( 'NONE',  ( -51.47500000000000142, 12.00000000000001776, 8.699999999999999289 ) ) ;
#1041 = DIRECTION ( 'NONE',  ( 0.000000000000000000, 0.000000000000000000, 1.000000000000000000 ) ) ;
#1042 = EDGE_CURVE ( 'NONE', #3559, #711, #1610, .T. ) ;
#1043 = CARTESIAN_POINT ( 'NONE',  ( -49.99999999999997158, 12.88445291366651091, 8.010992083459795410 ) ) ;
#1044 = CARTESIAN_POINT ( 'NONE',  ( 50.31562500047796505, -11.99999999999998224, 7.110556943750028225 ) ) ;
#1045 = CARTESIAN_POINT ( 'NONE',  ( 36.00000000000000711, 19.58578643762691840, -10.95224969402301163 ) ) ;
#1046 = LINE ( 'NONE', #5658, #415 ) ;
#1047 = DIRECTION ( 'NONE',  ( -1.000000000000000000, 0.000000000000000000, 0.000000000000000000 ) ) ;
#1048 = CARTESIAN_POINT ( 'NONE',  ( -51.21979166714461940, -12.51352018795476440, 7.110556943749999803 ) ) ;
#1049 = ORIENTED_EDGE ( 'NONE', *, *, #5600, .T. ) ;
#1050 = CARTESIAN_POINT ( 'NONE',  ( 51.47609374999522203, 12.00000000000001776, 7.301894430562501093 ) ) ;
#1051 = DIRECTION ( 'NONE',  ( 0.000000000000000000, -0.000000000000000000, -1.000000000000000000 ) ) ;
#1052 = CARTESIAN_POINT ( 'NONE',  ( -50.95000000095590309, -11.19170962313450701, 8.000000000000000000 ) ) ;
#1053 = CYLINDRICAL_SURFACE ( 'NONE', #2286, 1.499999999999997780 ) ;
#1054 = FACE_OUTER_BOUND ( 'NONE', #927, .T. ) ;
#1055 = CARTESIAN_POINT ( 'NONE',  ( -50.16979166714462224, -12.51352018795476440, 7.110556943749999803 ) ) ;
#1056 = EDGE_LOOP ( 'NONE', ( #3394, #4478, #5995, #4186 ) ) ;
#1057 = ORIENTED_EDGE ( 'NONE', *, *, #2729, .T. ) ;
#1058 = CARTESIAN_POINT ( 'NONE',  ( 51.67644283605564226, 12.60213203529872317, 8.347641092667403839 ) ) ;
#1059 = CARTESIAN_POINT ( 'NONE',  ( 50.31562500047796505, 12.00000000000001776, 7.110556943750031778 ) ) ;
#1060 = CARTESIAN_POINT ( 'NONE',  ( 51.41666666666666430, -12.60621778264908954, 7.650000000000000355 ) ) ;
#1061 = CARTESIAN_POINT ( 'NONE',  ( -51.70104166714462224, -11.48647981204520363, 8.889443056249998421 ) ) ;
#1062 = CARTESIAN_POINT ( 'NONE',  ( 50.88437500047803042, 10.97295962409045522, 8.000000000000000000 ) ) ;
#1063 = ORIENTED_EDGE ( 'NONE', *, *, #1701, .T. ) ;
#1064 = AXIS2_PLACEMENT_3D ( 'NONE', #4758, #3747, #746 ) ;
#1065 = CARTESIAN_POINT ( 'NONE',  ( 49.89967728140355518, -12.83731126702205927, 7.671379543732107287 ) ) ;
#1066 = CARTESIAN_POINT ( 'NONE',  ( 50.41770833381128369, 12.51352018795479815, 8.889443056249998421 ) ) ;
#1067 = CARTESIAN_POINT ( 'NONE',  ( 36.00000000000001421, 19.00000000000001776, -9.037102976004220523 ) ) ;
#1068 = CARTESIAN_POINT ( 'NONE',  ( -49.99999999999998579, 12.27940544465330319, 8.854513739257271254 ) ) ;
#1069 = CARTESIAN_POINT ( 'NONE',  ( -51.32187500047795936, 12.00000000000001776, 8.889443056249998421 ) ) ;
#1070 = CARTESIAN_POINT ( 'NONE',  ( -51.70833333333332860, 11.39378221735091223, 7.650000000000001243 ) ) ;
#1071 = CARTESIAN_POINT ( 'NONE',  ( 50.13333333333333997, 12.60621778264912152, 7.650000000000004796 ) ) ;
#1072 =( BOUNDED_CURVE ( )  B_SPLINE_CURVE ( 2, ( #3855, #243, #6438, #703, #4316, #205, #4425 ),
 .UNSPECIFIED., .F., .F. ) 
 B_SPLINE_CURVE_WITH_KNOTS ( ( 3, 2, 2, 3 ),
 ( 0.01976069696071109175, 0.02049261553805581740, 0.02122453411540053958, 0.02195645269274526523 ),
 .UNSPECIFIED. ) 
 CURVE ( )  GEOMETRIC_REPRESENTATION_ITEM ( )  RATIONAL_B_SPLINE_CURVE ( ( 0.9999999999996310729, 0.8660254037848076347, 1.000000000000000000, 0.8660254037844387076, 1.000000000000000000, 0.8660254037844387076, 1.000000000000000000 ) ) 
 REPRESENTATION_ITEM ( '' )  );
#1073 = DIRECTION ( 'NONE',  ( -1.000000000000000000, 0.000000000000000000, 0.000000000000000000 ) ) ;
#1074 = CARTESIAN_POINT ( 'NONE',  ( -52.00000000000000000, 5.000000000000018652, -16.26104180068288585 ) ) ;
#1075 = PLANE ( 'NONE',  #1769 ) ;
#1076 = CARTESIAN_POINT ( 'NONE',  ( 52.00000000000000000, 12.00000000000001776, 7.300000000000000711 ) ) ;
#1077 = EDGE_CURVE ( 'NONE', #6270, #4977, #4866, .T. ) ;
#1078 = CARTESIAN_POINT ( 'NONE',  ( -14.64999999999999680, 30.00000000000000711, -1.921785944027805337 ) ) ;
#1079 = CARTESIAN_POINT ( 'NONE',  ( -50.60000000000000142, -11.99999999999998224, 7.300000000000000711 ) ) ;
#1080 = EDGE_CURVE ( 'NONE', #6030, #2028, #5041, .T. ) ;
#1081 = EDGE_LOOP ( 'NONE', ( #5263, #3080, #590, #4636 ) ) ;
#1082 = CARTESIAN_POINT ( 'NONE',  ( 51.68026041666188775, 11.59694856156249898, 8.698105569437499796 ) ) ;
#1083 = CARTESIAN_POINT ( 'NONE',  ( 51.40937500047795794, -10.97295962409042147, 8.000000000000000000 ) ) ;
#1084 = CARTESIAN_POINT ( 'NONE',  ( -50.02400769653549872, 11.43912174091220280, 8.447654358452789225 ) ) ;
#1085 = PLANE ( 'NONE',  #1424 ) ;
#1086 = CARTESIAN_POINT ( 'NONE',  ( -51.09583333428924590, -12.60621778264908954, 7.650000000000001243 ) ) ;
#1087 = CARTESIAN_POINT ( 'NONE',  ( -51.54062500047795226, -11.99999999999998224, 7.110556943750000691 ) ) ;
#1088 = VERTEX_POINT ( 'NONE', #5543 ) ;
#1089 = ORIENTED_EDGE ( 'NONE', *, *, #3104, .T. ) ;
#1090 = AXIS2_PLACEMENT_3D ( 'NONE', #2797, #2722, #3771 ) ;
#1091 = CARTESIAN_POINT ( 'NONE',  ( 50.36394283605564226, 11.59857864313421416, 8.695282185334807679 ) ) ;
#1092 = CARTESIAN_POINT ( 'NONE',  ( -51.74479166714463219, 12.51352018795479815, 8.889443056249998421 ) ) ;
#1093 = CARTESIAN_POINT ( 'NONE',  ( 51.68645833381129506, -12.51352018795476262, 7.110556943749999803 ) ) ;
#1094 = CARTESIAN_POINT ( 'NONE',  ( 50.79687500047802473, 12.00000000000001776, 8.889443056250000197 ) ) ;
#1095 = VERTEX_POINT ( 'NONE', #986 ) ;
#1096 = DIRECTION ( 'NONE',  ( -1.000000000000000000, 0.000000000000000000, 0.000000000000000000 ) ) ;
#1097 = CARTESIAN_POINT ( 'NONE',  ( 50.94270833381129648, 11.48647981204523738, 7.110556943749999803 ) ) ;
#1098 = CARTESIAN_POINT ( 'NONE',  ( 50.24999999999999289, -11.99999999999998224, 8.699999999999999289 ) ) ;
#1099 = CARTESIAN_POINT ( 'NONE',  ( 50.00000000000007816, -11.93937778865777055, 8.778327843464214908 ) ) ;
#1100 = LINE ( 'NONE', #596, #5744 ) ;
#1101 = CARTESIAN_POINT ( 'NONE',  ( -50.63026041666187638, 11.59694856156249898, 7.301894430562501093 ) ) ;
#1102 = LINE ( 'NONE', #4115, #5537 ) ;
#1103 = CARTESIAN_POINT ( 'NONE',  ( -52.00000000000000000, -19.99999999999998579, -25.36029765733796637 ) ) ;
#1104 = LINE ( 'NONE', #4622, #5731 ) ;
#1105 = CARTESIAN_POINT ( 'NONE',  ( 50.10144283587229808, -12.60213203502367030, 7.652358907491377593 ) ) ;
#1106 = CARTESIAN_POINT ( 'NONE',  ( -51.01562500047795368, -11.99999999999998224, 8.889443056250000197 ) ) ;
#1107 =( BOUNDED_CURVE ( )  B_SPLINE_CURVE ( 2, ( #1420, #2879, #877, #1870, #5560, #6064, #383 ),
 .UNSPECIFIED., .F., .F. ) 
 B_SPLINE_CURVE_WITH_KNOTS ( ( 3, 2, 2, 3 ),
 ( 0.4374491578617133447, 0.4666114182323634063, 0.4957746318718861955, 0.5249370810981376367 ),
 .UNSPECIFIED. ) 
 CURVE ( )  GEOMETRIC_REPRESENTATION_ITEM ( )  RATIONAL_B_SPLINE_CURVE ( ( 0.9999912417308154389, 0.8660297830621780379, 1.000000000000000000, 0.8660254037844387076, 1.000000000000000000, 0.8660289154673633805, 0.9999929768182440615 ) ) 
 REPRESENTATION_ITEM ( '' )  );
#1108 = EDGE_CURVE ( 'NONE', #3872, #4986, #5712, .T. ) ;
#1109 = EDGE_CURVE ( 'NONE', #1152, #835, #2482, .T. ) ;
#1110 = ADVANCED_FACE ( 'NONE', ( #4095 ), #5546, .T. ) ;
#1111 = VERTEX_POINT ( 'NONE', #6259 ) ;
#1112 = CARTESIAN_POINT ( 'NONE',  ( 51.53442708332855204, 12.60457715765629239, 7.650947215281250102 ) ) ;
#1113 = CARTESIAN_POINT ( 'NONE',  ( 51.11770833381128654, -11.48647981204520363, 8.889443056249998421 ) ) ;
#1114 = AXIS2_PLACEMENT_3D ( 'NONE', #366, #2480, #6076 ) ;
#1115 = CARTESIAN_POINT ( 'NONE',  ( -50.16250000000000853, 12.80829037686549299, 7.999999999999998224 ) ) ;
#1116 = DIRECTION ( 'NONE',  ( 0.000000000000000000, -1.000000000000000000, 0.000000000000000000 ) ) ;
#1117 = LINE ( 'NONE', #645, #1785 ) ;
#1118 = CARTESIAN_POINT ( 'NONE',  ( -50.86979166714462508, -12.51352018795476440, 7.110556943749999803 ) ) ;
#1119 = ORIENTED_EDGE ( 'NONE', *, *, #2348, .T. ) ;
#1120 = VECTOR ( 'NONE', #1752, 1000.000000000000000 ) ;
#1121 = ORIENTED_EDGE ( 'NONE', *, *, #351, .F. ) ;
#1122 = CARTESIAN_POINT ( 'NONE',  ( 50.97644283605564652, 12.60213203529872317, 8.347641092667403839 ) ) ;
#1123 = CARTESIAN_POINT ( 'NONE',  ( -51.65729166714461940, 11.22971971806784808, 8.444721528125000987 ) ) ;
#1124 = CARTESIAN_POINT ( 'NONE',  ( -51.50526041666188348, -11.59694856156246701, 8.698105569437499796 ) ) ;
#1125 = CARTESIAN_POINT ( 'NONE',  ( 50.16250000000000142, -11.19170962313450701, 8.000000000000000000 ) ) ;
#1126 = CARTESIAN_POINT ( 'NONE',  ( 50.77499999999899671, -12.00000000001403677, 7.300000000000002487 ) ) ;
#1127 = FACE_OUTER_BOUND ( 'NONE', #2359, .T. ) ;
#1128 = VERTEX_POINT ( 'NONE', #5360 ) ;
#1129 = ORIENTED_EDGE ( 'NONE', *, *, #4089, .T. ) ;
#1130 = DIRECTION ( 'NONE',  ( -1.000000000000000000, 0.000000000000000000, 0.000000000000000000 ) ) ;
#1131 = CARTESIAN_POINT ( 'NONE',  ( 49.95104166714462224, 12.51352018795479815, 7.110556943749999803 ) ) ;
#1132 = CARTESIAN_POINT ( 'NONE',  ( 51.26354166714462934, 11.22971971806784808, 7.555278471875000790 ) ) ;
#1133 = DIRECTION ( 'NONE',  ( -1.000000000000000000, -1.334402673828313339E-16, 0.000000000000000000 ) ) ;
#1134 = CARTESIAN_POINT ( 'NONE',  ( -51.03020833381129506, 12.77028028193218745, 8.444721528124999210 ) ) ;
#1135 = CARTESIAN_POINT ( 'NONE',  ( -51.73749999999999716, 11.19170962313454076, 8.000000000000000000 ) ) ;
#1136 = DIRECTION ( 'NONE',  ( -1.334402673828313339E-16, 1.000000000000000000, 0.000000000000000000 ) ) ;
#1137 = CARTESIAN_POINT ( 'NONE',  ( 51.03020833381135191, -11.22971971806781255, 7.555278471875000790 ) ) ;
#1138 = CARTESIAN_POINT ( 'NONE',  ( 50.51323675391357426, -11.99995193485837497, 7.300000003990494868 ) ) ;
#1139 = CARTESIAN_POINT ( 'NONE',  ( 50.01394283587230660, -12.40142135668244094, 8.695282185017244814 ) ) ;
#1140 = CARTESIAN_POINT ( 'NONE',  ( -50.68750000000000000, -12.80829037686545746, 8.000000000000000000 ) ) ;
#1141 = CARTESIAN_POINT ( 'NONE',  ( 49.99999999999998579, -11.12211884029219711, 7.857053787243417631 ) ) ;
#1142 = EDGE_LOOP ( 'NONE', ( #233, #5104, #2657, #1089, #6173, #3304, #6206, #2236 ) ) ;
#1143 = CARTESIAN_POINT ( 'NONE',  ( 51.38859374999522345, 11.19389712312498020, 8.000000000000000000 ) ) ;
#1144 = PLANE ( 'NONE',  #5462 ) ;
#1145 = CARTESIAN_POINT ( 'NONE',  ( 50.97187500047795794, -11.99999999999998224, 7.110556943750000691 ) ) ;
#1146 =( BOUNDED_CURVE ( )  B_SPLINE_CURVE ( 2, ( #4158, #4062, #1594, #1052, #1524, #3619, #546 ),
 .UNSPECIFIED., .F., .F. ) 
 B_SPLINE_CURVE_WITH_KNOTS ( ( 3, 2, 2, 3 ),
 ( 0.3333333333333329263, 0.3611111111111109384, 0.3888888888888890061, 0.4166666666666670182 ),
 .UNSPECIFIED. ) 
 CURVE ( )  GEOMETRIC_REPRESENTATION_ITEM ( )  RATIONAL_B_SPLINE_CURVE ( ( 1.000000000000001776, 0.8660254037844368202, 1.000000000000000000, 0.8660254037844387076, 1.000000000000000000, 0.8660254037844371533, 1.000000000000001554 ) ) 
 REPRESENTATION_ITEM ( '' )  );
#1147 = FACE_OUTER_BOUND ( 'NONE', #4006, .T. ) ;
#1148 = VECTOR ( 'NONE', #3358, 1000.000000000000000 ) ;
#1149 = CARTESIAN_POINT ( 'NONE',  ( -51.39999999999998437, 12.51172035390603732, 8.727496549620433086 ) ) ;
#1150 = CARTESIAN_POINT ( 'NONE',  ( -50.24270833381135049, -12.51352018795476262, 8.889443056250000197 ) ) ;
#1151 = CARTESIAN_POINT ( 'NONE',  ( -50.05312500047796220, -10.97295962409042147, 8.000000000000000000 ) ) ;
#1152 = VERTEX_POINT ( 'NONE', #5836 ) ;
#1153 = VERTEX_POINT ( 'NONE', #251 ) ;
#1154 = ORIENTED_EDGE ( 'NONE', *, *, #6174, .F. ) ;
#1155 = CARTESIAN_POINT ( 'NONE',  ( 49.92644283605564226, 12.60213203529872317, 8.347641092667403839 ) ) ;
#1156 = EDGE_CURVE ( 'NONE', #6136, #26, #2300, .T. ) ;
#1157 = CARTESIAN_POINT ( 'NONE',  ( -51.04479166714461513, 12.51352018795479815, 8.889443056249998421 ) ) ;
#1158 = DIRECTION ( 'NONE',  ( 1.000000000000000000, -0.000000000000000000, -0.000000000000000000 ) ) ;
#1159 = CARTESIAN_POINT ( 'NONE',  ( 51.36562500047795510, -11.99999999999998224, 7.110556943750000691 ) ) ;
#1160 = CARTESIAN_POINT ( 'NONE',  ( -51.00000000000000000, 26.51471862576144289, -9.430324622293053238 ) ) ;
#1161 = ADVANCED_FACE ( 'NONE', ( #1653 ), #3861, .F. ) ;
#1162 = ORIENTED_EDGE ( 'NONE', *, *, #5237, .T. ) ;
#1163 = VERTEX_POINT ( 'NONE', #6295 ) ;
#1164 = DIRECTION ( 'NONE',  ( -0.000000000000000000, -0.000000000000000000, 1.000000000000000000 ) ) ;
#1165 = CARTESIAN_POINT ( 'NONE',  ( 52.00000000000000000, 12.00000000000001776, 7.300000000000000711 ) ) ;
#1166 = CARTESIAN_POINT ( 'NONE',  ( -44.99999999999995737, 28.00000000000000355, -5.761370867608393453 ) ) ;
#1167 = CARTESIAN_POINT ( 'NONE',  ( 50.48333333428925584, 11.59585481156728015, 7.300000000000000711 ) ) ;
#1168 = CARTESIAN_POINT ( 'NONE',  ( -51.84687500047795794, 12.00000000000001776, 7.110556943750001579 ) ) ;
#1169 = CARTESIAN_POINT ( 'NONE',  ( -50.86249999999999716, 12.80829037686549299, 8.000000000000000000 ) ) ;
#1170 = CARTESIAN_POINT ( 'NONE',  ( 51.68645833381129506, 11.48647981204523738, 7.110556943749999803 ) ) ;
#1171 = FACE_OUTER_BOUND ( 'NONE', #6308, .T. ) ;
#1172 = CARTESIAN_POINT ( 'NONE',  ( 51.35104166714468477, -11.48647981204520363, 7.110556943750000691 ) ) ;
#1173 = DIRECTION ( 'NONE',  ( 1.000000000000000000, 0.000000000000000000, 0.000000000000000000 ) ) ;
#1174 = CARTESIAN_POINT ( 'NONE',  ( 51.79692708332856199, -12.40305143843749924, 7.301894430562501093 ) ) ;
#1175 = CARTESIAN_POINT ( 'NONE',  ( -51.62812500047795083, -13.02704037590954478, 8.000000000000000000 ) ) ;
#1176 = CARTESIAN_POINT ( 'NONE',  ( -48.51471862576142513, -29.00000000000001776, -28.63602976573380943 ) ) ;
#1177 = CARTESIAN_POINT ( 'NONE',  ( 51.00833333333332575, 11.39378221735091223, 8.349999999999999645 ) ) ;
#1178 = CARTESIAN_POINT ( 'NONE',  ( 52.00000000000000000, -11.99999999999998224, 8.699999999999999289 ) ) ;
#1179 = CARTESIAN_POINT ( 'NONE',  ( 50.95000000095591020, -11.19170962313450701, 8.000000000000000000 ) ) ;
#1180 = VERTEX_POINT ( 'NONE', #2188 ) ;
#1181 = CARTESIAN_POINT ( 'NONE',  ( 50.05004696426610167, -12.31412902186934843, 7.354785431604224932 ) ) ;
#1182 = CARTESIAN_POINT ( 'NONE',  ( -50.57812500047798210, -13.02704037590951103, 8.000000000000000000 ) ) ;
#1183 = DIRECTION ( 'NONE',  ( 0.000000000000000000, -1.000000000000000000, 0.000000000000000000 ) ) ;
#1184 = CARTESIAN_POINT ( 'NONE',  ( -51.03020833381129506, -11.22971971806781255, 8.444721528124999210 ) ) ;
#1185 = ORIENTED_EDGE ( 'NONE', *, *, #4841, .T. ) ;
#1186 = ORIENTED_EDGE ( 'NONE', *, *, #433, .T. ) ;
#1187 = VECTOR ( 'NONE', #3719, 1000.000000000000000 ) ;
#1188 = ORIENTED_EDGE ( 'NONE', *, *, #2727, .T. ) ;
#1189 =( BOUNDED_CURVE ( )  B_SPLINE_CURVE ( 2, ( #2234, #5804, #5879, #258, #4294, #2783, #6340 ),
 .UNSPECIFIED., .F., .F. ) 
 B_SPLINE_CURVE_WITH_KNOTS ( ( 3, 2, 2, 3 ),
 ( 0.01536941293373382360, 0.01610122203698255428, 0.01683303114023127975, 0.01756484024348000869 ),
 .UNSPECIFIED. ) 
 CURVE ( )  GEOMETRIC_REPRESENTATION_ITEM ( )  RATIONAL_B_SPLINE_CURVE ( ( 0.9999999999973162579, 0.8660254037871224497, 1.000000000000000000, 0.8660254037844387076, 1.000000000000000000, 0.8660254037844178354, 1.000000000000020872 ) ) 
 REPRESENTATION_ITEM ( '' )  );
#1190 = CARTESIAN_POINT ( 'NONE',  ( 50.85977616938897938, 12.00000000000001776, 7.304717814665191433 ) ) ;
#1191 = CARTESIAN_POINT ( 'NONE',  ( -50.72395833381128227, 12.77028028193218745, 8.444721528124999210 ) ) ;
#1192 = CARTESIAN_POINT ( 'NONE',  ( -50.89276041666187922, -11.39542284234370761, 7.650947215281250102 ) ) ;
#1193 = CARTESIAN_POINT ( 'NONE',  ( 50.78229166714461940, -11.22971971806781255, 8.444721528125000987 ) ) ;
#1194 = CARTESIAN_POINT ( 'NONE',  ( -51.32187500047795936, -11.99999999999998224, 8.889443056249998421 ) ) ;
#1195 = FACE_BOUND ( 'NONE', #3283, .T. ) ;
#1196 = CARTESIAN_POINT ( 'NONE',  ( -51.39999999999997726, -12.12804937323624621, 8.816772125358998125 ) ) ;
#1197 = ORIENTED_EDGE ( 'NONE', *, *, #2020, .T. ) ;
#1198 = AXIS2_PLACEMENT_3D ( 'NONE', #4139, #3564, #5614 ) ;
#1199 = AXIS2_PLACEMENT_3D ( 'NONE', #346, #2911, #5590 ) ;
#1200 = EDGE_CURVE ( 'NONE', #5202, #3958, #2997, .T. ) ;
#1201 = ORIENTED_EDGE ( 'NONE', *, *, #3436, .F. ) ;
#1202 = CARTESIAN_POINT ( 'NONE',  ( 35.00000000000001421, 14.00000000000001954, -20.00000000000000711 ) ) ;
#1203 = ADVANCED_FACE ( 'NONE', ( #3354 ), #6409, .F. ) ;
#1204 = CARTESIAN_POINT ( 'NONE',  ( 35.00000000000001421, 13.00000000000001776, -13.34927992655326179 ) ) ;
#1205 = EDGE_CURVE ( 'NONE', #5547, #2011, #2811, .T. ) ;
#1206 = CARTESIAN_POINT ( 'NONE',  ( 51.23437500047796078, 10.97295962409045522, 8.000000000000000000 ) ) ;
#1207 = CARTESIAN_POINT ( 'NONE',  ( -50.71666666762258302, 11.59585481156727838, 7.300000000000000711 ) ) ;
#1208 = CARTESIAN_POINT ( 'NONE',  ( -50.97916666666666430, 11.59585481156727838, 7.300000000000000711 ) ) ;
#1209 = CARTESIAN_POINT ( 'NONE',  ( 51.39479166714462366, 12.51352018795479815, 7.110556943749999803 ) ) ;
#1210 = CARTESIAN_POINT ( 'NONE',  ( -50.42500000095590451, 11.19170962313454076, 8.000000000000000000 ) ) ;
#1211 = CARTESIAN_POINT ( 'NONE',  ( 50.24270833381135759, -12.51352018795476262, 7.110556943750000691 ) ) ;
#1212 = LINE ( 'NONE', #5868, #4218 ) ;
#1213 = CARTESIAN_POINT ( 'NONE',  ( 51.21359374999521918, -11.19389712312494822, 8.000000000000000000 ) ) ;
#1214 = CARTESIAN_POINT ( 'NONE',  ( -50.40312500047794231, -10.97295962409042147, 8.000000000000000000 ) ) ;
#1215 = CARTESIAN_POINT ( 'NONE',  ( -50.83333333428925727, 11.59585481156728193, 8.699999999999995737 ) ) ;
#1216 = EDGE_LOOP ( 'NONE', ( #1735, #2349, #4334, #3715 ) ) ;
#1217 = CARTESIAN_POINT ( 'NONE',  ( 51.47500000000000142, 12.00000000000001776, 7.300000000000000711 ) ) ;
#1218 = CARTESIAN_POINT ( 'NONE',  ( -51.24166666666666714, -11.39378221735087493, 7.649999999999999467 ) ) ;
#1219 = AXIS2_PLACEMENT_3D ( 'NONE', #1397, #2477, #6578 ) ;
#1220 = CARTESIAN_POINT ( 'NONE',  ( 49.84735391946529859, -12.86714797328838777, 7.802102696498520729 ) ) ;
#1221 = ORIENTED_EDGE ( 'NONE', *, *, #5098, .F. ) ;
#1222 = DIRECTION ( 'NONE',  ( 1.000000000000000000, -0.000000000000000000, -0.000000000000000000 ) ) ;
#1223 = VECTOR ( 'NONE', #471, 1000.000000000000000 ) ;
#1224 = DIRECTION ( 'NONE',  ( 1.334402673828313339E-16, -1.000000000000000000, -0.000000000000000000 ) ) ;
#1225 = CARTESIAN_POINT ( 'NONE',  ( -50.02052893763642061, -11.07114999962223756, 7.829929280764628352 ) ) ;
#1226 = CARTESIAN_POINT ( 'NONE',  ( -51.08854166714462508, -11.22971971806781255, 7.555278471875000790 ) ) ;
#1227 = ORIENTED_EDGE ( 'NONE', *, *, #5081, .F. ) ;
#1228 = VERTEX_POINT ( 'NONE', #6369 ) ;
#1229 = VERTEX_POINT ( 'NONE', #1725 ) ;
#1230 = CARTESIAN_POINT ( 'NONE',  ( -52.00000000000000000, 13.00000000000001421, -13.34927992655326001 ) ) ;
#1231 = CARTESIAN_POINT ( 'NONE',  ( -51.16145833381128938, 12.51352018795479815, 7.110556943749999803 ) ) ;
#1232 = CARTESIAN_POINT ( 'NONE',  ( -51.44692708332855346, -12.40305143843749924, 8.698105569437499796 ) ) ;
#1233 = CARTESIAN_POINT ( 'NONE',  ( 35.58578643762692195, 20.00000000000001066, -8.673132741738015739 ) ) ;
#1234 = CARTESIAN_POINT ( 'NONE',  ( -50.35937500047795368, -10.97295962409042325, 8.000000000000000000 ) ) ;
#1235 = CARTESIAN_POINT ( 'NONE',  ( -51.99999999999999289, -29.99999999999999645, -30.00000000000000000 ) ) ;
#1236 = CARTESIAN_POINT ( 'NONE',  ( -50.78229166714463361, 12.77028028193216613, 7.555278471875014112 ) ) ;
#1237 = VECTOR ( 'NONE', #1738, 1000.000000000000000 ) ;
#1238 = VERTEX_POINT ( 'NONE', #1141 ) ;
#1239 = CIRCLE ( 'NONE', #5013, 1.000000000000000888 ) ;
#1240 = VERTEX_POINT ( 'NONE', #1253 ) ;
#1241 = DIRECTION ( 'NONE',  ( 0.000000000000000000, 0.000000000000000000, 1.000000000000000000 ) ) ;
#1242 = VECTOR ( 'NONE', #3313, 999.9999999999998863 ) ;
#1243 = CARTESIAN_POINT ( 'NONE',  ( 51.49687500047795652, 12.00000000000001776, 8.889443056250000197 ) ) ;
#1244 = CARTESIAN_POINT ( 'NONE',  ( -50.97916666762257876, 12.60621778264912329, 7.650000000000000355 ) ) ;
#1245 = CARTESIAN_POINT ( 'NONE',  ( -50.62916666666665577, 11.59585481156727838, 7.300000000000000711 ) ) ;
#1246 = ORIENTED_EDGE ( 'NONE', *, *, #5644, .F. ) ;
#1247 = EDGE_CURVE ( 'NONE', #2834, #1180, #6021, .T. ) ;
#1248 = EDGE_CURVE ( 'NONE', #370, #579, #5754, .T. ) ;
#1249 = CARTESIAN_POINT ( 'NONE',  ( -51.00000000000000000, -23.00000000000001421, -27.45220836013659138 ) ) ;
#1250 = CARTESIAN_POINT ( 'NONE',  ( -35.58578643762689353, 20.00000000000001776, -8.673132741738013962 ) ) ;
#1251 = CARTESIAN_POINT ( 'NONE',  ( 51.91359374999522203, -11.19389712312494822, 8.000000000000000000 ) ) ;
#1252 = CARTESIAN_POINT ( 'NONE',  ( -49.87046377013426479, -12.93896530697677782, 7.883184660602345240 ) ) ;
#1253 = CARTESIAN_POINT ( 'NONE',  ( -4.449999999999995737, 28.00000000000001066, -0.5999999999999992006 ) ) ;
#1254 = ADVANCED_FACE ( 'NONE', ( #5393 ), #4829, .F. ) ;
#1255 = ORIENTED_EDGE ( 'NONE', *, *, #2106, .F. ) ;
#1256 = CARTESIAN_POINT ( 'NONE',  ( 51.32916666666665861, 11.59585481156727838, 8.700000000000001066 ) ) ;
#1257 =( BOUNDED_SURFACE ( )  B_SPLINE_SURFACE ( 1, 2, ( 
 ( #2485, #640, #5662, #79, #1655, #3649, #3532, #6587, #4512, #4008, #3678, #1082, #3145, #3499, #6081, #5195, #1112, #571, #1050, #2640, #3175, #1143, #2130, #3113, #2159, #2097, #4187, #605, #5763, #6231, #3211, #1624, #1470, #4156, #6052, #2670, #4726, #5254, #4220, #6262, #3716, #437, #1438, #5548, #1976, #6200, #928, #4539, #2995, #5050, #4662, #5163, #542, #2609, #44, #143, #5798, #6446, #1841, #3825, #5363, #4253, #712, #4904, #2777, #3865, #3786, #3284, #4833, #4326, #5326, #2340, #214 ),
 ( #3749, #4868, #4760, #2849, #5290, #782, #3898, #2263, #5395, #4401, #5910, #287, #180, #253, #5838, #2190, #1805, #6372, #1217, #1727, #1764, #1292, #5875, #1256, #5942, #2228, #4797, #3324, #750, #6300, #1326, #2813, #2302, #3387, #1177, #4363, #6411, #5432, #3357, #1689, #3246, #2702, #677, #2740, #4288, #6335, #4971, #6513, #322, #6480, #6009, #1872, #2407, #3547, #5003, #2881, #817, #1906, #4557, #1393, #3518, #5564, #2949, #2504, #387, #1456, #451, #422, #2375, #4464, #2440, #1934, #6605 ),
 ( #4938, #3966, #2980, #1995, #4495, #3454, #2916, #4434, #3931, #6575, #3997, #6039, #5977, #5498, #1362, #4056, #6097, #1426, #3484, #3420, #883, #3013, #6545, #1966, #5532, #916, #5035, #2474, #4527, #1486, #4027, #5066, #6069, #356, #5465, #948, #852, #5720, #3, #566, #5157, #3578, #977, #1649, #5595, #2124, #72, #5625, #478, #5093, #1009, #3644, #4590, #3075, #6126, #2053, #1554, #4182, #6194, #3043, #4691, #6636, #5691, #5127, #4720, #508, #6158, #2566, #2154, #2535, #4117, #6226, #2633 ) ),
 .UNSPECIFIED., .F., .F., .F. ) 
 B_SPLINE_SURFACE_WITH_KNOTS ( ( 2, 1, 2 ),
 ( 3, 2, 2, 2, 2, 2, 2, 2, 2, 2, 2, 2, 2, 2, 2, 2, 2, 2, 2, 2, 2, 2, 2, 2, 2, 2, 2, 2, 2, 2, 2, 2, 2, 2, 2, 2, 3 ),
 ( -0.01000000000000000021, 0.000000000000000000, 1.000000000000000000 ),
 ( 0.000000000000000000, 0.02777777777777777624, 0.05555555555555555247, 0.08333333333333332871, 0.1111111111111111049, 0.1388888888888888951, 0.1666666666666666574, 0.1944444444444444475, 0.2222222222222222099, 0.2500000000000000000, 0.2777777777777777901, 0.3055555555555555802, 0.3333333333333333148, 0.3611111111111111049, 0.3888888888888888951, 0.4166666666666666852, 0.4444444444444444198, 0.4722222222222222099, 0.5000000000000000000, 0.5277777777777777901, 0.5555555555555555802, 0.5833333333333333703, 0.6111111111111111605, 0.6388888888888888395, 0.6666666666666666297, 0.6944444444444444198, 0.7222222222222222099, 0.7500000000000000000, 0.7777777777777777901, 0.8055555555555555802, 0.8333333333333333703, 0.8611111111111111605, 0.8888888888888888395, 0.9166666666666666297, 0.9444444444444444198, 0.9524941315683486120, 0.9620190728840321004 ),
 .UNSPECIFIED. ) 
 GEOMETRIC_REPRESENTATION_ITEM ( )  RATIONAL_B_SPLINE_SURFACE ( (
 ( 1.000000000000000000, 0.8660254037844387076, 1.000000000000000000, 0.8660254037844387076, 1.000000000000000000, 0.8660254037844387076, 1.000000000000000000, 0.8660254037844387076, 1.000000000000000000, 0.8660254037844387076, 1.000000000000000000, 0.8660254037844387076, 1.000000000000000000, 0.8660254037844387076, 1.000000000000000000, 0.8660254037844387076, 1.000000000000000000, 0.8660254037844387076, 1.000000000000000000, 0.8660254037844387076, 1.000000000000000000, 0.8660254037844387076, 1.000000000000000000, 0.8660254037844387076, 1.000000000000000000, 0.8660254037844387076, 1.000000000000000000, 0.8660254037844387076, 1.000000000000000000, 0.8660254037844387076, 1.000000000000000000, 0.8660254037844387076, 1.000000000000000000, 0.8660254037844387076, 1.000000000000000000, 0.8660254037844387076, 1.000000000000000000, 0.8660254037844387076, 1.000000000000000000, 0.8660254037844387076, 1.000000000000000000, 0.8660254037844387076, 1.000000000000000000, 0.8660254037844387076, 1.000000000000000000, 0.8660254037844387076, 1.000000000000000000, 0.8660254037844387076, 1.000000000000000000, 0.8660254037844387076, 1.000000000000000000, 0.8660254037844387076, 1.000000000000000000, 0.8660254037844387076, 1.000000000000000000, 0.8660254037844387076, 1.000000000000000000, 0.8660254037844387076, 1.000000000000000000, 0.8660254037844387076, 1.000000000000000000, 0.8660254037844387076, 1.000000000000000000, 0.8660254037844387076, 1.000000000000000000, 0.8660254037844387076, 1.000000000000000000, 0.8660254037844387076, 1.000000000000000000, 0.9611756710448799979, 0.9448530485534258894, 0.9448530485534258894, 0.9448530485534258894),
 ( 1.000000000000000000, 0.8660254037844387076, 1.000000000000000000, 0.8660254037844387076, 1.000000000000000000, 0.8660254037844387076, 1.000000000000000000, 0.8660254037844387076, 1.000000000000000000, 0.8660254037844387076, 1.000000000000000000, 0.8660254037844387076, 1.000000000000000000, 0.8660254037844387076, 1.000000000000000000, 0.8660254037844387076, 1.000000000000000000, 0.8660254037844387076, 1.000000000000000000, 0.8660254037844387076, 1.000000000000000000, 0.8660254037844387076, 1.000000000000000000, 0.8660254037844387076, 1.000000000000000000, 0.8660254037844387076, 1.000000000000000000, 0.8660254037844387076, 1.000000000000000000, 0.8660254037844387076, 1.000000000000000000, 0.8660254037844387076, 1.000000000000000000, 0.8660254037844387076, 1.000000000000000000, 0.8660254037844387076, 1.000000000000000000, 0.8660254037844387076, 1.000000000000000000, 0.8660254037844387076, 1.000000000000000000, 0.8660254037844387076, 1.000000000000000000, 0.8660254037844387076, 1.000000000000000000, 0.8660254037844387076, 1.000000000000000000, 0.8660254037844387076, 1.000000000000000000, 0.8660254037844387076, 1.000000000000000000, 0.8660254037844387076, 1.000000000000000000, 0.8660254037844387076, 1.000000000000000000, 0.8660254037844387076, 1.000000000000000000, 0.8660254037844387076, 1.000000000000000000, 0.8660254037844387076, 1.000000000000000000, 0.8660254037844387076, 1.000000000000000000, 0.8660254037844387076, 1.000000000000000000, 0.8660254037844387076, 1.000000000000000000, 0.8660254037844387076, 1.000000000000000000, 0.9611756710448799979, 0.9448530485534258894, 0.9448530485534258894, 0.9448530485534258894),
 ( 1.000000000000000000, 0.8660254037844387076, 1.000000000000000000, 0.8660254037844387076, 1.000000000000000000, 0.8660254037844387076, 1.000000000000000000, 0.8660254037844387076, 1.000000000000000000, 0.8660254037844387076, 1.000000000000000000, 0.8660254037844387076, 1.000000000000000000, 0.8660254037844387076, 1.000000000000000000, 0.8660254037844387076, 1.000000000000000000, 0.8660254037844387076, 1.000000000000000000, 0.8660254037844387076, 1.000000000000000000, 0.8660254037844387076, 1.000000000000000000, 0.8660254037844387076, 1.000000000000000000, 0.8660254037844387076, 1.000000000000000000, 0.8660254037844387076, 1.000000000000000000, 0.8660254037844387076, 1.000000000000000000, 0.8660254037844387076, 1.000000000000000000, 0.8660254037844387076, 1.000000000000000000, 0.8660254037844387076, 1.000000000000000000, 0.8660254037844387076, 1.000000000000000000, 0.8660254037844387076, 1.000000000000000000, 0.8660254037844387076, 1.000000000000000000, 0.8660254037844387076, 1.000000000000000000, 0.8660254037844387076, 1.000000000000000000, 0.8660254037844387076, 1.000000000000000000, 0.8660254037844387076, 1.000000000000000000, 0.8660254037844387076, 1.000000000000000000, 0.8660254037844387076, 1.000000000000000000, 0.8660254037844387076, 1.000000000000000000, 0.8660254037844387076, 1.000000000000000000, 0.8660254037844387076, 1.000000000000000000, 0.8660254037844387076, 1.000000000000000000, 0.8660254037844387076, 1.000000000000000000, 0.8660254037844387076, 1.000000000000000000, 0.8660254037844387076, 1.000000000000000000, 0.9611756710448799979, 0.9448530485534258894, 0.9448530485534258894, 0.9448530485534258894) ) ) 
 REPRESENTATION_ITEM ( '' )  SURFACE ( )  );
#1258 = CARTESIAN_POINT ( 'NONE',  ( -50.33750000095591304, 12.00000000000001776, 7.300000000000000711 ) ) ;
#1259 = CARTESIAN_POINT ( 'NONE',  ( 51.41666666762257876, -12.40414518843271985, 8.700000000000001066 ) ) ;
#1260 = VERTEX_POINT ( 'NONE', #211 ) ;
#1261 = CARTESIAN_POINT ( 'NONE',  ( 50.02400765797137439, -12.56087858243363264, 7.552346007034489439 ) ) ;
#1262 = CARTESIAN_POINT ( 'NONE',  ( -50.92812500047796931, -13.02704037590951103, 8.000000000000000000 ) ) ;
#1263 = CARTESIAN_POINT ( 'NONE',  ( -51.03750000000000142, -12.80829037686545746, 8.000000000000000000 ) ) ;
#1264 = CARTESIAN_POINT ( 'NONE',  ( -51.58437500047795510, -13.02704037590954478, 8.000000000000000000 ) ) ;
#1265 = EDGE_LOOP ( 'NONE', ( #4068, #2614, #2283, #3153 ) ) ;
#1266 = AXIS2_PLACEMENT_3D ( 'NONE', #3001, #466, #5055 ) ;
#1267 = ORIENTED_EDGE ( 'NONE', *, *, #4831, .T. ) ;
#1268 = CARTESIAN_POINT ( 'NONE',  ( 51.68645833381129506, -12.51352018795476262, 7.110556943749999803 ) ) ;
#1269 = CARTESIAN_POINT ( 'NONE',  ( -51.81770833381129648, 12.51352018795479815, 7.110556943750000691 ) ) ;
#1270 = CARTESIAN_POINT ( 'NONE',  ( -50.86359374999521776, -11.19389712312494822, 8.000000000000000000 ) ) ;
#1271 = CARTESIAN_POINT ( 'NONE',  ( 50.49062500047795510, -11.99999999999998224, 8.889443056250000197 ) ) ;
#1272 = CARTESIAN_POINT ( 'NONE',  ( -50.62187500047796362, -11.99999999999998224, 8.889443056249998421 ) ) ;
#1273 = CARTESIAN_POINT ( 'NONE',  ( -20.54999999999999361, 28.00000000000000711, -0.9217859440278043381 ) ) ;
#1274 = CARTESIAN_POINT ( 'NONE',  ( -50.51979166714463076, 11.48647981204525159, 7.110556943750029113 ) ) ;
#1275 = ORIENTED_EDGE ( 'NONE', *, *, #3320, .T. ) ;
#1276 = ORIENTED_EDGE ( 'NONE', *, *, #6594, .T. ) ;
#1277 = FILL_AREA_STYLE ('',( #802 ) ) ;
#1278 = LINE ( 'NONE', #6357, #1120 ) ;
#1279 = CARTESIAN_POINT ( 'NONE',  ( 50.97187500047795794, 12.00000000000001776, 7.110556943750000691 ) ) ;
#1280 = CARTESIAN_POINT ( 'NONE',  ( -51.06666666762258444, 11.59585481156727838, 7.300000000000000711 ) ) ;
#1281 = CARTESIAN_POINT ( 'NONE',  ( -50.92083333333332718, 12.40414518843275538, 7.300000000000000711 ) ) ;
#1282 = VERTEX_POINT ( 'NONE', #285 ) ;
#1283 = LINE ( 'NONE', #6402, #5974 ) ;
#1284 = CARTESIAN_POINT ( 'NONE',  ( 50.21354166714469613, -12.77028028193215370, 7.555278471875000790 ) ) ;
#1285 = DIRECTION ( 'NONE',  ( -1.000000000000000000, 0.000000000000000000, 0.000000000000000000 ) ) ;
#1286 = CARTESIAN_POINT ( 'NONE',  ( 51.68026041666188775, -12.40305143843749924, 8.698105569437499796 ) ) ;
#1287 = DIRECTION ( 'NONE',  ( 0.000000000000000000, 0.000000000000000000, 1.000000000000000000 ) ) ;
#1288 = CARTESIAN_POINT ( 'NONE',  ( 51.39999999999999858, 12.37576182782008694, 8.719470482160778246 ) ) ;
#1289 = EDGE_CURVE ( 'NONE', #4912, #2421, #3185, .T. ) ;
#1290 = PRODUCT_DEFINITION_SHAPE ( 'NONE', 'NONE',  #2357 ) ;
#1291 = CARTESIAN_POINT ( 'NONE',  ( 51.24895833381130217, -12.77028028193213061, 8.444721528124984999 ) ) ;
#1292 = CARTESIAN_POINT ( 'NONE',  ( 51.38750000000000284, 11.19170962313454076, 8.000000000000000000 ) ) ;
#1293 = LINE ( 'NONE', #2850, #4501 ) ;
#1294 = EDGE_CURVE ( 'NONE', #6030, #4767, #1803, .T. ) ;
#1295 = EDGE_CURVE ( 'NONE', #6044, #835, #2846, .T. ) ;
#1296 = CARTESIAN_POINT ( 'NONE',  ( 51.21250000095592014, -11.99999999999998224, 7.300000000000000711 ) ) ;
#1297 = CARTESIAN_POINT ( 'NONE',  ( 51.39999999999999858, -11.73289460129134376, 7.172956698789101360 ) ) ;
#1298 = CARTESIAN_POINT ( 'NONE',  ( 49.99999999999998579, -12.68314058669670175, 7.847019488603834247 ) ) ;
#1299 = CARTESIAN_POINT ( 'NONE',  ( 51.12500000095591446, -12.80829037686545746, 8.000000000000000000 ) ) ;
#1300 = CARTESIAN_POINT ( 'NONE',  ( -50.59270833381129506, -12.51352018795476262, 8.889443056249998421 ) ) ;
#1301 = ORIENTED_EDGE ( 'NONE', *, *, #4707, .T. ) ;
#1302 =( BOUNDED_CURVE ( )  B_SPLINE_CURVE ( 2, ( #5318, #3315, #743, #5936, #5390, #2220, #2808 ),
 .UNSPECIFIED., .F., .F. ) 
 B_SPLINE_CURVE_WITH_KNOTS ( ( 3, 2, 2, 3 ),
 ( 0.01756484024347999481, 0.01829679248255702828, 0.01902874472163406175, 0.01976069696071109522 ),
 .UNSPECIFIED. ) 
 CURVE ( )  GEOMETRIC_REPRESENTATION_ITEM ( )  RATIONAL_B_SPLINE_CURVE ( ( 0.9999999999999737987, 0.8660254037844649089, 1.000000000000000000, 0.8660254037844387076, 1.000000000000000000, 0.8660254037840697805, 1.000000000000369038 ) ) 
 REPRESENTATION_ITEM ( '' )  );
#1303 = ORIENTED_EDGE ( 'NONE', *, *, #4540, .F. ) ;
#1304 = CARTESIAN_POINT ( 'NONE',  ( -50.51979166714461655, 11.48647981204523560, 7.110556943749999803 ) ) ;
#1305 = CARTESIAN_POINT ( 'NONE',  ( -50.01776041666188632, -12.60457715765625863, 8.349052784718749010 ) ) ;
#1306 = CARTESIAN_POINT ( 'NONE',  ( 50.05312500047796220, -10.97295962409042147, 8.000000000000000000 ) ) ;
#1307 = CARTESIAN_POINT ( 'NONE',  ( -49.85592661420626825, -12.83731714049544159, 8.328610283113571100 ) ) ;
#1308 = CARTESIAN_POINT ( 'NONE',  ( -51.18333333333333002, 12.60621778264912329, 8.349999999999999645 ) ) ;
#1309 = CARTESIAN_POINT ( 'NONE',  ( -50.28645833381131069, 11.48647981204525514, 8.889443056249971775 ) ) ;
#1310 = ORIENTED_EDGE ( 'NONE', *, *, #4228, .F. ) ;
#1311 = ORIENTED_EDGE ( 'NONE', *, *, #5809, .T. ) ;
#1312 = CARTESIAN_POINT ( 'NONE',  ( 44.99999999999998579, -27.99999999999998224, -30.00000000000000000 ) ) ;
#1313 = DIRECTION ( 'NONE',  ( 2.775557561562891844E-16, -1.000000000000000000, 0.000000000000000000 ) ) ;
#1314 = CARTESIAN_POINT ( 'NONE',  ( 51.09583333428924590, 11.39378221735091223, 8.349999999999999645 ) ) ;
#1315 = CARTESIAN_POINT ( 'NONE',  ( -51.41666666762257876, 11.59585481156727838, 7.300000000000000711 ) ) ;
#1316 = CARTESIAN_POINT ( 'NONE',  ( -50.00905120630971368, 11.34102076030582573, 8.258614475716546721 ) ) ;
#1317 = ORIENTED_EDGE ( 'NONE', *, *, #3760, .F. ) ;
#1318 = DIRECTION ( 'NONE',  ( 0.000000000000000000, 0.000000000000000000, -1.000000000000000000 ) ) ;
#1319 = CARTESIAN_POINT ( 'NONE',  ( 50.06358676765443505, 11.84185361359130439, 7.300000000000044231 ) ) ;
#1320 = VECTOR ( 'NONE', #1868, 1000.000000000000000 ) ;
#1321 = CARTESIAN_POINT ( 'NONE',  ( 51.18332445581019385, 11.59579329965994177, 7.300106541748782263 ) ) ;
#1322 = CARTESIAN_POINT ( 'NONE',  ( 51.00942708332854636, -12.60457715765625863, 8.349052784718749010 ) ) ;
#1323 = FACE_OUTER_BOUND ( 'NONE', #2572, .T. ) ;
#1324 = LINE ( 'NONE', #1838, #6176 ) ;
#1325 = LINE ( 'NONE', #4937, #5651 ) ;
#1326 = CARTESIAN_POINT ( 'NONE',  ( 51.12500000000000000, 12.00000000000001776, 7.300000000000000711 ) ) ;
#1327 = CARTESIAN_POINT ( 'NONE',  ( 52.00000000000000000, 12.00000000000001776, 8.699999999999999289 ) ) ;
#1328 = CARTESIAN_POINT ( 'NONE',  ( 51.30000000095591162, -11.19170962313450701, 8.000000000000000000 ) ) ;
#1329 = FACE_OUTER_BOUND ( 'NONE', #650, .T. ) ;
#1330 = CARTESIAN_POINT ( 'NONE',  ( -50.37395833381130927, -11.22971971806783920, 8.444721528124983223 ) ) ;
#1331 = DIRECTION ( 'NONE',  ( -1.000000000000000000, 0.000000000000000000, 0.000000000000000000 ) ) ;
#1332 = CARTESIAN_POINT ( 'NONE',  ( -50.35937500047795368, -10.97295962409042325, 8.000000000000000000 ) ) ;
#1333 = EDGE_CURVE ( 'NONE', #1152, #5645, #3860, .T. ) ;
#1334 = ORIENTED_EDGE ( 'NONE', *, *, #3632, .T. ) ;
#1335 = ADVANCED_FACE ( 'NONE', ( #193 ), #3801, .F. ) ;
#1336 = EDGE_CURVE ( 'NONE', #2685, #649, #6198, .T. ) ;
#1337 = ORIENTED_EDGE ( 'NONE', *, *, #3146, .F. ) ;
#1338 = VECTOR ( 'NONE', #2423, 1000.000000000000000 ) ;
#1339 = CARTESIAN_POINT ( 'NONE',  ( -50.00937500047795226, 13.02704037590957853, 8.000000000000000000 ) ) ;
#1340 = CARTESIAN_POINT ( 'NONE',  ( -51.59166666666666856, -11.39378221735087671, 7.650000000000000355 ) ) ;
#1341 = CARTESIAN_POINT ( 'NONE',  ( 4.750000000000004441, 33.00000000000000000, 0.9000000000000005773 ) ) ;
#1342 = CARTESIAN_POINT ( 'NONE',  ( -50.00937500047795226, -10.97295962409042325, 8.000000000000000000 ) ) ;
#1343 = LINE ( 'NONE', #2355, #3569 ) ;
#1344 = CARTESIAN_POINT ( 'NONE',  ( -50.98645833381130643, 11.48647981204525514, 8.889443056249971775 ) ) ;
#1345 = ORIENTED_EDGE ( 'NONE', *, *, #3481, .T. ) ;
#1346 =( BOUNDED_CURVE ( )  B_SPLINE_CURVE ( 2, ( #4528, #6576, #509, #2441, #1967, #6637, #2024 ),
 .UNSPECIFIED., .F., .T. ) 
 B_SPLINE_CURVE_WITH_KNOTS ( ( 3, 2, 2, 3 ),
 ( 0.01536941293373442381, 0.01610122203698321000, 0.01683303114023199099, 0.01756484024348077544 ),
 .UNSPECIFIED. ) 
 CURVE ( )  GEOMETRIC_REPRESENTATION_ITEM ( )  RATIONAL_B_SPLINE_CURVE ( ( 0.9999999999973151477, 0.8660254037871234489, 1.000000000000000000, 0.8660254037844385966, 1.000000000000000000, 0.8660254037844177244, 1.000000000000020872 ) ) 
 REPRESENTATION_ITEM ( '' )  );
#1347 = ORIENTED_EDGE ( 'NONE', *, *, #792, .F. ) ;
#1348 = CARTESIAN_POINT ( 'NONE',  ( -49.99999999999996447, 11.31007843973513438, 7.783112078978573045 ) ) ;
#1349 = CARTESIAN_POINT ( 'NONE',  ( 52.00000000000000000, -11.99999999999998224, 8.000000000000000000 ) ) ;
#1350 = CARTESIAN_POINT ( 'NONE',  ( 50.15520833381128796, 11.22971971806784630, 8.444721528124999210 ) ) ;
#1351 = AXIS2_PLACEMENT_3D ( 'NONE', #4896, #5865, #3349 ) ;
#1352 = CARTESIAN_POINT ( 'NONE',  ( -50.65833333428925300, 12.40414518843275538, 7.300000000000000711 ) ) ;
#1353 = CARTESIAN_POINT ( 'NONE',  ( -50.51979166714461655, 11.48647981204523560, 7.110556943749999803 ) ) ;
#1354 = ORIENTED_EDGE ( 'NONE', *, *, #5453, .F. ) ;
#1355 = CARTESIAN_POINT ( 'NONE',  ( 50.16979166714462224, 11.48647981204523560, 8.889443056249998421 ) ) ;
#1356 = DIRECTION ( 'NONE',  ( 1.000000000000000000, 0.000000000000000000, 0.000000000000000000 ) ) ;
#1357 = CARTESIAN_POINT ( 'NONE',  ( 50.33750000000000568, 11.19170962313454609, 8.000000000000000000 ) ) ;
#1358 = CARTESIAN_POINT ( 'NONE',  ( -50.16979166714462224, -12.51352018795476440, 7.110556943749999803 ) ) ;
#1359 = CARTESIAN_POINT ( 'NONE',  ( -34.99999999999999289, 20.00000000000001776, -20.00000000000000711 ) ) ;
#1360 = AXIS2_PLACEMENT_3D ( 'NONE', #4867, #4832, #213 ) ;
#1361 = CARTESIAN_POINT ( 'NONE',  ( 51.36562500047797641, -11.99999999999998224, 7.110556943750028225 ) ) ;
#1362 = CARTESIAN_POINT ( 'NONE',  ( 51.48229166714462224, 12.77028028193218745, 8.444721528125000987 ) ) ;
#1363 = DIRECTION ( 'NONE',  ( 1.304085479583589596E-15, -0.9396926207859080948, -0.3420201433256694346 ) ) ;
#1364 = CARTESIAN_POINT ( 'NONE',  ( 50.71666666762258302, -12.40414518843271985, 8.700000000000001066 ) ) ;
#1365 = CARTESIAN_POINT ( 'NONE',  ( 52.00000000000000000, -11.99999999999998224, 8.000000000000000000 ) ) ;
#1366 = CARTESIAN_POINT ( 'NONE',  ( 49.99999999999997158, -11.29411280285317964, 7.409080215990102580 ) ) ;
#1367 = CARTESIAN_POINT ( 'NONE',  ( -49.86354166714463076, -12.77028028193215370, 8.444721528124999210 ) ) ;
#1368 = ORIENTED_EDGE ( 'NONE', *, *, #4018, .T. ) ;
#1369 = CARTESIAN_POINT ( 'NONE',  ( -51.38020833381129648, 12.77028028193218745, 8.444721528124999210 ) ) ;
#1370 = CARTESIAN_POINT ( 'NONE',  ( -50.01014495630492007, -12.65719582482027761, 8.257914579764113583 ) ) ;
#1371 = DIRECTION ( 'NONE',  ( -1.000000000000000000, -1.387778780781446662E-15, 0.000000000000000000 ) ) ;
#1372 = CARTESIAN_POINT ( 'NONE',  ( -51.18333333428925158, -12.40414518843271985, 8.700000000000001066 ) ) ;
#1373 = FACE_OUTER_BOUND ( 'NONE', #3921, .T. ) ;
#1374 = CARTESIAN_POINT ( 'NONE',  ( -50.45416666666657335, 12.40414518843211411, 8.700000000001116618 ) ) ;
#1375 = VERTEX_POINT ( 'NONE', #2679 ) ;
#1376 = ORIENTED_EDGE ( 'NONE', *, *, #3146, .T. ) ;
#1377 = CARTESIAN_POINT ( 'NONE',  ( -51.39999999999999147, 11.31626028344113344, 8.149999999999920419 ) ) ;
#1378 = ADVANCED_FACE ( 'NONE', ( #6423 ), #6414, .T. ) ;
#1379 = CARTESIAN_POINT ( 'NONE',  ( -50.68020833381135759, 12.77028028193218745, 8.444721528124999210 ) ) ;
#1380 = CARTESIAN_POINT ( 'NONE',  ( 49.89270833381129222, 11.48647981204523738, 7.110556943749999803 ) ) ;
#1381 = EDGE_CURVE ( 'NONE', #2795, #5735, #936, .T. ) ;
#1382 = CARTESIAN_POINT ( 'NONE',  ( -49.74655161468421483, 11.34102358298464708, 8.258619364739683277 ) ) ;
#1383 = CARTESIAN_POINT ( 'NONE',  ( -50.37395833381128796, 12.77028028193218745, 8.444721528124999210 ) ) ;
#1384 =( BOUNDED_CURVE ( )  B_SPLINE_CURVE ( 2, ( #3552, #2541, #46, #5601, #4123, #2132, #3048 ),
 .UNSPECIFIED., .F., .F. ) 
 B_SPLINE_CURVE_WITH_KNOTS ( ( 3, 2, 2, 3 ),
 ( 0.01317392754246207026, 0.01390575600621952145, 0.01463758446997697263, 0.01536941293373442381 ),
 .UNSPECIFIED. ) 
 CURVE ( )  GEOMETRIC_REPRESENTATION_ITEM ( )  RATIONAL_B_SPLINE_CURVE ( ( 1.000000000000077049, 0.8660254037843616581, 1.000000000000000000, 0.8660254037844388186, 1.000000000000000000, 0.8660254037817539663, 1.000000000002684741 ) ) 
 REPRESENTATION_ITEM ( '' )  );
#1385 = ORIENTED_EDGE ( 'NONE', *, *, #5078, .F. ) ;
#1386 = CARTESIAN_POINT ( 'NONE',  ( 51.21979166714461940, 11.48647981204523560, 8.889443056249998421 ) ) ;
#1387 = DIRECTION ( 'NONE',  ( -1.000000000000000000, -0.000000000000000000, -0.000000000000000000 ) ) ;
#1388 = CARTESIAN_POINT ( 'NONE',  ( -50.86250000095591162, 12.00000000000001776, 8.699999999999999289 ) ) ;
#1389 = CARTESIAN_POINT ( 'NONE',  ( -51.21359374999521918, 12.80610287687505355, 8.000000000000000000 ) ) ;
#1390 = CARTESIAN_POINT ( 'NONE',  ( -50.59999999999998721, -11.99999999999974065, 7.300000000000002487 ) ) ;
#1391 = CARTESIAN_POINT ( 'NONE',  ( 50.06770833381129648, -11.48647981204520363, 8.889443056249998421 ) ) ;
#1392 = CARTESIAN_POINT ( 'NONE',  ( 51.21979166714464071, -12.51352018795474841, 8.889443056249971775 ) ) ;
#1393 = CARTESIAN_POINT ( 'NONE',  ( 50.27916666666666856, 11.59585481156727838, 8.700000000000001066 ) ) ;
#1394 = DIRECTION ( 'NONE',  ( 0.000000000000000000, 0.000000000000000000, 1.000000000000000000 ) ) ;
#1395 = CARTESIAN_POINT ( 'NONE',  ( 50.16250000095591588, -11.99999999999998224, 7.300000000000000711 ) ) ;
#1396 = DIRECTION ( 'NONE',  ( -1.000000000000000000, 0.000000000000000000, 0.000000000000000000 ) ) ;
#1397 = CARTESIAN_POINT ( 'NONE',  ( 51.99999999999999289, -12.00815067340503184, 8.026943859230120992 ) ) ;
#1398 = VECTOR ( 'NONE', #460, 1000.000000000000000 ) ;
#1399 = ORIENTED_EDGE ( 'NONE', *, *, #3574, .T. ) ;
#1400 = CARTESIAN_POINT ( 'NONE',  ( -51.14687500047796220, 12.00000000000001776, 7.110556943750001579 ) ) ;
#1401 = CARTESIAN_POINT ( 'NONE',  ( -50.51250000095591730, -11.99999999999998224, 8.699999999999999289 ) ) ;
#1402 = FACE_BOUND ( 'NONE', #6619, .T. ) ;
#1403 = EDGE_LOOP ( 'NONE', ( #911, #1275, #5362, #3144 ) ) ;
#1404 = VERTEX_POINT ( 'NONE', #5871 ) ;
#1405 = CARTESIAN_POINT ( 'NONE',  ( -13.64999999999999503, 30.00000000000000711, -0.9217859440278046712 ) ) ;
#1406 = CARTESIAN_POINT ( 'NONE',  ( -50.33020833381136327, 12.77028028193218745, 8.444721528124999210 ) ) ;
#1407 = CARTESIAN_POINT ( 'NONE',  ( 51.38750000095591020, 12.00000000000001776, 8.699999999999999289 ) ) ;
#1408 = FACE_BOUND ( 'NONE', #5262, .T. ) ;
#1409 = CARTESIAN_POINT ( 'NONE',  ( -50.14062500047795368, 12.00000000000001776, 7.110556943750000691 ) ) ;
#1410 = ORIENTED_EDGE ( 'NONE', *, *, #3433, .T. ) ;
#1411 = EDGE_CURVE ( 'NONE', #6611, #1260, #6407, .T. ) ;
#1412 = EDGE_CURVE ( 'NONE', #4193, #1111, #2761, .T. ) ;
#1413 = ADVANCED_FACE ( 'NONE', ( #4322 ), #6442, .F. ) ;
#1414 = CARTESIAN_POINT ( 'NONE',  ( 50.84062500047794941, 12.00000000000001776, 8.889443056250000197 ) ) ;
#1415 = CARTESIAN_POINT ( 'NONE',  ( 51.38750463519292566, -12.00006421089980613, 8.699999997054970180 ) ) ;
#1416 = VECTOR ( 'NONE', #5802, 999.9999999999998863 ) ;
#1417 =( BOUNDED_CURVE ( )  B_SPLINE_CURVE ( 2, ( #2182, #3238, #632, #104, #4245, #6225, #2123, #4181, #4824 ),
 .UNSPECIFIED., .F., .F. ) 
 B_SPLINE_CURVE_WITH_KNOTS ( ( 3, 2, 2, 2, 3 ),
 ( 0.6124230993179790028, 0.6124274864299713572, 0.6415907000694938134, 0.6707539137090161585, 0.6999138940378316631 ),
 .UNSPECIFIED. ) 
 CURVE ( )  GEOMETRIC_REPRESENTATION_ITEM ( )  RATIONAL_B_SPLINE_CURVE ( ( 0.9999596976419531380, 0.9999798457891165837, 1.000000000000000000, 0.8660254037844387076, 1.000000000000000000, 0.8660254037844387076, 1.000000000000000000, 0.8660402574799797026, 0.9999702959025613680 ) ) 
 REPRESENTATION_ITEM ( '' )  );
#1418 = CARTESIAN_POINT ( 'NONE',  ( 51.99999999999999289, -22.99999999999998224, -30.00000000000000000 ) ) ;
#1419 = DIRECTION ( 'NONE',  ( 1.000000000000000000, 0.000000000000000000, 0.000000000000000000 ) ) ;
#1420 = CARTESIAN_POINT ( 'NONE',  ( 50.86233989959499979, 11.99998949403813597, 7.300000000188230587 ) ) ;
#1421 = VECTOR ( 'NONE', #1800, 1000.000000000000000 ) ;
#1422 = VERTEX_POINT ( 'NONE', #3822 ) ;
#1423 = CARTESIAN_POINT ( 'NONE',  ( 50.97187500047795794, -11.99999999999998224, 7.110556943750000691 ) ) ;
#1424 = AXIS2_PLACEMENT_3D ( 'NONE', #1562, #4190, #4223 ) ;
#1425 = CARTESIAN_POINT ( 'NONE',  ( 50.95729166714463076, -12.77028028193212883, 7.555278471875014112 ) ) ;
#1426 = CARTESIAN_POINT ( 'NONE',  ( 51.39479166714462366, 12.51352018795479815, 7.110556943749999803 ) ) ;
#1427 = LINE ( 'NONE', #4057, #2350 ) ;
#1428 = CARTESIAN_POINT ( 'NONE',  ( 50.01666666762258728, -12.40414518843271985, 8.700000000000001066 ) ) ;
#1429 = DIRECTION ( 'NONE',  ( -1.000000000000000000, -0.000000000000000000, -0.000000000000000000 ) ) ;
#1430 = VERTEX_POINT ( 'NONE', #2845 ) ;
#1431 = CARTESIAN_POINT ( 'NONE',  ( -50.73854166714462366, 12.77028028193218745, 7.555278471875000790 ) ) ;
#1432 = APPLICATION_PROTOCOL_DEFINITION ( 'draft international standard', 'automotive_design', 1998, #1999 ) ;
#1433 = CARTESIAN_POINT ( 'NONE',  ( -50.13333333428924732, -12.40414518843271985, 8.700000000000001066 ) ) ;
#1434 = CARTESIAN_POINT ( 'NONE',  ( 51.00833275167719449, 12.40414922488743521, 8.699993008655411586 ) ) ;
#1435 = CARTESIAN_POINT ( 'NONE',  ( -49.99999999999998579, 12.87788115970779224, 8.142946212756655200 ) ) ;
#1436 = ORIENTED_EDGE ( 'NONE', *, *, #2605, .F. ) ;
#1437 = VERTEX_POINT ( 'NONE', #3894 ) ;
#1438 = CARTESIAN_POINT ( 'NONE',  ( 50.77609374999521918, 12.00000000000001776, 7.301894430562501093 ) ) ;
#1439 = CARTESIAN_POINT ( 'NONE',  ( -50.50520833381136043, 11.22971971806784808, 7.555278471875000790 ) ) ;
#1440 = CARTESIAN_POINT ( 'NONE',  ( 50.24270833381129364, 11.48647981204523738, 7.110556943749999803 ) ) ;
#1441 = CARTESIAN_POINT ( 'NONE',  ( 51.06666666666666288, -12.60621778264908954, 7.650000000000000355 ) ) ;
#1442 = DIRECTION ( 'NONE',  ( 0.000000000000000000, 0.000000000000000000, 1.000000000000000000 ) ) ;
#1443 = CARTESIAN_POINT ( 'NONE',  ( -50.69479166714462082, 12.51352018795479815, 8.889443056249998421 ) ) ;
#1444 = ORIENTED_EDGE ( 'NONE', *, *, #4510, .T. ) ;
#1445 = CARTESIAN_POINT ( 'NONE',  ( 50.57812500047795368, 10.97295962409045522, 8.000000000000000000 ) ) ;
#1446 = AXIS2_PLACEMENT_3D ( 'NONE', #5999, #408, #4012 ) ;
#1447 = CARTESIAN_POINT ( 'NONE',  ( -49.99999999999999289, -11.11554708633348909, 8.010992083459793633 ) ) ;
#1448 = DIRECTION ( 'NONE',  ( 0.000000000000000000, -0.000000000000000000, -1.000000000000000000 ) ) ;
#1449 = ADVANCED_FACE ( 'NONE', ( #1323 ), #6331, .F. ) ;
#1450 = CARTESIAN_POINT ( 'NONE',  ( -50.42499999999993321, -12.00000000000091482, 8.700000000000002842 ) ) ;
#1452 = ORIENTED_EDGE ( 'NONE', *, *, #1615, .F. ) ;
#1451 = AXIS2_PLACEMENT_3D ( 'NONE', #1349, #3407, #5451 ) ;
#1453 = CARTESIAN_POINT ( 'NONE',  ( 51.40937500047795794, -10.97295962409042147, 8.000000000000000000 ) ) ;
#1454 = CIRCLE ( 'NONE', #3273, 1.000000000000000000 ) ;
#1455 = CYLINDRICAL_SURFACE ( 'NONE', #2873, 5.999999999999998224 ) ;
#1456 = CARTESIAN_POINT ( 'NONE',  ( 50.10416666666666430, 12.40414518843275538, 7.300000000000000711 ) ) ;
#1457 = DIRECTION ( 'NONE',  ( -0.000000000000000000, -0.000000000000000000, 1.000000000000000000 ) ) ;
#1458 = AXIS2_PLACEMENT_3D ( 'NONE', #3743, #5719, #3277 ) ;
#1459 = CARTESIAN_POINT ( 'NONE',  ( 50.51250000095591730, -11.99999999999998224, 7.300000000000000711 ) ) ;
#1460 = ADVANCED_FACE ( 'NONE', ( #5591 ), #943, .F. ) ;
#1461 = CARTESIAN_POINT ( 'NONE',  ( 50.81145833381130217, 12.51352018795477861, 8.889443056249968222 ) ) ;
#1462 = VERTEX_POINT ( 'NONE', #2017 ) ;
#1463 = CARTESIAN_POINT ( 'NONE',  ( -49.83703592025372586, 11.09694369580287798, 8.040572627733826749 ) ) ;
#1464 = CARTESIAN_POINT ( 'NONE',  ( -50.36666666762257449, -12.40414518843271985, 7.300000000000000711 ) ) ;
#1465 = CARTESIAN_POINT ( 'NONE',  ( 51.29999999999998295, 12.00000000000025224, 8.699999999999995737 ) ) ;
#1466 = FACE_OUTER_BOUND ( 'NONE', #555, .T. ) ;
#1467 = VERTEX_POINT ( 'NONE', #3007 ) ;
#1468 = ADVANCED_FACE ( 'NONE', ( #6122 ), #5062, .F. ) ;
#1469 = EDGE_LOOP ( 'NONE', ( #4879, #6471, #1436, #5333 ) ) ;
#1470 = CARTESIAN_POINT ( 'NONE',  ( 51.06776041666188348, 11.39542284234374137, 7.650947215281250102 ) ) ;
#1471 = DIRECTION ( 'NONE',  ( -1.000000000000000000, 0.000000000000000000, 0.000000000000000000 ) ) ;
#1472 = CARTESIAN_POINT ( 'NONE',  ( 50.01666666762258728, 11.59585481156727838, 8.700000000000001066 ) ) ;
#1473 = CARTESIAN_POINT ( 'NONE',  ( 51.62083333333333002, -11.59585481156724462, 8.700000000000001066 ) ) ;
#1474 = CARTESIAN_POINT ( 'NONE',  ( -50.19166666762258444, 12.40414518843275538, 8.700000000000001066 ) ) ;
#1475 = CARTESIAN_POINT ( 'NONE',  ( -49.93645833381128085, 11.48647981204523738, 8.889443056249998421 ) ) ;
#1476 = ORIENTED_EDGE ( 'NONE', *, *, #3122, .F. ) ;
#1477 = ORIENTED_EDGE ( 'NONE', *, *, #1879, .T. ) ;
#1478 = CARTESIAN_POINT ( 'NONE',  ( 50.57812500047795368, -13.02704037590954478, 8.000000000000000000 ) ) ;
#1479 = CARTESIAN_POINT ( 'NONE',  ( 50.86979166714462508, 11.48647981204523560, 8.889443056249998421 ) ) ;
#1480 = CARTESIAN_POINT ( 'NONE',  ( -50.60000000095591588, 12.80829037686549299, 8.000000000000000000 ) ) ;
#1481 = CARTESIAN_POINT ( 'NONE',  ( -51.99999999999999289, 12.00000000000001776, 9.500000000000001776 ) ) ;
#1482 = DIRECTION ( 'NONE',  ( -1.000000000000000000, 0.000000000000000000, 0.000000000000000000 ) ) ;
#1483 = CARTESIAN_POINT ( 'NONE',  ( 50.07499999999998863, 11.99999999999982236, 7.300000000000002487 ) ) ;
#1484 = CARTESIAN_POINT ( 'NONE',  ( 51.20520833381129222, -12.77028028193215548, 8.444721528124999210 ) ) ;
#1485 = CARTESIAN_POINT ( 'NONE',  ( -50.86250000095591162, 12.00000000000001776, 8.699999999999999289 ) ) ;
#1486 = CARTESIAN_POINT ( 'NONE',  ( 51.04479166714461513, 12.51352018795479815, 7.110556943749999803 ) ) ;
#1487 = DIRECTION ( 'NONE',  ( -1.000000000000000000, 0.000000000000000000, 0.000000000000000000 ) ) ;
#1488 = CARTESIAN_POINT ( 'NONE',  ( 51.38477616920562951, -11.99999999999998224, 8.695282185017244814 ) ) ;
#1489 = CARTESIAN_POINT ( 'NONE',  ( -51.15416666666666146, -11.59585481156724462, 8.700000000000001066 ) ) ;
#1490 = ADVANCED_FACE ( 'NONE', ( #1989 ), #2469, .F. ) ;
#1491 = ADVANCED_FACE ( 'NONE', ( #382 ), #6456, .T. ) ;
#1492 = ORIENTED_EDGE ( 'NONE', *, *, #6094, .F. ) ;
#1493 = DIRECTION ( 'NONE',  ( 0.000000000000000000, -1.000000000000000000, 0.000000000000000000 ) ) ;
#1494 = CARTESIAN_POINT ( 'NONE',  ( -51.00833333428924732, -11.59585481156724462, 7.300000000000000711 ) ) ;
#1495 = CARTESIAN_POINT ( 'NONE',  ( -50.94270833381135333, -12.51352018795476262, 8.889443056250000197 ) ) ;
#1496 = CARTESIAN_POINT ( 'NONE',  ( -4.449999999999995737, 33.00000000000000000, 0.9000000000000005773 ) ) ;
#1497 = VERTEX_POINT ( 'NONE', #1896 ) ;
#1498 = ORIENTED_EDGE ( 'NONE', *, *, #5607, .T. ) ;
#1499 = DIRECTION ( 'NONE',  ( 0.000000000000000000, 0.000000000000000000, 1.000000000000000000 ) ) ;
#1500 = CARTESIAN_POINT ( 'NONE',  ( 49.73797891994327358, 11.31754643871073540, 7.844252972151703140 ) ) ;
#1501 = CARTESIAN_POINT ( 'NONE',  ( 51.00833333333332575, -12.60621778264908954, 8.349999999999999645 ) ) ;
#1502 = CARTESIAN_POINT ( 'NONE',  ( -51.99999999999999289, -11.99999999999998224, 9.499999999999998224 ) ) ;
#1503 = CARTESIAN_POINT ( 'NONE',  ( 44.99999999999999289, -29.99999999999998224, -30.00000000000000000 ) ) ;
#1504 = ORIENTED_EDGE ( 'NONE', *, *, #1381, .T. ) ;
#1505 =( BOUNDED_CURVE ( )  B_SPLINE_CURVE ( 2, ( #6405, #5971, #4898, #1357, #2335, #6366, #4357 ),
 .UNSPECIFIED., .F., .F. ) 
 B_SPLINE_CURVE_WITH_KNOTS ( ( 3, 2, 2, 3 ),
 ( 0.01976069696071109522, 0.02049261553805582087, 0.02122453411540054305, 0.02195645269274526870 ),
 .UNSPECIFIED. ) 
 CURVE ( )  GEOMETRIC_REPRESENTATION_ITEM ( )  RATIONAL_B_SPLINE_CURVE ( ( 0.9999999999996298516, 0.8660254037848086339, 0.9999999999999998890, 0.8660254037844385966, 0.9999999999999998890, 0.8660254037844385966, 0.9999999999999998890 ) ) 
 REPRESENTATION_ITEM ( '' )  );
#1506 = CARTESIAN_POINT ( 'NONE',  ( 50.37395833381128796, -11.22971971806781255, 7.555278471875000790 ) ) ;
#1507 = CARTESIAN_POINT ( 'NONE',  ( 50.50520833381129648, 11.22971971806784630, 8.444721528124999210 ) ) ;
#1508 = CARTESIAN_POINT ( 'NONE',  ( -3.736327486719279125E-15, 28.00000000000001066, 10.00000000000000000 ) ) ;
#1509 = CARTESIAN_POINT ( 'NONE',  ( -50.92083333428924874, 12.60621778264912329, 8.349999999999999645 ) ) ;
#1510 = CARTESIAN_POINT ( 'NONE',  ( -50.77499999999898961, -12.00000000001404032, 8.699999999999999289 ) ) ;
#1511 = CARTESIAN_POINT ( 'NONE',  ( -51.33026041666189343, 11.59694856156249898, 7.301894430562501093 ) ) ;
#1512 = CARTESIAN_POINT ( 'NONE',  ( 52.00000000000000000, 12.00000000000001776, 8.000000000000000000 ) ) ;
#1513 = EDGE_CURVE ( 'NONE', #2928, #5113, #2058, .T. ) ;
#1514 = CARTESIAN_POINT ( 'NONE',  ( 50.91354166714462082, -12.77028028193215370, 7.555278471875000790 ) ) ;
#1515 = LINE ( 'NONE', #3643, #6618 ) ;
#1516 = CARTESIAN_POINT ( 'NONE',  ( -51.39999999999999147, -12.68373971655883814, 8.150000000000055422 ) ) ;
#1517 = LINE ( 'NONE', #4028, #4067 ) ;
#1518 = CARTESIAN_POINT ( 'NONE',  ( 50.59727616920564230, -11.19715728663506837, 8.000000000000000000 ) ) ;
#1519 = CARTESIAN_POINT ( 'NONE',  ( -50.89166666666665861, -11.39378221735087671, 7.650000000000000355 ) ) ;
#1520 = AXIS2_PLACEMENT_3D ( 'NONE', #4415, #4918, #5990 ) ;
#1521 = AXIS2_PLACEMENT_3D ( 'NONE', #2827, #1371, #5473 ) ;
#1522 = ORIENTED_EDGE ( 'NONE', *, *, #1333, .T. ) ;
#1523 = ADVANCED_FACE ( 'NONE', ( #1953 ), #4013, .F. ) ;
#1524 = CARTESIAN_POINT ( 'NONE',  ( -50.92083333428924874, -11.39378221735087671, 8.349999999999999645 ) ) ;
#1525 = LINE ( 'NONE', #5666, #3475 ) ;
#1526 = CARTESIAN_POINT ( 'NONE',  ( -51.32187500047801620, -11.99999999999998224, 8.889443056249998421 ) ) ;
#1527 = CARTESIAN_POINT ( 'NONE',  ( -51.10312500047795936, -10.97295962409042147, 8.000000000000000000 ) ) ;
#1528 = EDGE_CURVE ( 'NONE', #2762, #1228, #2120, .T. ) ;
#1529 = ORIENTED_EDGE ( 'NONE', *, *, #3835, .F. ) ;
#1530 = EDGE_CURVE ( 'NONE', #6139, #2834, #2652, .T. ) ;
#1531 = VERTEX_POINT ( 'NONE', #2587 ) ;
#1532 = CARTESIAN_POINT ( 'NONE',  ( 51.99999999999999289, -27.99999999999998224, -26.14370398651577077 ) ) ;
#1533 = CARTESIAN_POINT ( 'NONE',  ( 49.90000000095591304, 12.80829037686549299, 8.000000000000000000 ) ) ;
#1534 = CARTESIAN_POINT ( 'NONE',  ( -51.36562500047795510, 12.00000000000001776, 8.889443056250000197 ) ) ;
#1535 = CARTESIAN_POINT ( 'NONE',  ( 50.74583333333333712, -12.40414518843271985, 7.300000000000000711 ) ) ;
#1536 = CARTESIAN_POINT ( 'NONE',  ( -51.46770833381129506, -11.48647981204520363, 7.110556943750000691 ) ) ;
#1537 = CARTESIAN_POINT ( 'NONE',  ( 50.24999999999999289, -11.99999999999998224, 8.699999999999999289 ) ) ;
#1538 = ADVANCED_FACE ( 'NONE', ( #2041 ), #5706, .F. ) ;
#1539 = EDGE_LOOP ( 'NONE', ( #3218, #2856, #3047, #6648 ) ) ;
#1540 = VERTEX_POINT ( 'NONE', #4103 ) ;
#1541 = CARTESIAN_POINT ( 'NONE',  ( 50.11145833381129222, -11.48647981204520363, 8.889443056249998421 ) ) ;
#1542 = CARTESIAN_POINT ( 'NONE',  ( 51.43854166714462650, 12.77028028193218745, 8.444721528125000987 ) ) ;
#1543 = ORIENTED_EDGE ( 'NONE', *, *, #1614, .T. ) ;
#1544 = CARTESIAN_POINT ( 'NONE',  ( 50.24999999999999289, 12.00000000000001776, 8.699999999999999289 ) ) ;
#1545 = CARTESIAN_POINT ( 'NONE',  ( -44.99999999999999289, -22.99999999999999645, 10.00000000000000178 ) ) ;
#1546 = CIRCLE ( 'NONE', #2181, 1.499999999999999556 ) ;
#1547 = FACE_OUTER_BOUND ( 'NONE', #3565, .T. ) ;
#1548 = CARTESIAN_POINT ( 'NONE',  ( -51.18333333333333002, 12.60621778264912329, 8.349999999999999645 ) ) ;
#1549 = DIRECTION ( 'NONE',  ( 0.000000000000000000, 0.000000000000000000, 1.000000000000000000 ) ) ;
#1550 =( BOUNDED_CURVE ( )  B_SPLINE_CURVE ( 3, ( #5900, #4754, #1250, #2257 ),
 .UNSPECIFIED., .F., .F. ) 
 B_SPLINE_CURVE_WITH_KNOTS ( ( 4, 4 ),
 ( 4.712388980384689674, 6.283185307179586232 ),
 .UNSPECIFIED. ) 
 CURVE ( )  GEOMETRIC_REPRESENTATION_ITEM ( )  RATIONAL_B_SPLINE_CURVE ( ( 1.000000000000000000, 0.8047378541243649375, 0.8047378541243649375, 1.000000000000000000 ) ) 
 REPRESENTATION_ITEM ( '' )  );
#1551 = FACE_OUTER_BOUND ( 'NONE', #1265, .T. ) ;
#1552 = EDGE_CURVE ( 'NONE', #4374, #5746, #2620, .T. ) ;
#1553 = FACE_OUTER_BOUND ( 'NONE', #790, .T. ) ;
#1554 = CARTESIAN_POINT ( 'NONE',  ( 50.25729166714462082, 11.22971971806784808, 7.555278471875000790 ) ) ;
#1555 = CARTESIAN_POINT ( 'NONE',  ( -51.29999999999998295, -11.99999999999975131, 7.300000000000000711 ) ) ;
#1556 = CARTESIAN_POINT ( 'NONE',  ( 49.80977616920562667, -11.99999999999998224, 7.304717814982754298 ) ) ;
#1557 = CARTESIAN_POINT ( 'NONE',  ( -50.42499999999999716, -11.99999999999998224, 8.699999999999999289 ) ) ;
#1558 = VECTOR ( 'NONE', #2841, 1000.000000000000000 ) ;
#1559 = ORIENTED_EDGE ( 'NONE', *, *, #5864, .F. ) ;
#1560 = CARTESIAN_POINT ( 'NONE',  ( 51.43854166714462650, -11.22971971806781255, 8.444721528125000987 ) ) ;
#1561 = CARTESIAN_POINT ( 'NONE',  ( -50.22083333333333144, 12.40414518843275538, 7.299999999999999822 ) ) ;
#1562 = CARTESIAN_POINT ( 'NONE',  ( 51.99999999999999289, -29.99999999999998224, -30.00000000000000000 ) ) ;
#1563 = CARTESIAN_POINT ( 'NONE',  ( -51.03750000095591588, -11.99999999999998224, 7.300000000000000711 ) ) ;
#1564 = CARTESIAN_POINT ( 'NONE',  ( -50.51979166714461655, -12.51352018795476440, 7.110556943749999803 ) ) ;
#1565 = VERTEX_POINT ( 'NONE', #5742 ) ;
#1566 = VERTEX_POINT ( 'NONE', #1537 ) ;
#1567 = CARTESIAN_POINT ( 'NONE',  ( 50.25000000095591446, 12.80829037686549299, 8.000000000000000000 ) ) ;
#1568 = CARTESIAN_POINT ( 'NONE',  ( 50.86249999999999716, -11.19170962313450701, 8.000000000000000000 ) ) ;
#1569 = CARTESIAN_POINT ( 'NONE',  ( -51.43854166714462650, -11.22971971806781255, 7.555278471875000790 ) ) ;
#1570 = CARTESIAN_POINT ( 'NONE',  ( 50.94270833381136043, 11.48647981204523738, 7.110556943750000691 ) ) ;
#1571 = ORIENTED_EDGE ( 'NONE', *, *, #748, .F. ) ;
#1572 = EDGE_CURVE ( 'NONE', #696, #370, #2142, .T. ) ;
#1573 = VERTEX_POINT ( 'NONE', #5112 ) ;
#1574 = CARTESIAN_POINT ( 'NONE',  ( 50.89895833381128654, -12.77028028193215548, 8.444721528124999210 ) ) ;
#1575 = ADVANCED_FACE ( 'NONE', ( #1127 ), #6655, .F. ) ;
#1576 = CARTESIAN_POINT ( 'NONE',  ( 51.52604166714462508, 11.48647981204523560, 8.889443056249998421 ) ) ;
#1577 = CARTESIAN_POINT ( 'NONE',  ( -50.60000000095591588, -11.19170962313450701, 8.000000000000000000 ) ) ;
#1578 = DIRECTION ( 'NONE',  ( -1.000000000000000000, 0.000000000000000000, 0.000000000000000000 ) ) ;
#1579 = CARTESIAN_POINT ( 'NONE',  ( -51.00104166714462650, 12.51352018795479815, 8.889443056249998421 ) ) ;
#1580 = CARTESIAN_POINT ( 'NONE',  ( -51.38750000000000284, 11.19170962313454076, 8.000000000000000000 ) ) ;
#1581 = CARTESIAN_POINT ( 'NONE',  ( 50.00000000000000000, -25.92893218813449963, -25.38989694984990209 ) ) ;
#1582 = ADVANCED_FACE ( 'NONE', ( #6243 ), #3192, .F. ) ;
#1583 = AXIS2_PLACEMENT_3D ( 'NONE', #6368, #4285, #1287 ) ;
#1584 = CARTESIAN_POINT ( 'NONE',  ( -49.99996648686923351, 11.83820319020480127, 7.318955366851708888 ) ) ;
#1585 = VECTOR ( 'NONE', #1457, 1000.000000000000000 ) ;
#1586 = DIRECTION ( 'NONE',  ( 1.000000000000000000, 0.000000000000000000, 0.000000000000000000 ) ) ;
#1587 = CARTESIAN_POINT ( 'NONE',  ( -51.03750000095591588, 12.00000000000001776, 7.300000000000000711 ) ) ;
#1588 = CARTESIAN_POINT ( 'NONE',  ( 50.71666755039194641, -12.40415130443828851, 8.699989406767613787 ) ) ;
#1589 = CARTESIAN_POINT ( 'NONE',  ( 51.00560950253896664, -11.59857864331752353, 8.695282185017244814 ) ) ;
#1590 = CARTESIAN_POINT ( 'NONE',  ( -51.51145833381128369, -11.48647981204520363, 7.110556943749999803 ) ) ;
#1591 =( BOUNDED_CURVE ( )  B_SPLINE_CURVE ( 3, ( #2374, #2880, #1905, #6479 ),
 .UNSPECIFIED., .F., .F. ) 
 B_SPLINE_CURVE_WITH_KNOTS ( ( 4, 4 ),
 ( 3.141592653589790896, 4.712388980384689674 ),
 .UNSPECIFIED. ) 
 CURVE ( )  GEOMETRIC_REPRESENTATION_ITEM ( )  RATIONAL_B_SPLINE_CURVE ( ( 1.000000000000000000, 0.8047378541243644934, 0.8047378541243644934, 1.000000000000000000 ) ) 
 REPRESENTATION_ITEM ( '' )  );
#1592 = ORIENTED_EDGE ( 'NONE', *, *, #3767, .F. ) ;
#1593 = CARTESIAN_POINT ( 'NONE',  ( 51.75937500047796647, -10.97295962409042147, 8.000000000000000000 ) ) ;
#1594 = CARTESIAN_POINT ( 'NONE',  ( -50.97916666762257876, -11.39378221735087671, 7.650000000000000355 ) ) ;
#1595 = CARTESIAN_POINT ( 'NONE',  ( -51.39999999999999858, 12.87788115970779579, 8.142946212756649871 ) ) ;
#1596 = CARTESIAN_POINT ( 'NONE',  ( -51.21250000095592014, -11.99999999999998224, 8.699999999999999289 ) ) ;
#1597 = CARTESIAN_POINT ( 'NONE',  ( -50.66562500047795936, -11.99999999999998224, 8.889443056250000197 ) ) ;
#1598 = ORIENTED_EDGE ( 'NONE', *, *, #4339, .F. ) ;
#1599 = B_SPLINE_CURVE_WITH_KNOTS ( 'NONE', 3,
 ( #3970, #4910, #822, #1846 ),
 .UNSPECIFIED., .F., .F.,
 ( 4, 4 ),
 ( 0.000000000000000000, 0.0007113056165952383759 ),
 .UNSPECIFIED. ) ;
#1600 = B_SPLINE_CURVE_WITH_KNOTS ( 'NONE', 3,
 ( #1584, #3136, #5755, #4180, #564, #6156, #1043, #3168 ),
 .UNSPECIFIED., .F., .F.,
 ( 4, 2, 2, 4 ),
 ( 0.000000000000000000, 0.0007829103231971903075, 0.001174365484795783510, 0.001565820646394376495 ),
 .UNSPECIFIED. ) ;
#1601 = ORIENTED_EDGE ( 'NONE', *, *, #935, .T. ) ;
#1602 = CARTESIAN_POINT ( 'NONE',  ( 50.68750000095591446, 12.00000000000001776, 8.699999999999999289 ) ) ;
#1603 = CARTESIAN_POINT ( 'NONE',  ( 51.09583333333337407, 11.59585481156751818, 7.299999999999588596 ) ) ;
#1604 = CARTESIAN_POINT ( 'NONE',  ( 51.42395833381129222, -11.22971971806781255, 7.555278471875000790 ) ) ;
#1605 = CARTESIAN_POINT ( 'NONE',  ( -51.73020833381129080, -11.22971971806781255, 8.444721528124999210 ) ) ;
#1606 = CARTESIAN_POINT ( 'NONE',  ( 50.62187500047802757, 12.00000000000001776, 7.110556943750000691 ) ) ;
#1607 = VERTEX_POINT ( 'NONE', #5175 ) ;
#1608 = DIRECTION ( 'NONE',  ( 0.000000000000000000, 0.000000000000000000, -1.000000000000000000 ) ) ;
#1609 = CARTESIAN_POINT ( 'NONE',  ( 50.91354166714462082, 11.22971971806784808, 7.555278471875000790 ) ) ;
#1610 = B_SPLINE_CURVE_WITH_KNOTS ( 'NONE', 3,
 ( #1435, #3555, #5103, #5046 ),
 .UNSPECIFIED., .F., .F.,
 ( 4, 4 ),
 ( 0.000000000000000000, 0.0007113056166003026842 ),
 .UNSPECIFIED. ) ;
#1611 = DIRECTION ( 'NONE',  ( 0.000000000000000000, -0.000000000000000000, 1.000000000000000000 ) ) ;
#1612 = CARTESIAN_POINT ( 'NONE',  ( -50.85520833381129080, 11.22971971806784808, 7.555278471875000790 ) ) ;
#1613 = CARTESIAN_POINT ( 'NONE',  ( -50.01014495630492718, 11.34280417517972595, 8.257914579764113583 ) ) ;
#1614 = EDGE_CURVE ( 'NONE', #5202, #6455, #3971, .T. ) ;
#1615 = EDGE_CURVE ( 'NONE', #4450, #5305, #3804, .T. ) ;
#1616 = ADVANCED_FACE ( 'NONE', ( #5924, #1195, #1782 ), #4342, .T. ) ;
#1617 = CARTESIAN_POINT ( 'NONE',  ( 49.86354166714463076, -12.77028028193215370, 7.555278471875000790 ) ) ;
#1618 = CARTESIAN_POINT ( 'NONE',  ( -50.48333333428924874, 11.59585481156729259, 8.700000000000022382 ) ) ;
#1619 = DIRECTION ( 'NONE',  ( -1.000000000000000000, 0.000000000000000000, 0.000000000000000000 ) ) ;
#1620 = LINE ( 'NONE', #1076, #5782 ) ;
#1621 = CARTESIAN_POINT ( 'NONE',  ( 51.97192708332855915, -11.59694856156246701, 8.698105569437499796 ) ) ;
#1622 = CARTESIAN_POINT ( 'NONE',  ( -50.36666666666666714, -12.60621778264908954, 8.349999999999999645 ) ) ;
#1623 = ORIENTED_EDGE ( 'NONE', *, *, #133, .F. ) ;
#1624 = CARTESIAN_POINT ( 'NONE',  ( 51.09692708332855204, 11.59694856156249898, 7.301894430562501093 ) ) ;
#1625 = CARTESIAN_POINT ( 'NONE',  ( 51.38020833381129648, -11.22971971806781255, 7.555278471875000790 ) ) ;
#1626 =( BOUNDED_SURFACE ( )  B_SPLINE_SURFACE ( 1, 2, ( 
 ( #621, #4642, #5779, #59, #1605, #1061, #5174, #4774, #3191, #3227, #2718, #2074, #4102, #1536, #1569, #4138, #6181, #2111, #1194, #3803, #5888, #3369, #3338, #3301, #5377, #5411, #5444, #4885, #5340, #5303, #6388, #4379, #4917, #3400, #2316, #830, #6425, #5852, #1781, #6314, #2828, #1708, #1272, #1819, #5923, #2862, #6350, #4268, #300, #3262, #2245, #1234, #3764, #764, #267, #5816, #2894, #796, #2354, #692, #4950, #2792, #2205, #1342, #3878, #3842, #195, #2757, #4812, #1307, #4414 ),
 ( #4306, #6460, #4848, #729, #230, #2279, #1853, #1744, #3912, #4341, #5957, #2418, #5541, #923, #3946, #3022, #6047, #397, #2511, #1372, #4534, #2988, #3049, #430, #5602, #1494, #6583, #1971, #4063, #2450, #984, #4475, #6016, #6492, #5989, #5511, #3429, #1916, #333, #4505, #2386, #4447, #1401, #6106, #891, #5073, #458, #1464, #4567, #4982, #6613, #2002, #1941, #4034, #4004, #1433, #6554, #2958, #3553, #1885, #5576, #6523, #5474, #3493, #859, #5043, #3975, #3526, #2925, #956, #5014 ) ),
 .UNSPECIFIED., .F., .F., .F. ) 
 B_SPLINE_SURFACE_WITH_KNOTS ( ( 2, 2 ),
 ( 3, 2, 2, 2, 2, 2, 2, 2, 2, 2, 2, 2, 2, 2, 2, 2, 2, 2, 2, 2, 2, 2, 2, 2, 2, 2, 2, 2, 2, 2, 2, 2, 2, 2, 2, 3 ),
 ( 0.000000000000000000, 1.000000000000000000 ),
 ( 0.000000000000000000, 0.02777777777777777624, 0.05555555555555555247, 0.08333333333333332871, 0.1111111111111111049, 0.1388888888888888951, 0.1666666666666666574, 0.1944444444444444475, 0.2222222222222222099, 0.2500000000000000000, 0.2777777777777777901, 0.3055555555555555802, 0.3333333333333333148, 0.3611111111111111049, 0.3888888888888888951, 0.4166666666666666852, 0.4444444444444444198, 0.4722222222222222099, 0.5000000000000000000, 0.5277777777777777901, 0.5555555555555555802, 0.5833333333333333703, 0.6111111111111111605, 0.6388888888888888395, 0.6666666666666666297, 0.6944444444444444198, 0.7222222222222222099, 0.7500000000000000000, 0.7777777777777777901, 0.8055555555555555802, 0.8333333333333333703, 0.8611111111111111605, 0.8888888888888888395, 0.9166666666666666297, 0.9444444444444444198, 0.9524937176379193460 ),
 .UNSPECIFIED. ) 
 GEOMETRIC_REPRESENTATION_ITEM ( )  RATIONAL_B_SPLINE_SURFACE ( (
 ( 1.000000000000000000, 0.8660254037844387076, 1.000000000000000000, 0.8660254037844387076, 1.000000000000000000, 0.8660254037844387076, 1.000000000000000000, 0.8660254037844387076, 1.000000000000000000, 0.8660254037844387076, 1.000000000000000000, 0.8660254037844387076, 1.000000000000000000, 0.8660254037844387076, 1.000000000000000000, 0.8660254037844387076, 1.000000000000000000, 0.8660254037844387076, 1.000000000000000000, 0.8660254037844387076, 1.000000000000000000, 0.8660254037844387076, 1.000000000000000000, 0.8660254037844387076, 1.000000000000000000, 0.8660254037844387076, 1.000000000000000000, 0.8660254037844387076, 1.000000000000000000, 0.8660254037844387076, 1.000000000000000000, 0.8660254037844387076, 1.000000000000000000, 0.8660254037844387076, 1.000000000000000000, 0.8660254037844387076, 1.000000000000000000, 0.8660254037844387076, 1.000000000000000000, 0.8660254037844387076, 1.000000000000000000, 0.8660254037844387076, 1.000000000000000000, 0.8660254037844387076, 1.000000000000000000, 0.8660254037844387076, 1.000000000000000000, 0.8660254037844387076, 1.000000000000000000, 0.8660254037844387076, 1.000000000000000000, 0.8660254037844387076, 1.000000000000000000, 0.8660254037844387076, 1.000000000000000000, 0.8660254037844387076, 1.000000000000000000, 0.8660254037844387076, 1.000000000000000000, 0.8660254037844387076, 1.000000000000000000, 0.8660254037844387076, 1.000000000000000000, 0.8660254037844387076, 1.000000000000000000, 0.8660254037844387076, 1.000000000000000000, 0.8660254037844387076, 1.000000000000000000, 0.9611776674667164011, 0.9448547272943526032),
 ( 1.000000000000000000, 0.8660254037844387076, 1.000000000000000000, 0.8660254037844387076, 1.000000000000000000, 0.8660254037844387076, 1.000000000000000000, 0.8660254037844387076, 1.000000000000000000, 0.8660254037844387076, 1.000000000000000000, 0.8660254037844387076, 1.000000000000000000, 0.8660254037844387076, 1.000000000000000000, 0.8660254037844387076, 1.000000000000000000, 0.8660254037844387076, 1.000000000000000000, 0.8660254037844387076, 1.000000000000000000, 0.8660254037844387076, 1.000000000000000000, 0.8660254037844387076, 1.000000000000000000, 0.8660254037844387076, 1.000000000000000000, 0.8660254037844387076, 1.000000000000000000, 0.8660254037844387076, 1.000000000000000000, 0.8660254037844387076, 1.000000000000000000, 0.8660254037844387076, 1.000000000000000000, 0.8660254037844387076, 1.000000000000000000, 0.8660254037844387076, 1.000000000000000000, 0.8660254037844387076, 1.000000000000000000, 0.8660254037844387076, 1.000000000000000000, 0.8660254037844387076, 1.000000000000000000, 0.8660254037844387076, 1.000000000000000000, 0.8660254037844387076, 1.000000000000000000, 0.8660254037844387076, 1.000000000000000000, 0.8660254037844387076, 1.000000000000000000, 0.8660254037844387076, 1.000000000000000000, 0.8660254037844387076, 1.000000000000000000, 0.8660254037844387076, 1.000000000000000000, 0.8660254037844387076, 1.000000000000000000, 0.8660254037844387076, 1.000000000000000000, 0.8660254037844387076, 1.000000000000000000, 0.8660254037844387076, 1.000000000000000000, 0.8660254037844387076, 1.000000000000000000, 0.9611776674667164011, 0.9448547272943526032) ) ) 
 REPRESENTATION_ITEM ( '' )  SURFACE ( )  );
#1627 = CARTESIAN_POINT ( 'NONE',  ( -50.13333333333332575, 12.60621778264912329, 8.349999999999999645 ) ) ;
#1628 = CARTESIAN_POINT ( 'NONE',  ( -51.40000000000000568, 12.83972920572206888, 8.377250297929000666 ) ) ;
#1629 = CARTESIAN_POINT ( 'NONE',  ( 51.99999999999999289, 23.00000000000001066, 10.00000000000000000 ) ) ;
#1630 = CARTESIAN_POINT ( 'NONE',  ( -50.95729166714461655, -12.77028028193215370, 8.444721528125000987 ) ) ;
#1631 = VERTEX_POINT ( 'NONE', #2246 ) ;
#1632 = AXIS2_PLACEMENT_3D ( 'NONE', #1341, #2923, #2861 ) ;
#1633 = LINE ( 'NONE', #1230, #52 ) ;
#1634 = CARTESIAN_POINT ( 'NONE',  ( 50.97916666666667851, 11.59585481156715225, 8.699999999999780798 ) ) ;
#1635 = CARTESIAN_POINT ( 'NONE',  ( 51.77395833381128654, -11.22971971806781255, 7.555278471875000790 ) ) ;
#1636 = LINE ( 'NONE', #1027, #6280 ) ;
#1637 = DIRECTION ( 'NONE',  ( -1.000000000000000000, 0.000000000000000000, 0.000000000000000000 ) ) ;
#1638 = ORIENTED_EDGE ( 'NONE', *, *, #4088, .F. ) ;
#1639 = ORIENTED_EDGE ( 'NONE', *, *, #2870, .F. ) ;
#1640 = CARTESIAN_POINT ( 'NONE',  ( -49.99999999999998579, -11.48827964609387919, 8.727496549620376243 ) ) ;
#1641 = CARTESIAN_POINT ( 'NONE',  ( 50.62187500047796362, 12.00000000000001776, 7.110556943750000691 ) ) ;
#1642 = CARTESIAN_POINT ( 'NONE',  ( 51.52604166714462508, 11.48647981204523560, 8.889443056249998421 ) ) ;
#1643 = CARTESIAN_POINT ( 'NONE',  ( 51.24166666666666003, 12.60621778264912329, 8.349999999999999645 ) ) ;
#1644 = CARTESIAN_POINT ( 'NONE',  ( -50.41770833381128369, 12.51352018795479815, 7.110556943750000691 ) ) ;
#1645 = CARTESIAN_POINT ( 'NONE',  ( -51.59166666666666856, 12.60621778264912329, 7.650000000000000355 ) ) ;
#1646 = CARTESIAN_POINT ( 'NONE',  ( 51.39352165242769388, -12.08343403336877131, 8.699992349552271520 ) ) ;
#1647 = VECTOR ( 'NONE', #5029, 1000.000000000000000 ) ;
#1648 = CARTESIAN_POINT ( 'NONE',  ( -52.00000000000000000, -22.99999999999999645, -27.45220836013658428 ) ) ;
#1649 = CARTESIAN_POINT ( 'NONE',  ( 50.63645833381128369, 11.48647981204523738, 7.110556943749999803 ) ) ;
#1650 = CARTESIAN_POINT ( 'NONE',  ( 50.54167173390506207, -11.59581971133256495, 7.300060795389821777 ) ) ;
#1651 = CARTESIAN_POINT ( 'NONE',  ( 50.91810950253896806, -11.39786796497629595, 7.652358907491377593 ) ) ;
#1652 = CARTESIAN_POINT ( 'NONE',  ( -50.48333333333333428, -11.39378221735087671, 8.349999999999999645 ) ) ;
#1653 = FACE_OUTER_BOUND ( 'NONE', #6463, .T. ) ;
#1654 = VERTEX_POINT ( 'NONE', #2719 ) ;
#1655 = CARTESIAN_POINT ( 'NONE',  ( 51.88442708332854636, 12.60457715765629239, 7.650947215281250102 ) ) ;
#1656 = CARTESIAN_POINT ( 'NONE',  ( 52.00000000000000000, 12.00000000000001776, 8.000000000000000000 ) ) ;
#1657 = EDGE_CURVE ( 'NONE', #242, #4890, #2758, .T. ) ;
#1658 = CARTESIAN_POINT ( 'NONE',  ( 50.36667040150584285, 11.59582894246520368, 8.699955193400860765 ) ) ;
#1659 = VECTOR ( 'NONE', #2681, 1000.000000000000000 ) ;
#1660 = CARTESIAN_POINT ( 'NONE',  ( 44.99999999999998579, 30.00000000000002132, -8.161785944027805328 ) ) ;
#1661 = CARTESIAN_POINT ( 'NONE',  ( -51.39999999999999858, -11.16027079427585278, 8.377250297925558087 ) ) ;
#1662 = CARTESIAN_POINT ( 'NONE',  ( -50.33020833381135617, -11.22971971806781255, 8.444721528124999210 ) ) ;
#1663 = CARTESIAN_POINT ( 'NONE',  ( -50.69479166714462082, -11.48647981204520363, 8.889443056249998421 ) ) ;
#1664 = EDGE_LOOP ( 'NONE', ( #2323, #3026, #496, #3906, #3599, #6520, #4383, #3888 ) ) ;
#1665 = ORIENTED_EDGE ( 'NONE', *, *, #222, .T. ) ;
#1666 = ORIENTED_EDGE ( 'NONE', *, *, #5772, .T. ) ;
#1667 = CARTESIAN_POINT ( 'NONE',  ( 50.74310950272231224, 11.39786796470131236, 8.347641092667403839 ) ) ;
#1668 = CARTESIAN_POINT ( 'NONE',  ( 51.00833333333332575, 11.39378221735091223, 8.349999999999999645 ) ) ;
#1669 = CARTESIAN_POINT ( 'NONE',  ( -19.54999999999999361, 30.00000000000000711, 0.2782140559721966722 ) ) ;
#1670 = CARTESIAN_POINT ( 'NONE',  ( 50.63645833381128369, -12.51352018795476262, 7.110556943749999803 ) ) ;
#1671 = DIRECTION ( 'NONE',  ( -1.000000000000000000, 0.000000000000000000, 0.000000000000000000 ) ) ;
#1672 = VERTEX_POINT ( 'NONE', #1273 ) ;
#1673 = CIRCLE ( 'NONE', #169, 0.6999999999999992895 ) ;
#1674 = EDGE_CURVE ( 'NONE', #3210, #1573, #2539, .T. ) ;
#1675 = ORIENTED_EDGE ( 'NONE', *, *, #3712, .F. ) ;
#1676 = CARTESIAN_POINT ( 'NONE',  ( 44.99999999999997868, -29.00000000000001421, -28.63602976573380943 ) ) ;
#1677 = CYLINDRICAL_SURFACE ( 'NONE', #2192, 1.000000000000000000 ) ;
#1678 = CARTESIAN_POINT ( 'NONE',  ( 50.95000000000003126, 11.99999999999956124, 8.700000000000002842 ) ) ;
#1679 = CARTESIAN_POINT ( 'NONE',  ( -51.58437500047795510, 10.97295962409045877, 8.000000000000000000 ) ) ;
#1680 = CARTESIAN_POINT ( 'NONE',  ( -51.06666666666666288, 11.39378221735091223, 8.349999999999999645 ) ) ;
#1681 = CARTESIAN_POINT ( 'NONE',  ( 50.00108797182263487, -12.18748525719509956, 8.674444067633690025 ) ) ;
#1682 = FACE_BOUND ( 'NONE', #3112, .T. ) ;
#1683 = DIRECTION ( 'NONE',  ( 1.334402673828313339E-16, -1.000000000000000000, -0.000000000000000000 ) ) ;
#1684 = DIRECTION ( 'NONE',  ( 0.000000000000000000, 0.000000000000000000, 1.000000000000000000 ) ) ;
#1685 = CARTESIAN_POINT ( 'NONE',  ( 50.39692708332855631, -12.40305143843749924, 7.301894430562501093 ) ) ;
#1686 = CARTESIAN_POINT ( 'NONE',  ( -51.19062500047795794, -11.99999999999998224, 7.110556943750000691 ) ) ;
#1687 = CARTESIAN_POINT ( 'NONE',  ( 51.99999999999999289, 23.00000000000001776, -30.00000000000000000 ) ) ;
#1688 = ORIENTED_EDGE ( 'NONE', *, *, #3687, .F. ) ;
#1689 = CARTESIAN_POINT ( 'NONE',  ( 50.86249999999999716, 12.80829037686549299, 8.000000000000000000 ) ) ;
#1690 = LINE ( 'NONE', #3088, #1894 ) ;
#1691 = B_SPLINE_CURVE_WITH_KNOTS ( 'NONE', 3,
 ( #5818, #5592, #2087, #1196, #973, #4148, #6602, #6123 ),
 .UNSPECIFIED., .F., .F.,
 ( 4, 2, 2, 4 ),
 ( 1.335508797271125889E-05, 0.0007963652814067989551, 0.001187870378123839256, 0.001579375474840879557 ),
 .UNSPECIFIED. ) ;
#1692 = CARTESIAN_POINT ( 'NONE',  ( 51.20520833381129222, -12.77028028193215548, 8.444721528124999210 ) ) ;
#1693 = CARTESIAN_POINT ( 'NONE',  ( 50.06358675878377085, -12.15814650932405705, 7.300000000000044231 ) ) ;
#1694 = VECTOR ( 'NONE', #5610, 1000.000000000000000 ) ;
#1695 = CARTESIAN_POINT ( 'NONE',  ( -50.63645833381129790, -12.51352018795474486, 8.889443056249969999 ) ) ;
#1696 = CARTESIAN_POINT ( 'NONE',  ( -50.65104166714468903, -11.48647981204520363, 8.889443056249998421 ) ) ;
#1697 = CARTESIAN_POINT ( 'NONE',  ( -50.03854166714462082, -11.22971971806781255, 7.555278471875000790 ) ) ;
#1698 = EDGE_CURVE ( 'NONE', #4710, #6430, #1864, .T. ) ;
#1699 = ORIENTED_EDGE ( 'NONE', *, *, #1205, .F. ) ;
#1700 = ADVANCED_FACE ( 'NONE', ( #1709 ), #4307, .T. ) ;
#1701 = EDGE_CURVE ( 'NONE', #1437, #2928, #4645, .T. ) ;
#1702 = ORIENTED_EDGE ( 'NONE', *, *, #578, .F. ) ;
#1703 = VERTEX_POINT ( 'NONE', #6524 ) ;
#1704 = CARTESIAN_POINT ( 'NONE',  ( 49.95560950272232503, 12.40142135686582314, 8.695282185334807679 ) ) ;
#1705 = CARTESIAN_POINT ( 'NONE',  ( -50.11145833381129222, 12.51352018795479815, 7.110556943749999803 ) ) ;
#1706 = CARTESIAN_POINT ( 'NONE',  ( -51.33026041666189343, -12.40305143843749924, 7.301894430562501093 ) ) ;
#1707 = CARTESIAN_POINT ( 'NONE',  ( 51.19062500047795794, -11.99999999999998224, 8.889443056250000197 ) ) ;
#1708 = CARTESIAN_POINT ( 'NONE',  ( -50.65104166714462508, -11.48647981204520363, 8.889443056249998421 ) ) ;
#1709 = FACE_OUTER_BOUND ( 'NONE', #5447, .T. ) ;
#1710 = DIRECTION ( 'NONE',  ( -1.000000000000000000, 0.000000000000000000, 0.000000000000000000 ) ) ;
#1711 = EDGE_LOOP ( 'NONE', ( #1814, #3403, #2787, #2164 ) ) ;
#1712 = ORIENTED_EDGE ( 'NONE', *, *, #2238, .F. ) ;
#1713 = CARTESIAN_POINT ( 'NONE',  ( 36.00000000000002132, 14.00000000000002132, -10.85695414733523023 ) ) ;
#1714 = CARTESIAN_POINT ( 'NONE',  ( 49.99999999999998579, -11.72059455534683181, 7.145486260742682560 ) ) ;
#1715 = CARTESIAN_POINT ( 'NONE',  ( 51.35104166714462082, 12.51352018795479815, 7.110556943749999803 ) ) ;
#1716 = CARTESIAN_POINT ( 'NONE',  ( 50.77499999999898961, 11.99999999998594191, 7.299999999999998934 ) ) ;
#1717 = CARTESIAN_POINT ( 'NONE',  ( -50.65104166714462508, 12.51352018795479815, 8.889443056249998421 ) ) ;
#1718 = CARTESIAN_POINT ( 'NONE',  ( -50.00047802205881453, 11.31754398247544380, 8.155736264705737426 ) ) ;
#1719 = CARTESIAN_POINT ( 'NONE',  ( 51.48229166714462224, 12.77028028193218745, 8.444721528125000987 ) ) ;
#1720 = CYLINDRICAL_SURFACE ( 'NONE', #5872, 5.999999999999998224 ) ;
#1721 = DIRECTION ( 'NONE',  ( -1.000000000000000000, 0.000000000000000000, 0.000000000000000000 ) ) ;
#1722 = CARTESIAN_POINT ( 'NONE',  ( -33.19999999999998863, -19.99999999999998934, -23.23194211238614670 ) ) ;
#1723 = CARTESIAN_POINT ( 'NONE',  ( 50.45526041666188632, -11.59694856156246701, 7.301894430562501093 ) ) ;
#1724 = CARTESIAN_POINT ( 'NONE',  ( 36.38000000000000966, 5.000000000000018652, -26.00000000000001066 ) ) ;
#1725 = CARTESIAN_POINT ( 'NONE',  ( -44.99999999999998579, -29.99999999999999645, 10.00000000000000000 ) ) ;
#1726 = CYLINDRICAL_SURFACE ( 'NONE', #2208, 6.999999999999999112 ) ;
#1727 = CARTESIAN_POINT ( 'NONE',  ( 51.44583333333333286, 11.59585481156727838, 7.300000000000000711 ) ) ;
#1728 =( BOUNDED_CURVE ( )  B_SPLINE_CURVE ( 2, ( #4110, #6152, #6249, #2148, #6662, #2177, #4746 ),
 .UNSPECIFIED., .F., .F. ) 
 B_SPLINE_CURVE_WITH_KNOTS ( ( 3, 2, 2, 3 ),
 ( 0.2499999999999988898, 0.2777777777777769019, 0.3055555555555549696, 0.3333333333333329263 ),
 .UNSPECIFIED. ) 
 CURVE ( )  GEOMETRIC_REPRESENTATION_ITEM ( )  RATIONAL_B_SPLINE_CURVE ( ( 1.000000000000005329, 0.8660254037844333785, 1.000000000000000000, 0.8660254037844387076, 1.000000000000000000, 0.8660254037844405950, 0.9999999999999981126 ) ) 
 REPRESENTATION_ITEM ( '' )  );
#1729 = LINE ( 'NONE', #5876, #5352 ) ;
#1730 = CARTESIAN_POINT ( 'NONE',  ( 49.85592661420624694, -12.83731714049549488, 7.671389716886515053 ) ) ;
#1731 = CARTESIAN_POINT ( 'NONE',  ( -50.13333333428924732, -12.40414518843271985, 8.699999999999999289 ) ) ;
#1732 = CARTESIAN_POINT ( 'NONE',  ( -51.27083333428925016, 12.60621778264912329, 8.349999999999999645 ) ) ;
#1733 = CARTESIAN_POINT ( 'NONE',  ( -50.50520833381134622, -12.77028028193215370, 7.555278471875000790 ) ) ;
#1734 = CARTESIAN_POINT ( 'NONE',  ( -51.14687500047796220, -11.99999999999998224, 7.110556943750001579 ) ) ;
#1735 = ORIENTED_EDGE ( 'NONE', *, *, #4228, .T. ) ;
#1736 = VERTEX_POINT ( 'NONE', #1465 ) ;
#1737 = ORIENTED_EDGE ( 'NONE', *, *, #5813, .T. ) ;
#1738 = DIRECTION ( 'NONE',  ( -0.000000000000000000, 0.000000000000000000, 1.000000000000000000 ) ) ;
#1739 = CARTESIAN_POINT ( 'NONE',  ( -50.98645833381128512, 11.48647981204523738, 8.889443056249998421 ) ) ;
#1740 = CARTESIAN_POINT ( 'NONE',  ( -50.98026041666189201, -12.40305143843749924, 7.301894430562501093 ) ) ;
#1741 = EDGE_CURVE ( 'NONE', #5634, #4193, #1343, .T. ) ;
#1742 = CARTESIAN_POINT ( 'NONE',  ( 51.83229166714461655, -11.22971971806781255, 8.444721528125000987 ) ) ;
#1743 = ADVANCED_FACE ( 'NONE', ( #1402, #5512 ), #367, .T. ) ;
#1744 = CARTESIAN_POINT ( 'NONE',  ( -51.53333333428924590, -12.40414518843271985, 8.700000000000001066 ) ) ;
#1745 = CARTESIAN_POINT ( 'NONE',  ( 50.02052893763643482, 12.92885000037774113, 8.170070719235406287 ) ) ;
#1746 = CARTESIAN_POINT ( 'NONE',  ( -51.07395833381129790, 12.77028028193216613, 8.444721528124984999 ) ) ;
#1747 = VERTEX_POINT ( 'NONE', #301 ) ;
#1748 = VECTOR ( 'NONE', #4727, 1000.000000000000000 ) ;
#1749 = AXIS2_PLACEMENT_3D ( 'NONE', #5308, #4743, #698 ) ;
#1750 = ORIENTED_EDGE ( 'NONE', *, *, #3558, .F. ) ;
#1751 = LINE ( 'NONE', #235, #4878 ) ;
#1752 = DIRECTION ( 'NONE',  ( -0.000000000000000000, -0.000000000000000000, -1.000000000000000000 ) ) ;
#1753 = CARTESIAN_POINT ( 'NONE',  ( -44.99999999999999289, -22.99999999999999645, -30.00000000000000000 ) ) ;
#1754 = ADVANCED_FACE ( 'NONE', ( #3494 ), #2419, .F. ) ;
#1755 = CARTESIAN_POINT ( 'NONE',  ( -51.50416666762257734, 11.39378221735091223, 8.349999999999999645 ) ) ;
#1756 = CARTESIAN_POINT ( 'NONE',  ( -51.62812500047795083, 10.97295962409045522, 8.000000000000000000 ) ) ;
#1757 = CARTESIAN_POINT ( 'NONE',  ( 49.99999999999998579, -12.68314058669670175, 7.847019488603834247 ) ) ;
#1758 = CARTESIAN_POINT ( 'NONE',  ( -44.99999999999998579, -29.99999999999999645, -30.00000000000000000 ) ) ;
#1759 = CARTESIAN_POINT ( 'NONE',  ( 50.88437500047802331, -13.02704037590954478, 8.000000000000000000 ) ) ;
#1760 = CARTESIAN_POINT ( 'NONE',  ( 51.12500000095591446, 11.19170962313454076, 8.000000000000000000 ) ) ;
#1761 = CARTESIAN_POINT ( 'NONE',  ( 51.47609374999522203, -11.99999999999998224, 7.301894430562501093 ) ) ;
#1762 = CARTESIAN_POINT ( 'NONE',  ( -50.49062500047795510, -11.99999999999998224, 7.110556943750000691 ) ) ;
#1763 = EDGE_LOOP ( 'NONE', ( #1444, #3019, #78, #3694 ) ) ;
#1764 = CARTESIAN_POINT ( 'NONE',  ( 51.41666666666666430, 11.39378221735091223, 7.650000000000000355 ) ) ;
#1765 = CYLINDRICAL_SURFACE ( 'NONE', #2016, 0.6999999999999992895 ) ;
#1766 = CARTESIAN_POINT ( 'NONE',  ( 50.70937500047796220, -10.97295962409042147, 8.000000000000000000 ) ) ;
#1767 = VERTEX_POINT ( 'NONE', #4476 ) ;
#1768 = DIRECTION ( 'NONE',  ( 0.000000000000000000, 0.000000000000000000, -1.000000000000000000 ) ) ;
#1769 = AXIS2_PLACEMENT_3D ( 'NONE', #4151, #105, #2600 ) ;
#1770 = CARTESIAN_POINT ( 'NONE',  ( -51.04479166714463645, -11.48647981204522139, 8.889443056249969999 ) ) ;
#1771 = CARTESIAN_POINT ( 'NONE',  ( -50.03854166714467766, -11.22971971806781255, 7.555278471875000790 ) ) ;
#1772 = CARTESIAN_POINT ( 'NONE',  ( -50.27187500047795510, -11.99999999999998224, 8.889443056249998421 ) ) ;
#1773 = ORIENTED_EDGE ( 'NONE', *, *, #5314, .T. ) ;
#1774 =( BOUNDED_CURVE ( )  B_SPLINE_CURVE ( 2, ( #4458, #6033, #3005, #5490, #847, #5970, #4551 ),
 .UNSPECIFIED., .F., .F. ) 
 B_SPLINE_CURVE_WITH_KNOTS ( ( 3, 2, 2, 3 ),
 ( 0.01756484024348000869, 0.01829679248255703522, 0.01902874472163406522, 0.01976069696071109175 ),
 .UNSPECIFIED. ) 
 CURVE ( )  GEOMETRIC_REPRESENTATION_ITEM ( )  RATIONAL_B_SPLINE_CURVE ( ( 0.9999999999999737987, 0.8660254037844649089, 1.000000000000000000, 0.8660254037844387076, 1.000000000000000000, 0.8660254037840703356, 1.000000000000368372 ) ) 
 REPRESENTATION_ITEM ( '' )  );
#1775 = ORIENTED_EDGE ( 'NONE', *, *, #2688, .T. ) ;
#1776 = VERTEX_POINT ( 'NONE', #5542 ) ;
#1777 = CARTESIAN_POINT ( 'NONE',  ( 50.68477616938897512, 12.00000000000001776, 8.695282185334809455 ) ) ;
#1778 = CARTESIAN_POINT ( 'NONE',  ( -50.25729166714462082, 11.22971971806784808, 8.444721528125000987 ) ) ;
#1779 = CARTESIAN_POINT ( 'NONE',  ( -50.95109374999521634, -11.99999999999998224, 7.301894430562501093 ) ) ;
#1780 = CARTESIAN_POINT ( 'NONE',  ( 50.37395833381128796, -11.22971971806781255, 7.555278471875000790 ) ) ;
#1781 = CARTESIAN_POINT ( 'NONE',  ( -50.73854166714462366, -11.22971971806781255, 7.555278471875000790 ) ) ;
#1782 = FACE_OUTER_BOUND ( 'NONE', #1763, .T. ) ;
#1783 = CARTESIAN_POINT ( 'NONE',  ( -51.21979166714464071, 11.48647981204525159, 7.110556943750029113 ) ) ;
#1784 = ORIENTED_EDGE ( 'NONE', *, *, #4586, .F. ) ;
#1785 = VECTOR ( 'NONE', #5228, 1000.000000000000000 ) ;
#1786 = ORIENTED_EDGE ( 'NONE', *, *, #1572, .F. ) ;
#1787 = DIRECTION ( 'NONE',  ( 1.334402673828313339E-16, -1.000000000000000000, -0.000000000000000000 ) ) ;
#1788 = AXIS2_PLACEMENT_3D ( 'NONE', #2976, #5032, #2338 ) ;
#1789 = CARTESIAN_POINT ( 'NONE',  ( 36.00000000000001421, 13.41421356237311180, -13.19851851922008557 ) ) ;
#1790 = DIRECTION ( 'NONE',  ( 0.000000000000000000, 0.000000000000000000, 1.000000000000000000 ) ) ;
#1791 = CARTESIAN_POINT ( 'NONE',  ( -51.38750000095591020, 12.00000000000001776, 7.300000000000000711 ) ) ;
#1792 = CARTESIAN_POINT ( 'NONE',  ( -50.16250000000000142, 12.80829037686549299, 8.000000000000000000 ) ) ;
#1793 = ORIENTED_EDGE ( 'NONE', *, *, #2523, .F. ) ;
#1794 = ADVANCED_FACE ( 'NONE', ( #3430 ), #1942, .F. ) ;
#1795 = EDGE_CURVE ( 'NONE', #5561, #2421, #334, .T. ) ;
#1796 = ADVANCED_FACE ( 'NONE', ( #1854 ), #892, .T. ) ;
#1797 = DIRECTION ( 'NONE',  ( -1.000000000000000000, 0.000000000000000000, 0.000000000000000000 ) ) ;
#1798 = CARTESIAN_POINT ( 'NONE',  ( 50.95000000095590309, -11.19170962313450701, 8.000000000000000000 ) ) ;
#1799 = CARTESIAN_POINT ( 'NONE',  ( 50.73854166714468761, -11.22971971806781255, 8.444721528125000987 ) ) ;
#1800 = DIRECTION ( 'NONE',  ( -0.000000000000000000, -0.000000000000000000, 1.000000000000000000 ) ) ;
#1801 = CARTESIAN_POINT ( 'NONE',  ( 50.57192708332854636, -11.59694856156246701, 8.698105569437499796 ) ) ;
#1802 = CARTESIAN_POINT ( 'NONE',  ( -51.24166666762258160, -11.59585481156723752, 8.699999999999983302 ) ) ;
#1803 = LINE ( 'NONE', #3243, #4497 ) ;
#1804 = DIRECTION ( 'NONE',  ( 0.000000000000000000, 0.000000000000000000, 1.000000000000000000 ) ) ;
#1805 = CARTESIAN_POINT ( 'NONE',  ( 51.53333333333333144, 12.60621778264912329, 7.650000000000000355 ) ) ;
#1806 = FACE_OUTER_BOUND ( 'NONE', #62, .T. ) ;
#1807 = CARTESIAN_POINT ( 'NONE',  ( 51.59166666762259013, -11.59585481156724462, 7.300000000000000711 ) ) ;
#1808 = CARTESIAN_POINT ( 'NONE',  ( -50.16250000095591588, -11.99999999999998224, 8.699999999999999289 ) ) ;
#1809 = CARTESIAN_POINT ( 'NONE',  ( -51.21250000095592014, 12.00000000000001776, 8.699999999999999289 ) ) ;
#1810 = CARTESIAN_POINT ( 'NONE',  ( -50.38854166714467908, -11.22971971806781255, 7.555278471875000790 ) ) ;
#1811 = CARTESIAN_POINT ( 'NONE',  ( -50.79687500047795368, -11.99999999999998224, 7.110556943750001579 ) ) ;
#1812 = EDGE_LOOP ( 'NONE', ( #3785, #4851, #5616, #1368 ) ) ;
#1813 = AXIS2_PLACEMENT_3D ( 'NONE', #5904, #4359, #2369 ) ;
#1814 = ORIENTED_EDGE ( 'NONE', *, *, #5951, .F. ) ;
#1815 = AXIS2_PLACEMENT_3D ( 'NONE', #5327, #2264, #4327 ) ;
#1816 = CARTESIAN_POINT ( 'NONE',  ( -51.24895833381128796, 11.22971971806784630, 7.555278471875000790 ) ) ;
#1817 = CARTESIAN_POINT ( 'NONE',  ( -50.74583333333333712, -12.40414518843271985, 8.700000000000001066 ) ) ;
#1818 = CARTESIAN_POINT ( 'NONE',  ( 50.68750066303793034, 11.99999082592243305, 8.699999999999999289 ) ) ;
#1819 = CARTESIAN_POINT ( 'NONE',  ( -50.59270833381129506, -12.51352018795476262, 8.889443056249998421 ) ) ;
#1820 = CARTESIAN_POINT ( 'NONE',  ( -51.29999999999997584, 12.00000000000024869, 7.300000000000002487 ) ) ;
#1821 = DIRECTION ( 'NONE',  ( 1.000000000000000000, 0.000000000000000000, 0.000000000000000000 ) ) ;
#1822 = EDGE_LOOP ( 'NONE', ( #4090, #4096, #2889, #53, #5891, #2898, #4644, #51, #310, #85, #1057, #2042 ) ) ;
#1823 =( BOUNDED_CURVE ( )  B_SPLINE_CURVE ( 2, ( #2512, #6204, #6235, #5667, #1526, #6107, #515, #5167, #5699, #4191, #3118, #3682, #2102, #2032, #2578, #4568, #3653, #1495, #576, #2644, #4699, #83, #2134, #5603, #1018, #485, #2544, #1696, #3753, #755, #5294, #3330, #1733, #3216, #2161, #3290, #1810, #3179, #1662, #5843, #4803, #1150, #2819, #5331, #3793, #6378, #4224, #3721, #1771, #1225, #2747 ),
 .UNSPECIFIED., .F., .F. ) 
 B_SPLINE_CURVE_WITH_KNOTS ( ( 3, 2, 2, 2, 2, 2, 2, 2, 2, 2, 2, 2, 2, 2, 2, 2, 2, 2, 2, 2, 2, 2, 2, 2, 2, 3 ),
 ( 0.2231258487602278962, 0.2333058751538863995, 0.2624691095481247460, 0.2916323439423630925, 0.3207955783366014391, 0.3499588127308397856, 0.3791220471250781321, 0.4082852815193164786, 0.4374485159135548806, 0.4666117503077931161, 0.4957749847020315181, 0.5249382190962699202, 0.5541014534905082112, 0.5832646878847466132, 0.6124279222789849042, 0.6415911566732233062, 0.6707543910674615972, 0.6999176254616998882, 0.7290808598559382903, 0.7582440942501765813, 0.7874073286444150943, 0.8165705630386532743, 0.8457337974328917873, 0.8748970318271299673, 0.9040602662213684804, 0.9230434742218837085 ),
 .UNSPECIFIED. ) 
 CURVE ( )  GEOMETRIC_REPRESENTATION_ITEM ( )  RATIONAL_B_SPLINE_CURVE ( ( 0.9391165034666335565, 0.9532334134438940065, 1.000000000000000000, 0.8660254037844387076, 1.000000000000000000, 0.8660254037844387076, 1.000000000000000000, 0.8660254037844387076, 1.000000000000000000, 0.8660254037844387076, 1.000000000000000000, 0.8660254037844387076, 1.000000000000000000, 0.8660254037844387076, 1.000000000000000000, 0.8660254037844387076, 1.000000000000000000, 0.8660254037844387076, 1.000000000000000000, 0.8660254037844387076, 1.000000000000000000, 0.8660254037844387076, 1.000000000000000000, 0.8660254037844387076, 1.000000000000000000, 0.8660254037844387076, 1.000000000000000000, 0.8660254037844387076, 1.000000000000000000, 0.8660254037844387076, 1.000000000000000000, 0.8660254037844387076, 1.000000000000000000, 0.8660254037844387076, 1.000000000000000000, 0.8660254037844387076, 1.000000000000000000, 0.8660254037844387076, 1.000000000000000000, 0.8660254037844387076, 1.000000000000000000, 0.8660254037844387076, 1.000000000000000000, 0.8660254037844387076, 1.000000000000000000, 0.8660254037844387076, 1.000000000000000000, 0.8660254037844387076, 1.000000000000000000, 0.9127919903408406865, 0.9391165034664548106 ) ) 
 REPRESENTATION_ITEM ( '' )  );
#1824 = VERTEX_POINT ( 'NONE', #3401 ) ;
#1825 = DIRECTION ( 'NONE',  ( 0.000000000000000000, 0.000000000000000000, 1.000000000000000000 ) ) ;
#1826 = DIRECTION ( 'NONE',  ( 0.000000000000000000, 0.000000000000000000, -1.000000000000000000 ) ) ;
#1827 = CARTESIAN_POINT ( 'NONE',  ( 50.47604166714462792, 11.48647981204523560, 8.889443056249998421 ) ) ;
#1828 = CARTESIAN_POINT ( 'NONE',  ( -51.03750000095591588, 12.00000000000001776, 7.300000000000000711 ) ) ;
#1829 = CARTESIAN_POINT ( 'NONE',  ( -50.07499999999999574, 12.00000000000001776, 8.699999999999999289 ) ) ;
#1830 = EDGE_LOOP ( 'NONE', ( #4333, #3506, #2113, #5372 ) ) ;
#1831 = CARTESIAN_POINT ( 'NONE',  ( 51.86145833381129222, 12.51352018795479815, 8.889443056249998421 ) ) ;
#1832 = CARTESIAN_POINT ( 'NONE',  ( -51.39999999999999147, -11.99999999999998224, 6.500000000000003553 ) ) ;
#1833 = CARTESIAN_POINT ( 'NONE',  ( 51.21120863763044895, 11.99991246928393629, 7.300000012195944521 ) ) ;
#1834 = EDGE_CURVE ( 'NONE', #934, #290, #4751, .T. ) ;
#1835 = CARTESIAN_POINT ( 'NONE',  ( 50.95109374999521634, -11.99999999999998224, 8.698105569437499796 ) ) ;
#1836 = CARTESIAN_POINT ( 'NONE',  ( -50.81145833381128796, -11.48647981204520363, 7.110556943749999803 ) ) ;
#1837 = ADVANCED_FACE ( 'NONE', ( #1373 ), #4506, .F. ) ;
#1838 = CARTESIAN_POINT ( 'NONE',  ( 52.00000000000000000, -11.99999999999998224, 7.300000000000000711 ) ) ;
#1839 = EDGE_CURVE ( 'NONE', #5201, #3128, #442, .T. ) ;
#1840 = CARTESIAN_POINT ( 'NONE',  ( 49.99999999999998579, 11.30836511648075238, 8.207571931478458538 ) ) ;
#1841 = CARTESIAN_POINT ( 'NONE',  ( 50.30942708332855062, 11.39542284234374137, 8.349052784718749010 ) ) ;
#1842 = CARTESIAN_POINT ( 'NONE',  ( 49.99999999999998579, -22.99999999999997868, 10.00000000000000178 ) ) ;
#1843 = CARTESIAN_POINT ( 'NONE',  ( 51.67916666762258160, -11.39378221735087671, 8.349999999999999645 ) ) ;
#1844 = DIRECTION ( 'NONE',  ( -1.000000000000000000, 0.000000000000000000, 0.000000000000000000 ) ) ;
#1845 = CARTESIAN_POINT ( 'NONE',  ( -50.05004698642569139, -12.31412876979273818, 8.645214663616737738 ) ) ;
#1846 = CARTESIAN_POINT ( 'NONE',  ( 49.99999999999999289, 12.51172035390609594, 7.272503450379606882 ) ) ;
#1847 = CARTESIAN_POINT ( 'NONE',  ( -51.32187500047795936, -11.99999999999998224, 8.889443056249998421 ) ) ;
#1848 = EDGE_LOOP ( 'NONE', ( #6148, #3061, #5084, #3795 ) ) ;
#1849 = VERTEX_POINT ( 'NONE', #2989 ) ;
#1850 = CARTESIAN_POINT ( 'NONE',  ( -50.28645833381128938, 11.48647981204523738, 8.889443056249998421 ) ) ;
#1851 = CARTESIAN_POINT ( 'NONE',  ( -49.98093251965153172, -12.73697456594099009, 7.908314041628415225 ) ) ;
#1852 = CARTESIAN_POINT ( 'NONE',  ( 50.25729166714462082, -12.77028028193215370, 7.555278471875000790 ) ) ;
#1853 = CARTESIAN_POINT ( 'NONE',  ( -51.56250000095591446, -11.99999999999998224, 8.699999999999999289 ) ) ;
#1854 = FACE_OUTER_BOUND ( 'NONE', #5545, .T. ) ;
#1855 = CARTESIAN_POINT ( 'NONE',  ( -50.01281538259581794, 12.67218661788850120, 8.614624738149208483 ) ) ;
#1856 = PRODUCT_DEFINITION_FORMATION_WITH_SPECIFIED_SOURCE ( 'ä»', '', #6400, .NOT_KNOWN. ) ;
#1857 = VERTEX_POINT ( 'NONE', #5045 ) ;
#1858 = ORIENTED_EDGE ( 'NONE', *, *, #5237, .F. ) ;
#1859 = CARTESIAN_POINT ( 'NONE',  ( -50.12604166714470466, 11.48647981204523738, 7.110556943750002468 ) ) ;
#1860 = CARTESIAN_POINT ( 'NONE',  ( 50.68020833381128654, 12.77028028193218745, 7.555278471875000790 ) ) ;
#1862 = VECTOR ( 'NONE', #2280, 1000.000000000000000 ) ;
#1861 = CARTESIAN_POINT ( 'NONE',  ( -51.18333333428925158, 11.59585481156727838, 8.700000000000001066 ) ) ;
#1863 = CARTESIAN_POINT ( 'NONE',  ( -51.21979166714461940, 11.48647981204523560, 7.110556943749999803 ) ) ;
#1864 =( BOUNDED_CURVE ( )  B_SPLINE_CURVE ( 2, ( #4775, #123, #3263, #765, #6315, #3731, #268 ),
 .UNSPECIFIED., .F., .F. ) 
 B_SPLINE_CURVE_WITH_KNOTS ( ( 3, 2, 2, 3 ),
 ( 0.7500000000000000000, 0.7777777777777777901, 0.8055555555555555802, 0.8270227993937957489 ),
 .UNSPECIFIED. ) 
 CURVE ( )  GEOMETRIC_REPRESENTATION_ITEM ( )  RATIONAL_B_SPLINE_CURVE ( ( 1.000000000000000000, 0.8660254037844387076, 1.000000000000000000, 0.8660254037844387076, 1.000000000000000000, 0.8964616482967879829, 0.9529564756623829513 ) ) 
 REPRESENTATION_ITEM ( '' )  );
#1865 = EDGE_LOOP ( 'NONE', ( #2962, #6542, #5026, #757 ) ) ;
#1866 = CARTESIAN_POINT ( 'NONE',  ( 50.40312500047794231, 13.02704037590958031, 8.000000000000000000 ) ) ;
#1867 = DIRECTION ( 'NONE',  ( 0.000000000000000000, 0.000000000000000000, 1.000000000000000000 ) ) ;
#1868 = DIRECTION ( 'NONE',  ( 1.000000000000000000, 1.334402673828313339E-16, 0.000000000000000000 ) ) ;
#1869 = CARTESIAN_POINT ( 'NONE',  ( -50.31562500047795083, -11.99999999999998224, 8.889443056250000197 ) ) ;
#1870 = CARTESIAN_POINT ( 'NONE',  ( 50.77500000095591304, 11.19170962313454076, 8.000000000000000000 ) ) ;
#1871 = ORIENTED_EDGE ( 'NONE', *, *, #620, .T. ) ;
#1872 = CARTESIAN_POINT ( 'NONE',  ( 50.51249999999999574, 12.80829037686549299, 8.000000000000000000 ) ) ;
#1873 = CARTESIAN_POINT ( 'NONE',  ( -51.12500000000000000, -11.99999999999998224, 8.699999999999999289 ) ) ;
#1874 = CARTESIAN_POINT ( 'NONE',  ( 50.97916666762257876, -11.39378221735087671, 8.349999999999999645 ) ) ;
#1875 = CARTESIAN_POINT ( 'NONE',  ( 44.99999999999999289, 28.00000000000001776, -5.761370867608389901 ) ) ;
#1876 = CARTESIAN_POINT ( 'NONE',  ( -50.28645833381131069, -12.51352018795474486, 8.889443056249969999 ) ) ;
#1877 = CARTESIAN_POINT ( 'NONE',  ( 51.19062500047797215, 12.00000000000001776, 8.889443056249968222 ) ) ;
#1878 = CARTESIAN_POINT ( 'NONE',  ( -49.85592728140355945, -12.83731126702208591, 8.328620456267843863 ) ) ;
#1879 = EDGE_CURVE ( 'NONE', #2749, #789, #431, .T. ) ;
#1880 = EDGE_CURVE ( 'NONE', #5561, #512, #5324, .T. ) ;
#1881 = VERTEX_POINT ( 'NONE', #1972 ) ;
#1882 = VECTOR ( 'NONE', #2835, 1000.000000000000000 ) ;
#1883 = DIRECTION ( 'NONE',  ( -2.608170959167178502E-16, 0.9396926207859080948, 0.3420201433256694346 ) ) ;
#1884 = CARTESIAN_POINT ( 'NONE',  ( -50.28026041666188917, -12.40305143843749924, 7.301894430562501093 ) ) ;
#1885 = CARTESIAN_POINT ( 'NONE',  ( -50.01666666762258728, -12.40414518843271985, 7.300000000000000711 ) ) ;
#1886 = DIRECTION ( 'NONE',  ( 1.000000000000000000, 0.000000000000000000, 0.000000000000000000 ) ) ;
#1887 = CARTESIAN_POINT ( 'NONE',  ( -50.89895833381130785, 11.22971971806786939, 7.555278471875015001 ) ) ;
#1888 = ORIENTED_EDGE ( 'NONE', *, *, #6518, .T. ) ;
#1889 = ADVANCED_BREP_SHAPE_REPRESENTATION ( '\X2\524d76d6\X0\', ( #3769, #648 ), #974 ) ;
#1890 = ORIENTED_EDGE ( 'NONE', *, *, #1741, .T. ) ;
#1891 = CARTESIAN_POINT ( 'NONE',  ( -49.99999999999996447, -12.68992156027999663, 7.783112079036770936 ) ) ;
#1892 = CARTESIAN_POINT ( 'NONE',  ( -51.38945811349105952, 12.85170797221204886, 8.303684631417292294 ) ) ;
#1893 = CARTESIAN_POINT ( 'NONE',  ( 50.41770833381128369, 12.51352018795479815, 8.889443056249998421 ) ) ;
#1894 = VECTOR ( 'NONE', #1499, 1000.000000000000000 ) ;
#1895 = CARTESIAN_POINT ( 'NONE',  ( -50.33750000095591304, 12.00000000000001776, 7.300000000000000711 ) ) ;
#1896 = CARTESIAN_POINT ( 'NONE',  ( -49.99996648687760370, -12.16179680989723977, 7.318955366875951718 ) ) ;
#1897 = EDGE_LOOP ( 'NONE', ( #3287, #2173, #998, #5707 ) ) ;
#1898 = ADVANCED_FACE ( 'NONE', ( #1054 ), #3084, .F. ) ;
#1899 = CARTESIAN_POINT ( 'NONE',  ( 49.89110538829206831, 11.13285713816553901, 7.802080300422500336 ) ) ;
#1900 =( BOUNDED_CURVE ( )  B_SPLINE_CURVE ( 3, ( #1758, #3169, #5866, #1648 ),
 .UNSPECIFIED., .F., .F. ) 
 B_SPLINE_CURVE_WITH_KNOTS ( ( 4, 4 ),
 ( 3.141592653589792228, 4.712388980384689674 ),
 .UNSPECIFIED. ) 
 CURVE ( )  GEOMETRIC_REPRESENTATION_ITEM ( )  RATIONAL_B_SPLINE_CURVE ( ( 1.000000000000000000, 0.8047378541243648264, 0.8047378541243648264, 1.000000000000000000 ) ) 
 REPRESENTATION_ITEM ( '' )  );
#1901 = DIRECTION ( 'NONE',  ( 0.000000000000000000, -1.000000000000000000, 0.000000000000000000 ) ) ;
#1902 = CARTESIAN_POINT ( 'NONE',  ( -51.79692708332856199, 11.59694856156249898, 8.698105569437499796 ) ) ;
#1903 = FACE_OUTER_BOUND ( 'NONE', #5485, .T. ) ;
#1904 = CARTESIAN_POINT ( 'NONE',  ( 50.21354166714462508, -12.77028028193215370, 7.555278471875000790 ) ) ;
#1905 = CARTESIAN_POINT ( 'NONE',  ( 50.99999999999998579, 26.51471862576145000, -8.430324622293053238 ) ) ;
#1906 = CARTESIAN_POINT ( 'NONE',  ( 50.33750000000000568, 11.19170962313454076, 8.000000000000000000 ) ) ;
#1907 = CARTESIAN_POINT ( 'NONE',  ( -51.99999999999999289, 12.00000000000001776, 8.000000000000000000 ) ) ;
#1908 = CARTESIAN_POINT ( 'NONE',  ( 49.81250000095591446, -11.99999999999998224, 7.300000000000000711 ) ) ;
#1909 = CARTESIAN_POINT ( 'NONE',  ( -44.99999999999995737, 28.00000000000000355, -5.761370867608393453 ) ) ;
#1910 = DIRECTION ( 'NONE',  ( 0.000000000000000000, -1.000000000000000000, 0.000000000000000000 ) ) ;
#1911 = B_SPLINE_CURVE_WITH_KNOTS ( 'NONE', 3,
 ( #4963, #971, #2434, #2530, #4552, #6507 ),
 .UNSPECIFIED., .F., .F.,
 ( 4, 2, 4 ),
 ( 0.000000000000000000, 0.0007849077262702979689, 0.001569815452540595938 ),
 .UNSPECIFIED. ) ;
#1912 = EDGE_LOOP ( 'NONE', ( #343, #1890, #1712, #5874 ) ) ;
#1913 = EDGE_CURVE ( 'NONE', #1111, #2373, #3488, .T. ) ;
#1914 = CARTESIAN_POINT ( 'NONE',  ( -50.62187500047796362, 12.00000000000001776, 8.889443056249998421 ) ) ;
#1915 = CARTESIAN_POINT ( 'NONE',  ( 49.87046377013428611, -12.93896530697678493, 8.116815339397541962 ) ) ;
#1916 = CARTESIAN_POINT ( 'NONE',  ( -50.65833333428925300, -11.59585481156724462, 7.300000000000000711 ) ) ;
#1917 = DIRECTION ( 'NONE',  ( 0.000000000000000000, -1.000000000000000000, 0.000000000000000000 ) ) ;
#1918 = VERTEX_POINT ( 'NONE', #48 ) ;
#1919 = EDGE_LOOP ( 'NONE', ( #2005, #518, #3987, #2546 ) ) ;
#1920 = CARTESIAN_POINT ( 'NONE',  ( -51.39999999999999858, 11.33627141757311563, 8.413148780606940491 ) ) ;
#1921 = CARTESIAN_POINT ( 'NONE',  ( -51.11770833381136470, 12.51352018795479815, 7.110556943750002468 ) ) ;
#1922 = CARTESIAN_POINT ( 'NONE',  ( 50.56354166714462650, 11.22971971806784808, 7.555278471875000790 ) ) ;
#1923 = CARTESIAN_POINT ( 'NONE',  ( 52.00000000000000000, -22.99999999999997868, -27.45220836013657717 ) ) ;
#1924 = CARTESIAN_POINT ( 'NONE',  ( -49.89110302253677531, 11.13284890573821073, 8.197883627498329773 ) ) ;
#1925 = VERTEX_POINT ( 'NONE', #3023 ) ;
#1926 = CARTESIAN_POINT ( 'NONE',  ( 51.75937500047796647, 13.02704037590958031, 8.000000000000000000 ) ) ;
#1927 = FACE_OUTER_BOUND ( 'NONE', #6184, .T. ) ;
#1928 = FACE_OUTER_BOUND ( 'NONE', #6495, .T. ) ;
#1929 = CARTESIAN_POINT ( 'NONE',  ( -51.27192708332854920, 12.40305143843753477, 7.301894430562501093 ) ) ;
#1930 = CYLINDRICAL_SURFACE ( 'NONE', #3836, 0.6999999999999992895 ) ;
#1931 = EDGE_LOOP ( 'NONE', ( #3544, #5162, #1476, #4408 ) ) ;
#1932 = CARTESIAN_POINT ( 'NONE',  ( 51.03020833381129506, -11.22971971806781255, 7.555278471875000790 ) ) ;
#1933 = DIRECTION ( 'NONE',  ( -1.000000000000000000, -1.334402673828313339E-16, 0.000000000000000000 ) ) ;
#1934 = CARTESIAN_POINT ( 'NONE',  ( 49.99015839585756282, 11.28928475410368470, 7.968099249709206688 ) ) ;
#1935 = CARTESIAN_POINT ( 'NONE',  ( -50.33750000095591304, 12.00000000000001776, 7.300000000000000711 ) ) ;
#1936 = CARTESIAN_POINT ( 'NONE',  ( 49.75416666762258444, -12.60621778264908954, 7.650000000000000355 ) ) ;
#1937 = CARTESIAN_POINT ( 'NONE',  ( -44.99999999999998579, -29.99999999999999645, -30.00000000000000000 ) ) ;
#1938 = CARTESIAN_POINT ( 'NONE',  ( -51.38750000095591020, -11.99999999999998224, 7.300000000000000711 ) ) ;
#1939 = ORIENTED_EDGE ( 'NONE', *, *, #505, .F. ) ;
#1940 = CARTESIAN_POINT ( 'NONE',  ( -49.89270833381129222, 11.48647981204523738, 8.889443056249998421 ) ) ;
#1941 = CARTESIAN_POINT ( 'NONE',  ( -50.22083333428924590, -11.39378221735087671, 8.349999999999999645 ) ) ;
#1942 = PLANE ( 'NONE',  #5280 ) ;
#1943 = FACE_BOUND ( 'NONE', #3657, .T. ) ;
#1944 = ORIENTED_EDGE ( 'NONE', *, *, #1513, .T. ) ;
#1945 = ORIENTED_EDGE ( 'NONE', *, *, #5161, .T. ) ;
#1946 = FACE_OUTER_BOUND ( 'NONE', #5743, .T. ) ;
#1947 = EDGE_CURVE ( 'NONE', #1430, #3086, #3927, .T. ) ;
#1948 = CARTESIAN_POINT ( 'NONE',  ( -50.03854166714469898, 12.77028028193218745, 7.555278471875000790 ) ) ;
#1949 = CARTESIAN_POINT ( 'NONE',  ( 51.18333333428925158, 11.59585481156727838, 7.300000000000000711 ) ) ;
#1950 =( BOUNDED_CURVE ( )  B_SPLINE_CURVE ( 2, ( #82, #4124, #3117, #47, #2101 ),
 .UNSPECIFIED., .F., .F. ) 
 B_SPLINE_CURVE_WITH_KNOTS ( ( 3, 2, 3 ),
 ( 0.007533916141769565582, 0.008048955153560258258, 0.008782335732866620309 ),
 .UNSPECIFIED. ) 
 CURVE ( )  GEOMETRIC_REPRESENTATION_ITEM ( )  RATIONAL_B_SPLINE_CURVE ( ( 0.9439765058520119823, 0.9059122294932021591, 1.000000000000000000, 0.8660254037843950758, 1.000000000000043743 ) ) 
 REPRESENTATION_ITEM ( '' )  );
#1951 = CARTESIAN_POINT ( 'NONE',  ( 52.00000000000000000, -11.99999999999998224, 8.699999999999999289 ) ) ;
#1952 = DIRECTION ( 'NONE',  ( -1.000000000000000000, 0.000000000000000000, 0.000000000000000000 ) ) ;
#1953 = FACE_OUTER_BOUND ( 'NONE', #1848, .T. ) ;
#1954 = ORIENTED_EDGE ( 'NONE', *, *, #2984, .T. ) ;
#1955 = ADVANCED_FACE ( 'NONE', ( #4597 ), #6168, .F. ) ;
#1956 = CARTESIAN_POINT ( 'NONE',  ( 50.72395833381128227, 12.77028028193218745, 7.555278471875000790 ) ) ;
#1957 = CARTESIAN_POINT ( 'NONE',  ( 50.02400769653069545, 11.43912174087198430, 7.552345641592672187 ) ) ;
#1958 = CARTESIAN_POINT ( 'NONE',  ( 52.00000000000000000, 12.00000000000001776, 8.699999999999999289 ) ) ;
#1959 = CARTESIAN_POINT ( 'NONE',  ( -51.73859374999521776, 11.19389712312498020, 8.000000000000000000 ) ) ;
#1960 = CARTESIAN_POINT ( 'NONE',  ( -50.95000000000002416, -12.00000000000043165, 7.300000000000002487 ) ) ;
#1961 = VERTEX_POINT ( 'NONE', #3150 ) ;
#1962 = CIRCLE ( 'NONE', #3143, 4.999999999999997335 ) ;
#1963 = CARTESIAN_POINT ( 'NONE',  ( 50.82604166714462934, -12.51352018795476440, 8.889443056249998421 ) ) ;
#1964 = AXIS2_PLACEMENT_3D ( 'NONE', #5784, #5708, #1608 ) ;
#1965 = DIRECTION ( 'NONE',  ( 0.000000000000000000, 0.000000000000000000, 1.000000000000000000 ) ) ;
#1966 = CARTESIAN_POINT ( 'NONE',  ( 51.21979166714461940, 11.48647981204523560, 8.889443056249998421 ) ) ;
#1967 = CARTESIAN_POINT ( 'NONE',  ( -50.65833333333294775, -12.60621778264966686, 7.649999999999668177 ) ) ;
#1968 = CARTESIAN_POINT ( 'NONE',  ( 50.27916666762258302, -11.39378221735087671, 8.349999999999999645 ) ) ;
#1969 = ORIENTED_EDGE ( 'NONE', *, *, #2728, .T. ) ;
#1970 = CARTESIAN_POINT ( 'NONE',  ( -50.94270833381129648, 11.48647981204523738, 8.889443056249998421 ) ) ;
#1971 = CARTESIAN_POINT ( 'NONE',  ( -50.95000000095591020, -11.19170962313450701, 8.000000000000000000 ) ) ;
#1972 = CARTESIAN_POINT ( 'NONE',  ( -51.12500000000000000, -11.99999999999998224, 8.699999999999999289 ) ) ;
#1973 = DIRECTION ( 'NONE',  ( 0.000000000000000000, -1.000000000000000000, 0.000000000000000000 ) ) ;
#1974 = ORIENTED_EDGE ( 'NONE', *, *, #2025, .F. ) ;
#1975 = ORIENTED_EDGE ( 'NONE', *, *, #5078, .T. ) ;
#1976 = CARTESIAN_POINT ( 'NONE',  ( 50.71776041666188917, 11.39542284234374137, 7.650947215281250102 ) ) ;
#1977 = CARTESIAN_POINT ( 'NONE',  ( -50.30104166714469471, 12.51352018795479815, 8.889443056249998421 ) ) ;
#1978 = CARTESIAN_POINT ( 'NONE',  ( 50.89166666762258728, 12.40414518843275538, 7.300000000000000711 ) ) ;
#1979 = CARTESIAN_POINT ( 'NONE',  ( 50.77499999999999858, -11.99999999999998224, 7.300000000000000711 ) ) ;
#1980 = CARTESIAN_POINT ( 'NONE',  ( -49.99999999999999289, -12.67261289393219847, 8.281832383229421168 ) ) ;
#1981 = CARTESIAN_POINT ( 'NONE',  ( -50.98645833381128512, 11.48647981204523738, 8.889443056249998421 ) ) ;
#1982 = ORIENTED_EDGE ( 'NONE', *, *, #2029, .T. ) ;
#1983 =( BOUNDED_SURFACE ( )  B_SPLINE_SURFACE ( 1, 2, ( 
 ( #568, #1621, #3858, #1251, #5357, #744, #2221, #1174, #2298, #2809, #3781, #1286, #3317, #3241, #6330, #5903, #3470, #3352, #1761, #3745, #778, #3280, #2186, #5391, #708, #5319, #5834, #1213, #2844, #4863, #2771, #5937, #4284, #249, #1322, #4899, #1835, #6367, #3893, #4248, #5286, #673, #4358, #6406, #2967, #4827, #6293, #5794, #5519, #1801, #209, #899, #2735, #1723, #2259, #1685, #4792, #4320, #174, #3821, #138, #5870, #283, #2336, #4396, #6441, #5583, #1026, #3628, #4011, #2490, #4044, #4515 ),
 ( #1951, #2039, #3091, #3595, #5673, #3503, #2552, #3058, #6084, #6564, #440, #5053, #2460, #1473, #493, #6055, #2518, #5110, #964, #3535, #1060, #5142, #4574, #2999, #5023, #3031, #4607, #2073, #2008, #5082, #4543, #407, #1441, #4101, #1501, #6113, #5551, #6590, #4071, #1568, #6622, #931, #1979, #1535, #464, #993, #3562, #5612, #6653, #23, #6143, #6179, #5641, #522, #2585, #4641, #4137, #5302, #6349, #2756, #3763, #5740, #3659, #1125, #3125, #4305, #3261, #4165, #3156, #89, #2618, #121, #654 ),
 ( #4267, #2109, #1742, #194, #1635, #4197, #4773, #1093, #3691, #58, #4232, #2204, #4675, #6313, #6276, #6210, #1604, #5205, #1159, #5704, #587, #2650, #6241, #3190, #1707, #3729, #552, #5234, #5814, #5778, #4706, #3802, #619, #2140, #2680, #5851, #4737, #2169, #1193, #157, #691, #5173, #4811, #1670, #2244, #3226, #5267, #2717, #1271, #5956, #229, #3337, #1780, #4378, #3877, #2385, #1852, #5339, #5922, #3945, #3911, #3841, #6522, #1306, #5376, #763, #4474, #2791, #6424, #332, #2893, #3428, #1915 ) ),
 .UNSPECIFIED., .F., .F., .F. ) 
 B_SPLINE_SURFACE_WITH_KNOTS ( ( 2, 1, 2 ),
 ( 3, 2, 2, 2, 2, 2, 2, 2, 2, 2, 2, 2, 2, 2, 2, 2, 2, 2, 2, 2, 2, 2, 2, 2, 2, 2, 2, 2, 2, 2, 2, 2, 2, 2, 2, 2, 3 ),
 ( -0.01000000000000000021, 0.000000000000000000, 1.000000000000000000 ),
 ( 0.000000000000000000, 0.02777777777777777624, 0.05555555555555555247, 0.08333333333333332871, 0.1111111111111111049, 0.1388888888888888951, 0.1666666666666666574, 0.1944444444444444475, 0.2222222222222222099, 0.2500000000000000000, 0.2777777777777777901, 0.3055555555555555802, 0.3333333333333333148, 0.3611111111111111049, 0.3888888888888888951, 0.4166666666666666852, 0.4444444444444444198, 0.4722222222222222099, 0.5000000000000000000, 0.5277777777777777901, 0.5555555555555555802, 0.5833333333333333703, 0.6111111111111111605, 0.6388888888888888395, 0.6666666666666666297, 0.6944444444444444198, 0.7222222222222222099, 0.7500000000000000000, 0.7777777777777777901, 0.8055555555555555802, 0.8333333333333333703, 0.8611111111111111605, 0.8888888888888888395, 0.9166666666666666297, 0.9444444444444444198, 0.9524941315683487231, 0.9620190728840322114 ),
 .UNSPECIFIED. ) 
 GEOMETRIC_REPRESENTATION_ITEM ( )  RATIONAL_B_SPLINE_SURFACE ( (
 ( 1.000000000000000000, 0.8660254037844387076, 1.000000000000000000, 0.8660254037844387076, 1.000000000000000000, 0.8660254037844387076, 1.000000000000000000, 0.8660254037844387076, 1.000000000000000000, 0.8660254037844387076, 1.000000000000000000, 0.8660254037844387076, 1.000000000000000000, 0.8660254037844387076, 1.000000000000000000, 0.8660254037844387076, 1.000000000000000000, 0.8660254037844387076, 1.000000000000000000, 0.8660254037844387076, 1.000000000000000000, 0.8660254037844387076, 1.000000000000000000, 0.8660254037844387076, 1.000000000000000000, 0.8660254037844387076, 1.000000000000000000, 0.8660254037844387076, 1.000000000000000000, 0.8660254037844387076, 1.000000000000000000, 0.8660254037844387076, 1.000000000000000000, 0.8660254037844387076, 1.000000000000000000, 0.8660254037844387076, 1.000000000000000000, 0.8660254037844387076, 1.000000000000000000, 0.8660254037844387076, 1.000000000000000000, 0.8660254037844387076, 1.000000000000000000, 0.8660254037844387076, 1.000000000000000000, 0.8660254037844387076, 1.000000000000000000, 0.8660254037844387076, 1.000000000000000000, 0.8660254037844387076, 1.000000000000000000, 0.8660254037844387076, 1.000000000000000000, 0.8660254037844387076, 1.000000000000000000, 0.8660254037844387076, 1.000000000000000000, 0.8660254037844387076, 1.000000000000000000, 0.8660254037844387076, 1.000000000000000000, 0.8660254037844387076, 1.000000000000000000, 0.8660254037844387076, 1.000000000000000000, 0.8660254037844387076, 1.000000000000000000, 0.8660254037844387076, 1.000000000000000000, 0.9611756710448794427, 0.9448530485534254453, 0.9448530485534254453, 0.9448530485534254453),
 ( 1.000000000000000000, 0.8660254037844387076, 1.000000000000000000, 0.8660254037844387076, 1.000000000000000000, 0.8660254037844387076, 1.000000000000000000, 0.8660254037844387076, 1.000000000000000000, 0.8660254037844387076, 1.000000000000000000, 0.8660254037844387076, 1.000000000000000000, 0.8660254037844387076, 1.000000000000000000, 0.8660254037844387076, 1.000000000000000000, 0.8660254037844387076, 1.000000000000000000, 0.8660254037844387076, 1.000000000000000000, 0.8660254037844387076, 1.000000000000000000, 0.8660254037844387076, 1.000000000000000000, 0.8660254037844387076, 1.000000000000000000, 0.8660254037844387076, 1.000000000000000000, 0.8660254037844387076, 1.000000000000000000, 0.8660254037844387076, 1.000000000000000000, 0.8660254037844387076, 1.000000000000000000, 0.8660254037844387076, 1.000000000000000000, 0.8660254037844387076, 1.000000000000000000, 0.8660254037844387076, 1.000000000000000000, 0.8660254037844387076, 1.000000000000000000, 0.8660254037844387076, 1.000000000000000000, 0.8660254037844387076, 1.000000000000000000, 0.8660254037844387076, 1.000000000000000000, 0.8660254037844387076, 1.000000000000000000, 0.8660254037844387076, 1.000000000000000000, 0.8660254037844387076, 1.000000000000000000, 0.8660254037844387076, 1.000000000000000000, 0.8660254037844387076, 1.000000000000000000, 0.8660254037844387076, 1.000000000000000000, 0.8660254037844387076, 1.000000000000000000, 0.8660254037844387076, 1.000000000000000000, 0.8660254037844387076, 1.000000000000000000, 0.8660254037844387076, 1.000000000000000000, 0.9611756710448794427, 0.9448530485534254453, 0.9448530485534254453, 0.9448530485534254453),
 ( 1.000000000000000000, 0.8660254037844387076, 1.000000000000000000, 0.8660254037844387076, 1.000000000000000000, 0.8660254037844387076, 1.000000000000000000, 0.8660254037844387076, 1.000000000000000000, 0.8660254037844387076, 1.000000000000000000, 0.8660254037844387076, 1.000000000000000000, 0.8660254037844387076, 1.000000000000000000, 0.8660254037844387076, 1.000000000000000000, 0.8660254037844387076, 1.000000000000000000, 0.8660254037844387076, 1.000000000000000000, 0.8660254037844387076, 1.000000000000000000, 0.8660254037844387076, 1.000000000000000000, 0.8660254037844387076, 1.000000000000000000, 0.8660254037844387076, 1.000000000000000000, 0.8660254037844387076, 1.000000000000000000, 0.8660254037844387076, 1.000000000000000000, 0.8660254037844387076, 1.000000000000000000, 0.8660254037844387076, 1.000000000000000000, 0.8660254037844387076, 1.000000000000000000, 0.8660254037844387076, 1.000000000000000000, 0.8660254037844387076, 1.000000000000000000, 0.8660254037844387076, 1.000000000000000000, 0.8660254037844387076, 1.000000000000000000, 0.8660254037844387076, 1.000000000000000000, 0.8660254037844387076, 1.000000000000000000, 0.8660254037844387076, 1.000000000000000000, 0.8660254037844387076, 1.000000000000000000, 0.8660254037844387076, 1.000000000000000000, 0.8660254037844387076, 1.000000000000000000, 0.8660254037844387076, 1.000000000000000000, 0.8660254037844387076, 1.000000000000000000, 0.8660254037844387076, 1.000000000000000000, 0.8660254037844387076, 1.000000000000000000, 0.8660254037844387076, 1.000000000000000000, 0.9611756710448794427, 0.9448530485534254453, 0.9448530485534254453, 0.9448530485534254453) ) ) 
 REPRESENTATION_ITEM ( '' )  SURFACE ( )  );
#1984 = CARTESIAN_POINT ( 'NONE',  ( 50.86979166714462508, -12.51352018795476440, 8.889443056249998421 ) ) ;
#1985 = CARTESIAN_POINT ( 'NONE',  ( 50.54895833381129222, 11.22971971806784630, 8.444721528124999210 ) ) ;
#1986 = CARTESIAN_POINT ( 'NONE',  ( -50.51250000095591730, -11.99999999999998224, 8.699999999999999289 ) ) ;
#1987 = VECTOR ( 'NONE', #1116, 1000.000000000000000 ) ;
#1988 = CARTESIAN_POINT ( 'NONE',  ( -49.99999999999998579, -11.62410421392755921, 7.280741631061565577 ) ) ;
#1989 = FACE_OUTER_BOUND ( 'NONE', #5983, .T. ) ;
#1990 = ADVANCED_FACE ( 'NONE', ( #5199 ), #4634, .T. ) ;
#1991 = CARTESIAN_POINT ( 'NONE',  ( 44.99999999999998579, -27.99999999999998224, -26.14370398651577077 ) ) ;
#1992 = AXIS2_PLACEMENT_3D ( 'NONE', #528, #4176, #6218 ) ;
#1993 = CARTESIAN_POINT ( 'NONE',  ( 51.23437500047796078, -13.02704037590954478, 8.000000000000000000 ) ) ;
#1994 = LINE ( 'NONE', #1074, #5544 ) ;
#1995 = CARTESIAN_POINT ( 'NONE',  ( 51.80312500047796220, 13.02704037590958031, 8.000000000000000000 ) ) ;
#1996 = LINE ( 'NONE', #2536, #1585 ) ;
#1997 = CARTESIAN_POINT ( 'NONE',  ( 49.87083333428924448, -11.39378221735087671, 7.650000000000000355 ) ) ;
#1998 = CARTESIAN_POINT ( 'NONE',  ( -51.67916666666666714, -12.40414518843271985, 7.300000000000000711 ) ) ;
#1999 = APPLICATION_CONTEXT ( 'automotive_design' ) ;
#2000 = ORIENTED_EDGE ( 'NONE', *, *, #2522, .F. ) ;
#2001 = LINE ( 'NONE', #5664, #3244 ) ;
#2002 = CARTESIAN_POINT ( 'NONE',  ( -50.25000000095591446, -11.19170962313450701, 8.000000000000000000 ) ) ;
#2003 = DIRECTION ( 'NONE',  ( 0.000000000000000000, 0.3420201433256695456, -0.9396926207859082059 ) ) ;
#2004 = VERTEX_POINT ( 'NONE', #459 ) ;
#2005 = ORIENTED_EDGE ( 'NONE', *, *, #5488, .T. ) ;
#2006 = CARTESIAN_POINT ( 'NONE',  ( -4.449999999999995737, 30.00000000000001066, 0.9000000000000005773 ) ) ;
#2007 = CARTESIAN_POINT ( 'NONE',  ( 50.48333333428925584, 11.59585481156727838, 7.300000000000000711 ) ) ;
#2008 = CARTESIAN_POINT ( 'NONE',  ( 51.18333333333333002, -11.39378221735087671, 7.650000000000000355 ) ) ;
#2009 = CARTESIAN_POINT ( 'NONE',  ( -50.16250000095591588, 12.00000000000001776, 8.699999999999999289 ) ) ;
#2010 = CARTESIAN_POINT ( 'NONE',  ( 51.17604166714470182, 11.48647981204523560, 8.889443056250000197 ) ) ;
#2011 = VERTEX_POINT ( 'NONE', #1629 ) ;
#2012 = CARTESIAN_POINT ( 'NONE',  ( 51.24895833381128796, -12.77028028193215548, 8.444721528124999210 ) ) ;
#2013 = CARTESIAN_POINT ( 'NONE',  ( 50.68020833381128654, 12.77028028193218745, 7.555278471875000790 ) ) ;
#2014 = FACE_OUTER_BOUND ( 'NONE', #3677, .T. ) ;
#2015 = DIRECTION ( 'NONE',  ( -1.000000000000000000, -0.000000000000000000, -0.000000000000000000 ) ) ;
#2016 = AXIS2_PLACEMENT_3D ( 'NONE', #5839, #3787, #2882 ) ;
#2017 = CARTESIAN_POINT ( 'NONE',  ( -14.64999999999999680, 28.00000000000001066, 1.278214055972197061 ) ) ;
#2018 = CARTESIAN_POINT ( 'NONE',  ( 51.09583333333336697, -12.40414518843248359, 7.299999999999582379 ) ) ;
#2019 =( BOUNDED_SURFACE ( )  B_SPLINE_SURFACE ( 1, 2, ( 
 ( #572, #5663, #3751, #1593, #110, #4762, #4696, #45, #5696, #5132, #10, #2160, #4188, #6232, #1560, #1083, #1625, #6302, #3679, #3618, #3147, #4221, #1692, #5729, #5196, #1113, #6265, #2704, #3718, #2193, #1145, #3213, #5256, #642, #145, #3248, #6412, #5433, #6448, #1766, #6337, #3828, #5800, #324, #5944, #183, #5840, #2780, #5291, #2815, #3359, #2231, #4290, #4403, #289, #4799, #2377, #2883, #4328, #216, #784, #3788, #6374, #2743, #255, #4907, #679, #2342, #2304, #1730, #1220 ),
 ( #4835, #2265, #1843, #4366, #3900, #1807, #3286, #5328, #714, #3867, #5877, #1259, #3326, #5366, #752, #1328, #5912, #4870, #1296, #3389, #5397, #2851, #4436, #819, #4940, #6483, #1874, #1179, #2442, #3015, #5567, #6101, #4592, #949, #358, #1364, #3968, #2476, #6577, #2506, #5500, #3422, #1459, #854, #5067, #6607, #4559, #2537, #2411, #3522, #1968, #5006, #5467, #6011, #1395, #2918, #390, #6071, #4973, #1428, #4029, #4498, #6547, #6639, #1997, #3486, #1908, #3933, #1936, #453, #979 ),
 ( #5979, #4466, #4058, #424, #5037, #6515, #885, #918, #480, #5534, #3456, #2951, #1488, #3999, #3549, #6041, #2982, #5597, #3045, #4529, #5095, #2126, #5250, #4184, #3614, #1589, #6128, #2634, #1651, #2667, #4659, #2569, #40, #2026, #3206, #2156, #3077, #2055, #5659, #1518, #5693, #6228, #5129, #510, #602, #3171, #1011, #635, #5759, #539, #3109, #3674, #5, #2602, #5627, #3141, #1105, #3580, #3646, #1139, #2092, #4722, #107, #4626, #4086, #4215, #1556, #4693, #4153, #2697, #6196 ) ),
 .UNSPECIFIED., .F., .F., .F. ) 
 B_SPLINE_SURFACE_WITH_KNOTS ( ( 2, 1, 2 ),
 ( 3, 2, 2, 2, 2, 2, 2, 2, 2, 2, 2, 2, 2, 2, 2, 2, 2, 2, 2, 2, 2, 2, 2, 2, 2, 2, 2, 2, 2, 2, 2, 2, 2, 2, 2, 3 ),
 ( 0.000000000000000000, 1.000000000000000000, 1.024903604682812830 ),
 ( 0.000000000000000000, 0.02777777777777777624, 0.05555555555555555247, 0.08333333333333332871, 0.1111111111111111049, 0.1388888888888888951, 0.1666666666666666574, 0.1944444444444444475, 0.2222222222222222099, 0.2500000000000000000, 0.2777777777777777901, 0.3055555555555555802, 0.3333333333333333148, 0.3611111111111111049, 0.3888888888888888951, 0.4166666666666666852, 0.4444444444444444198, 0.4722222222222222099, 0.5000000000000000000, 0.5277777777777777901, 0.5555555555555555802, 0.5833333333333333703, 0.6111111111111111605, 0.6388888888888888395, 0.6666666666666666297, 0.6944444444444444198, 0.7222222222222222099, 0.7500000000000000000, 0.7777777777777777901, 0.8055555555555555802, 0.8333333333333333703, 0.8611111111111111605, 0.8888888888888888395, 0.9166666666666666297, 0.9444444444444444198, 0.9524937176379252302 ),
 .UNSPECIFIED. ) 
 GEOMETRIC_REPRESENTATION_ITEM ( )  RATIONAL_B_SPLINE_SURFACE ( (
 ( 1.000000000000000000, 0.8660254037844387076, 1.000000000000000000, 0.8660254037844387076, 1.000000000000000000, 0.8660254037844387076, 1.000000000000000000, 0.8660254037844387076, 1.000000000000000000, 0.8660254037844387076, 1.000000000000000000, 0.8660254037844387076, 1.000000000000000000, 0.8660254037844387076, 1.000000000000000000, 0.8660254037844387076, 1.000000000000000000, 0.8660254037844387076, 1.000000000000000000, 0.8660254037844387076, 1.000000000000000000, 0.8660254037844387076, 1.000000000000000000, 0.8660254037844387076, 1.000000000000000000, 0.8660254037844387076, 1.000000000000000000, 0.8660254037844387076, 1.000000000000000000, 0.8660254037844387076, 1.000000000000000000, 0.8660254037844387076, 1.000000000000000000, 0.8660254037844387076, 1.000000000000000000, 0.8660254037844387076, 1.000000000000000000, 0.8660254037844387076, 1.000000000000000000, 0.8660254037844387076, 1.000000000000000000, 0.8660254037844387076, 1.000000000000000000, 0.8660254037844387076, 1.000000000000000000, 0.8660254037844387076, 1.000000000000000000, 0.8660254037844387076, 1.000000000000000000, 0.8660254037844387076, 1.000000000000000000, 0.8660254037844387076, 1.000000000000000000, 0.8660254037844387076, 1.000000000000000000, 0.8660254037844387076, 1.000000000000000000, 0.8660254037844387076, 1.000000000000000000, 0.8660254037844387076, 1.000000000000000000, 0.8660254037844387076, 1.000000000000000000, 0.8660254037844387076, 1.000000000000000000, 0.8660254037844387076, 1.000000000000000000, 0.8660254037844387076, 1.000000000000000000, 0.9611776674666880904, 0.9448547272943286224),
 ( 1.000000000000000000, 0.8660254037844387076, 1.000000000000000000, 0.8660254037844387076, 1.000000000000000000, 0.8660254037844387076, 1.000000000000000000, 0.8660254037844387076, 1.000000000000000000, 0.8660254037844387076, 1.000000000000000000, 0.8660254037844387076, 1.000000000000000000, 0.8660254037844387076, 1.000000000000000000, 0.8660254037844387076, 1.000000000000000000, 0.8660254037844387076, 1.000000000000000000, 0.8660254037844387076, 1.000000000000000000, 0.8660254037844387076, 1.000000000000000000, 0.8660254037844387076, 1.000000000000000000, 0.8660254037844387076, 1.000000000000000000, 0.8660254037844387076, 1.000000000000000000, 0.8660254037844387076, 1.000000000000000000, 0.8660254037844387076, 1.000000000000000000, 0.8660254037844387076, 1.000000000000000000, 0.8660254037844387076, 1.000000000000000000, 0.8660254037844387076, 1.000000000000000000, 0.8660254037844387076, 1.000000000000000000, 0.8660254037844387076, 1.000000000000000000, 0.8660254037844387076, 1.000000000000000000, 0.8660254037844387076, 1.000000000000000000, 0.8660254037844387076, 1.000000000000000000, 0.8660254037844387076, 1.000000000000000000, 0.8660254037844387076, 1.000000000000000000, 0.8660254037844387076, 1.000000000000000000, 0.8660254037844387076, 1.000000000000000000, 0.8660254037844387076, 1.000000000000000000, 0.8660254037844387076, 1.000000000000000000, 0.8660254037844387076, 1.000000000000000000, 0.8660254037844387076, 1.000000000000000000, 0.8660254037844387076, 1.000000000000000000, 0.8660254037844387076, 1.000000000000000000, 0.9611776674666880904, 0.9448547272943286224),
 ( 1.000000000000000000, 0.8660254037844387076, 1.000000000000000000, 0.8660254037844387076, 1.000000000000000000, 0.8660254037844387076, 1.000000000000000000, 0.8660254037844387076, 1.000000000000000000, 0.8660254037844387076, 1.000000000000000000, 0.8660254037844387076, 1.000000000000000000, 0.8660254037844387076, 1.000000000000000000, 0.8660254037844387076, 1.000000000000000000, 0.8660254037844387076, 1.000000000000000000, 0.8660254037844387076, 1.000000000000000000, 0.8660254037844387076, 1.000000000000000000, 0.8660254037844387076, 1.000000000000000000, 0.8660254037844387076, 1.000000000000000000, 0.8660254037844387076, 1.000000000000000000, 0.8660254037844387076, 1.000000000000000000, 0.8660254037844387076, 1.000000000000000000, 0.8660254037844387076, 1.000000000000000000, 0.8660254037844387076, 1.000000000000000000, 0.8660254037844387076, 1.000000000000000000, 0.8660254037844387076, 1.000000000000000000, 0.8660254037844387076, 1.000000000000000000, 0.8660254037844387076, 1.000000000000000000, 0.8660254037844387076, 1.000000000000000000, 0.8660254037844387076, 1.000000000000000000, 0.8660254037844387076, 1.000000000000000000, 0.8660254037844387076, 1.000000000000000000, 0.8660254037844387076, 1.000000000000000000, 0.8660254037844387076, 1.000000000000000000, 0.8660254037844387076, 1.000000000000000000, 0.8660254037844387076, 1.000000000000000000, 0.8660254037844387076, 1.000000000000000000, 0.8660254037844387076, 1.000000000000000000, 0.8660254037844387076, 1.000000000000000000, 0.8660254037844387076, 1.000000000000000000, 0.9611776674666880904, 0.9448547272943286224) ) ) 
 REPRESENTATION_ITEM ( '' )  SURFACE ( )  );
#2020 = EDGE_CURVE ( 'NONE', #3434, #125, #1823, .T. ) ;
#2021 = CARTESIAN_POINT ( 'NONE',  ( 51.75937500047796647, -10.97295962409042147, 8.000000000000000000 ) ) ;
#2022 = CARTESIAN_POINT ( 'NONE',  ( 50.02518351324724222, -12.46315162580122227, 8.597797852504124094 ) ) ;
#2023 = CARTESIAN_POINT ( 'NONE',  ( -49.99999999999998579, -11.12211884029220954, 8.142946212756658753 ) ) ;
#2024 = CARTESIAN_POINT ( 'NONE',  ( -50.59999999999998721, -11.99999999999974065, 7.300000000000002487 ) ) ;
#2025 = EDGE_CURVE ( 'NONE', #5334, #2589, #2707, .T. ) ;
#2026 = CARTESIAN_POINT ( 'NONE',  ( 50.77227616920563236, -12.80284271336489788, 8.000000000000000000 ) ) ;
#2027 = CARTESIAN_POINT ( 'NONE',  ( -51.76666666666666572, -12.60621778264908954, 8.349999999999999645 ) ) ;
#2028 = VERTEX_POINT ( 'NONE', #4875 ) ;
#2029 = EDGE_CURVE ( 'NONE', #4895, #5695, #4259, .T. ) ;
#2030 = CARTESIAN_POINT ( 'NONE',  ( 44.99999999999999289, -22.99999999999998224, 10.00000000000000178 ) ) ;
#2031 = DIRECTION ( 'NONE',  ( -0.000000000000000000, -0.000000000000000000, -1.000000000000000000 ) ) ;
#2032 = CARTESIAN_POINT ( 'NONE',  ( -51.05937500047801336, -10.97295962409042325, 8.000000000000000000 ) ) ;
#2033 = CARTESIAN_POINT ( 'NONE',  ( -49.99999999999998579, -25.92893218813452805, -25.38989694984990919 ) ) ;
#2034 = ORIENTED_EDGE ( 'NONE', *, *, #3418, .F. ) ;
#2035 = ORIENTED_EDGE ( 'NONE', *, *, #6563, .T. ) ;
#2036 = LINE ( 'NONE', #990, #3941 ) ;
#2037 = CARTESIAN_POINT ( 'NONE',  ( 51.26810950272231082, 12.60213203529872317, 7.652358907332596161 ) ) ;
#2038 = FACE_OUTER_BOUND ( 'NONE', #1403, .T. ) ;
#2039 = CARTESIAN_POINT ( 'NONE',  ( 51.97083333333333854, -11.59585481156724462, 8.700000000000001066 ) ) ;
#2040 = CARTESIAN_POINT ( 'NONE',  ( -50.00000000000000711, -12.62339575096065758, 8.407683607806569981 ) ) ;
#2041 = FACE_OUTER_BOUND ( 'NONE', #3972, .T. ) ;
#2042 = ORIENTED_EDGE ( 'NONE', *, *, #5572, .T. ) ;
#2043 = ORIENTED_EDGE ( 'NONE', *, *, #4629, .F. ) ;
#2044 = CARTESIAN_POINT ( 'NONE',  ( 51.65729166714461940, -12.77028028193215370, 7.555278471875000790 ) ) ;
#2045 = CARTESIAN_POINT ( 'NONE',  ( 51.00104166714462650, 12.51352018795479815, 7.110556943749999803 ) ) ;
#2046 = CARTESIAN_POINT ( 'NONE',  ( -20.54999999999999716, 28.00000000000000711, -30.00000000000000000 ) ) ;
#2047 = CARTESIAN_POINT ( 'NONE',  ( 51.39999999999999147, 11.31626028344115298, 7.849999999999997868 ) ) ;
#2048 = CYLINDRICAL_SURFACE ( 'NONE', #2273, 1.000000000000000888 ) ;
#2049 = CARTESIAN_POINT ( 'NONE',  ( -51.67916666666666714, 11.59585481156727838, 7.300000000000000711 ) ) ;
#2050 = CARTESIAN_POINT ( 'NONE',  ( -35.99999999999999289, 13.41421356237311358, -13.19851851922008557 ) ) ;
#2051 = CARTESIAN_POINT ( 'NONE',  ( 51.39999999999999858, -11.48827964609387209, 7.272503450379631751 ) ) ;
#2052 = CARTESIAN_POINT ( 'NONE',  ( 50.11145833381130643, -11.48647981204522139, 8.889443056249971775 ) ) ;
#2053 = CARTESIAN_POINT ( 'NONE',  ( 50.28645833381128938, 11.48647981204523738, 7.110556943749999803 ) ) ;
#2054 = DIRECTION ( 'NONE',  ( 0.000000000000000000, 0.000000000000000000, 1.000000000000000000 ) ) ;
#2055 = CARTESIAN_POINT ( 'NONE',  ( 50.65560950253897232, -11.59857864331752353, 8.695282185017244814 ) ) ;
#2056 = CARTESIAN_POINT ( 'NONE',  ( -50.07499999999999574, -11.99999999999998224, 8.699999999999999289 ) ) ;
#2057 = AXIS2_PLACEMENT_3D ( 'NONE', #1235, #1671, #797 ) ;
#2058 =( BOUNDED_CURVE ( )  B_SPLINE_CURVE ( 2, ( #4576, #3441, #3472, #3956, #869, #5025, #409 ),
 .UNSPECIFIED., .F., .F. ) 
 B_SPLINE_CURVE_WITH_KNOTS ( ( 3, 2, 2, 3 ),
 ( 0.01097805995819202927, 0.01171001581961535372, 0.01244197168103867816, 0.01317392754246200434 ),
 .UNSPECIFIED. ) 
 CURVE ( )  GEOMETRIC_REPRESENTATION_ITEM ( )  RATIONAL_B_SPLINE_CURVE ( ( 1.000000000000137446, 0.8660254037843012620, 1.000000000000000000, 0.8660254037844385966, 1.000000000000000000, 0.8660254037845095398, 0.9999999999999290567 ) ) 
 REPRESENTATION_ITEM ( '' )  );
#2059 = VECTOR ( 'NONE', #941, 1000.000000000000000 ) ;
#2060 = VERTEX_POINT ( 'NONE', #187 ) ;
#2061 = CARTESIAN_POINT ( 'NONE',  ( -49.99999999999997868, 23.00000000000000355, 10.00000000000000178 ) ) ;
#2062 = CARTESIAN_POINT ( 'NONE',  ( 51.21249334158983402, 11.99990772511677584, 7.300000000000000711 ) ) ;
#2063 = DIRECTION ( 'NONE',  ( 1.000000000000000000, 0.000000000000000000, 0.000000000000000000 ) ) ;
#2064 = DIRECTION ( 'NONE',  ( 1.000000000000000000, 0.000000000000000000, 0.000000000000000000 ) ) ;
#2065 = CARTESIAN_POINT ( 'NONE',  ( -51.07395833381128369, -11.22971971806781255, 8.444721528124999210 ) ) ;
#2066 = EDGE_CURVE ( 'NONE', #3466, #1607, #1454, .T. ) ;
#2067 = ORIENTED_EDGE ( 'NONE', *, *, #1156, .T. ) ;
#2068 = EDGE_CURVE ( 'NONE', #3086, #3193, #1189, .T. ) ;
#2069 = ORIENTED_EDGE ( 'NONE', *, *, #1289, .F. ) ;
#2070 = DIRECTION ( 'NONE',  ( 0.000000000000000000, 0.000000000000000000, -1.000000000000000000 ) ) ;
#2071 = CARTESIAN_POINT ( 'NONE',  ( 50.62916666762257734, 12.60621778264912329, 8.349999999999999645 ) ) ;
#2072 = CARTESIAN_POINT ( 'NONE',  ( 50.02395833381130075, 12.77028028193216080, 7.555278471875015889 ) ) ;
#2073 = CARTESIAN_POINT ( 'NONE',  ( 51.21249999999999858, -11.19170962313450701, 8.000000000000000000 ) ) ;
#2074 = CARTESIAN_POINT ( 'NONE',  ( -51.52604166714462508, -12.51352018795476262, 7.110556943750000691 ) ) ;
#2075 = CARTESIAN_POINT ( 'NONE',  ( 51.08854166714469613, 12.77028028193218745, 8.444721528125000987 ) ) ;
#2076 = B_SPLINE_CURVE_WITH_KNOTS ( 'NONE', 3,
 ( #3445, #1319, #872, #1957, #6060, #380 ),
 .UNSPECIFIED., .F., .F.,
 ( 4, 2, 4 ),
 ( 0.02415173317496967578, 0.02462361354945508118, 0.02509549392394049006 ),
 .UNSPECIFIED. ) ;
#2077 = ORIENTED_EDGE ( 'NONE', *, *, #1295, .T. ) ;
#2078 = ORIENTED_EDGE ( 'NONE', *, *, #5403, .T. ) ;
#2079 = CARTESIAN_POINT ( 'NONE',  ( 50.63645833381128369, -12.51352018795476262, 7.110556943749999803 ) ) ;
#2080 = CARTESIAN_POINT ( 'NONE',  ( 51.29270833381129080, 11.48647981204523738, 7.110556943749999803 ) ) ;
#2081 = DIRECTION ( 'NONE',  ( 1.000000000000000000, 0.000000000000000000, 0.000000000000000000 ) ) ;
#2082 = DIRECTION ( 'NONE',  ( 0.000000000000000000, -0.000000000000000000, 1.000000000000000000 ) ) ;
#2083 = VECTOR ( 'NONE', #6090, 1000.000000000000000 ) ;
#2084 = CARTESIAN_POINT ( 'NONE',  ( -51.52604166714462508, 11.48647981204523738, 7.110556943750000691 ) ) ;
#2085 = CARTESIAN_POINT ( 'NONE',  ( -50.74692708332855773, 11.59694856156249898, 8.698105569437499796 ) ) ;
#2086 = EDGE_CURVE ( 'NONE', #1881, #768, #262, .T. ) ;
#2087 = CARTESIAN_POINT ( 'NONE',  ( -51.39999999999997726, -12.48345053949473105, 8.651255813365812841 ) ) ;
#2088 = CARTESIAN_POINT ( 'NONE',  ( 52.00000000000000000, -11.99999999999998224, 8.000000000000000000 ) ) ;
#2089 = CARTESIAN_POINT ( 'NONE',  ( 51.39999999999999147, 12.01024198552258149, 9.526943859230120992 ) ) ;
#2090 = CARTESIAN_POINT ( 'NONE',  ( -49.99999999999998579, -11.48827964609387919, 8.727496549620376243 ) ) ;
#2091 = CYLINDRICAL_SURFACE ( 'NONE', #4601, 1.000000000000000888 ) ;
#2092 = CARTESIAN_POINT ( 'NONE',  ( 49.98477616920563094, -11.99999999999998224, 8.695282185017244814 ) ) ;
#2093 = CARTESIAN_POINT ( 'NONE',  ( -50.71666666666666856, -12.60621778264908954, 8.349999999999999645 ) ) ;
#2094 = VECTOR ( 'NONE', #4375, 999.9999999999998863 ) ;
#2095 = AXIS2_PLACEMENT_3D ( 'NONE', #3904, #5038, #1331 ) ;
#2096 = EDGE_LOOP ( 'NONE', ( #3159, #895, #2621, #3311 ) ) ;
#2097 = CARTESIAN_POINT ( 'NONE',  ( 51.27192708332854920, 12.40305143843753477, 8.698105569437499796 ) ) ;
#2098 = CARTESIAN_POINT ( 'NONE',  ( -44.99999999999998579, 30.00000000000000355, 10.00000000000000000 ) ) ;
#2099 =( BOUNDED_CURVE ( )  B_SPLINE_CURVE ( 2, ( #6105, #5100, #5730, #2642, #3680, #607, #4189, #12, #6233, #2062, #3148 ),
 .UNSPECIFIED., .F., .F. ) 
 B_SPLINE_CURVE_WITH_KNOTS ( ( 3, 2, 2, 2, 2, 3 ),
 ( 0.1749766067322782170, 0.1749792818371363190, 0.2041424954766589972, 0.2333057091161816476, 0.2624689227557043258, 0.2624766111473781915 ),
 .UNSPECIFIED. ) 
 CURVE ( )  GEOMETRIC_REPRESENTATION_ITEM ( )  RATIONAL_B_SPLINE_CURVE ( ( 0.9999754236126096041, 0.9999877106790208137, 1.000000000000000000, 0.8660254037844387076, 1.000000000000000000, 0.8660254037844387076, 1.000000000000000000, 0.8660254037844387076, 1.000000000000000000, 0.9999646798469200570, 0.9999293783169708183 ) ) 
 REPRESENTATION_ITEM ( '' )  );
#2100 = CARTESIAN_POINT ( 'NONE',  ( 44.99999999999997868, -29.00000000000001421, -29.63602976573380587 ) ) ;
#2101 = CARTESIAN_POINT ( 'NONE',  ( 51.29999999999998295, -11.99999999999975131, 8.700000000000002842 ) ) ;
#2102 = CARTESIAN_POINT ( 'NONE',  ( -51.08854166714468192, -11.22971971806781255, 7.555278471875000790 ) ) ;
#2103 = CARTESIAN_POINT ( 'NONE',  ( -50.11145833381129222, -11.48647981204520363, 7.110556943749999803 ) ) ;
#2104 = ORIENTED_EDGE ( 'NONE', *, *, #50, .T. ) ;
#2105 = EDGE_LOOP ( 'NONE', ( #1188, #5076, #5807, #2513 ) ) ;
#2106 = EDGE_CURVE ( 'NONE', #549, #3489, #2500, .T. ) ;
#2107 = CARTESIAN_POINT ( 'NONE',  ( 50.57083333428924732, 12.60621778264912329, 7.650000000000000355 ) ) ;
#2108 = CARTESIAN_POINT ( 'NONE',  ( 51.06666666666666288, 11.39378221735091223, 7.650000000000000355 ) ) ;
#2109 = CARTESIAN_POINT ( 'NONE',  ( 51.86145833381129222, -11.48647981204520363, 8.889443056249998421 ) ) ;
#2110 = EDGE_CURVE ( 'NONE', #2639, #3193, #1117, .T. ) ;
#2111 = CARTESIAN_POINT ( 'NONE',  ( -51.35104166714462082, -11.48647981204520363, 8.889443056249998421 ) ) ;
#2112 = CARTESIAN_POINT ( 'NONE',  ( 50.70937500047801905, 13.02704037590958031, 8.000000000000000000 ) ) ;
#2113 = ORIENTED_EDGE ( 'NONE', *, *, #3140, .F. ) ;
#2114 = CARTESIAN_POINT ( 'NONE',  ( 51.39479166714462366, -11.48647981204520363, 7.110556943749999803 ) ) ;
#2115 = CARTESIAN_POINT ( 'NONE',  ( 50.85520833381129080, 11.22971971806784630, 8.444721528124999210 ) ) ;
#2116 = CARTESIAN_POINT ( 'NONE',  ( -50.51250000095591730, 12.00000000000001776, 8.699999999999999289 ) ) ;
#2117 = DIRECTION ( 'NONE',  ( 1.000000000000000000, 0.000000000000000000, 0.000000000000000000 ) ) ;
#2118 = CARTESIAN_POINT ( 'NONE',  ( -51.75937500047796647, 13.02704037590957853, 8.000000000000000000 ) ) ;
#2119 = CARTESIAN_POINT ( 'NONE',  ( -51.15416666666666146, 12.40414518843275538, 8.700000000000001066 ) ) ;
#2120 = CIRCLE ( 'NONE', #5893, 1.500000000000001332 ) ;
#2121 = CARTESIAN_POINT ( 'NONE',  ( 51.39999999999999858, -11.29411280285152408, 7.409080215991311391 ) ) ;
#2122 = VECTOR ( 'NONE', #3717, 1000.000000000000000 ) ;
#2123 = CARTESIAN_POINT ( 'NONE',  ( 50.39583333428925016, -12.60621778264908954, 8.349999999999999645 ) ) ;
#2124 = CARTESIAN_POINT ( 'NONE',  ( 50.57812500047795368, 10.97295962409045522, 8.000000000000000000 ) ) ;
#2125 = CARTESIAN_POINT ( 'NONE',  ( -13.64999999999999503, 28.00000000000000711, 0.2782140559721966167 ) ) ;
#2126 = CARTESIAN_POINT ( 'NONE',  ( 51.12227616920564088, -12.80284271336489788, 8.000000000000000000 ) ) ;
#2127 = CARTESIAN_POINT ( 'NONE',  ( -50.89895833381128654, -12.77028028193215548, 7.555278471875000790 ) ) ;
#2128 = EDGE_CURVE ( 'NONE', #2272, #3028, #2971, .T. ) ;
#2129 = ORIENTED_EDGE ( 'NONE', *, *, #4413, .T. ) ;
#2130 = CARTESIAN_POINT ( 'NONE',  ( 51.35942708332855489, 11.39542284234374137, 8.349052784718749010 ) ) ;
#2131 = CARTESIAN_POINT ( 'NONE',  ( 50.39583333428925016, 11.39378221735091223, 8.349999999999999645 ) ) ;
#2132 = CARTESIAN_POINT ( 'NONE',  ( -50.80416666666558712, -11.59585481157152387, 8.700000000008779821 ) ) ;
#2133 = CARTESIAN_POINT ( 'NONE',  ( -50.19166666666666288, -11.39378221735087493, 7.649999999999998579 ) ) ;
#2134 = CARTESIAN_POINT ( 'NONE',  ( -50.79687500047801052, -11.99999999999998224, 7.110556943750001579 ) ) ;
#2135 = CARTESIAN_POINT ( 'NONE',  ( -51.04479166714461513, -11.48647981204520363, 8.889443056249998421 ) ) ;
#2136 = ORIENTED_EDGE ( 'NONE', *, *, #5027, .T. ) ;
#2137 = ORIENTED_EDGE ( 'NONE', *, *, #3459, .F. ) ;
#2138 = CARTESIAN_POINT ( 'NONE',  ( 49.74382778311729680, 11.34546490956211606, 7.743123661305522099 ) ) ;
#2139 = CARTESIAN_POINT ( 'NONE',  ( 50.25729166714464213, 11.22971971806787295, 7.555278471875015889 ) ) ;
#2140 = CARTESIAN_POINT ( 'NONE',  ( 50.92812500047795510, -13.02704037590954478, 8.000000000000000000 ) ) ;
#2141 = FACE_OUTER_BOUND ( 'NONE', #6464, .T. ) ;
#2142 = LINE ( 'NONE', #3598, #4109 ) ;
#2143 = ORIENTED_EDGE ( 'NONE', *, *, #6353, .T. ) ;
#2144 = VERTEX_POINT ( 'NONE', #4765 ) ;
#2145 = CARTESIAN_POINT ( 'NONE',  ( 51.39999999999999147, 12.01024198552258149, 8.026943859230120992 ) ) ;
#2146 = CARTESIAN_POINT ( 'NONE',  ( 50.15520833381128796, 11.22971971806784630, 8.444721528124999210 ) ) ;
#2147 = CARTESIAN_POINT ( 'NONE',  ( 51.58437500047795510, 10.97295962409045522, 8.000000000000000000 ) ) ;
#2148 = CARTESIAN_POINT ( 'NONE',  ( -51.12500000095591446, 11.19170962313454076, 8.000000000000000000 ) ) ;
#2149 = CARTESIAN_POINT ( 'NONE',  ( -50.50520833381129648, 11.22971971806784808, 7.555278471875000790 ) ) ;
#2150 = CARTESIAN_POINT ( 'NONE',  ( -50.65942708332855204, 11.39542284234374137, 7.650947215281250990 ) ) ;
#2151 = ADVANCED_FACE ( 'NONE', ( #149 ), #4500, .F. ) ;
#2152 = CYLINDRICAL_SURFACE ( 'NONE', #6401, 0.6999999999999992895 ) ;
#2153 = CARTESIAN_POINT ( 'NONE',  ( -50.45416666762258728, 11.39378221735091223, 8.349999999999999645 ) ) ;
#2154 = CARTESIAN_POINT ( 'NONE',  ( 49.90729166714462650, 11.22971971806784808, 7.555278471875000790 ) ) ;
#2155 = PLANE ( 'NONE',  #2890 ) ;
#2156 = CARTESIAN_POINT ( 'NONE',  ( 50.71394283587230234, -12.40142135668244094, 8.695282185017244814 ) ) ;
#2157 = CARTESIAN_POINT ( 'NONE',  ( -50.24999999999999289, -11.99999999999998224, 7.300000000000000711 ) ) ;
#2158 = DIRECTION ( 'NONE',  ( -1.000000000000000000, 0.000000000000000000, 0.000000000000000000 ) ) ;
#2159 = CARTESIAN_POINT ( 'NONE',  ( 51.30109374999521776, 12.00000000000001776, 8.698105569437499796 ) ) ;
#2160 = CARTESIAN_POINT ( 'NONE',  ( 51.52604166714462508, -12.51352018795476440, 8.889443056249998421 ) ) ;
#2161 = CARTESIAN_POINT ( 'NONE',  ( -50.44687500047801620, -11.99999999999998224, 7.110556943750001579 ) ) ;
#2162 = CARTESIAN_POINT ( 'NONE',  ( -50.54895833381129222, -12.77028028193215548, 7.555278471875000790 ) ) ;
#2163 = ORIENTED_EDGE ( 'NONE', *, *, #6260, .F. ) ;
#2164 = ORIENTED_EDGE ( 'NONE', *, *, #6518, .F. ) ;
#2165 = VERTEX_POINT ( 'NONE', #2444 ) ;
#2166 = CARTESIAN_POINT ( 'NONE',  ( 50.77227616938898791, 11.19715728626841056, 8.000000000000000000 ) ) ;
#2167 = CARTESIAN_POINT ( 'NONE',  ( -51.56979166714462082, 11.48647981204523560, 7.110556943749999803 ) ) ;
#2168 = CARTESIAN_POINT ( 'NONE',  ( -51.65109374999521208, -11.99999999999998224, 7.301894430562501093 ) ) ;
#2169 = CARTESIAN_POINT ( 'NONE',  ( 50.81145833381128796, -11.48647981204520363, 8.889443056249998421 ) ) ;
#2170 = CARTESIAN_POINT ( 'NONE',  ( -34.99999999999999289, 13.00000000000001599, -11.22092438160143679 ) ) ;
#2171 = CARTESIAN_POINT ( 'NONE',  ( 50.38854166714469329, 12.77028028193218745, 8.444721528125000987 ) ) ;
#2172 = ORIENTED_EDGE ( 'NONE', *, *, #3594, .F. ) ;
#2173 = ORIENTED_EDGE ( 'NONE', *, *, #6214, .T. ) ;
#2174 = DIRECTION ( 'NONE',  ( 1.000000000000000000, 0.000000000000000000, 0.000000000000000000 ) ) ;
#2175 = CARTESIAN_POINT ( 'NONE',  ( -50.68750000095591446, -11.99999999999998224, 7.300000000000000711 ) ) ;
#2176 = CARTESIAN_POINT ( 'NONE',  ( 49.99999999999998579, 11.31685957671732545, 7.847018760394029790 ) ) ;
#2177 = CARTESIAN_POINT ( 'NONE',  ( -51.06666666762258444, 11.59585481156727482, 7.300000000000007816 ) ) ;
#2178 = CARTESIAN_POINT ( 'NONE',  ( -50.76770833381129933, 12.51352018795479815, 7.110556943750000691 ) ) ;
#2179 = CARTESIAN_POINT ( 'NONE',  ( -51.62083333333333002, 12.40414518843275538, 7.300000000000000711 ) ) ;
#2180 = LINE ( 'NONE', #5718, #6510 ) ;
#2181 = AXIS2_PLACEMENT_3D ( 'NONE', #5020, #3374, #3847 ) ;
#2182 = CARTESIAN_POINT ( 'NONE',  ( 50.51323675391357426, -11.99995193485837497, 7.300000003990494868 ) ) ;
#2183 = CARTESIAN_POINT ( 'NONE',  ( 51.00104166714469045, -11.48647981204520363, 7.110556943750000691 ) ) ;
#2184 = CYLINDRICAL_SURFACE ( 'NONE', #4979, 4.999999999999997335 ) ;
#2185 = EDGE_CURVE ( 'NONE', #2248, #3466, #4001, .T. ) ;
#2186 = CARTESIAN_POINT ( 'NONE',  ( 51.35942708332855489, -12.60457715765625863, 8.349052784718749010 ) ) ;
#2187 = CARTESIAN_POINT ( 'NONE',  ( -51.65729166714461940, -12.77028028193215370, 8.444721528125000987 ) ) ;
#2188 = CARTESIAN_POINT ( 'NONE',  ( 4.750000000000004441, 30.00000000000001066, -0.5999999999999989786 ) ) ;
#2189 = ORIENTED_EDGE ( 'NONE', *, *, #2086, .T. ) ;
#2190 = CARTESIAN_POINT ( 'NONE',  ( 51.56249999999999289, 12.80829037686549299, 8.000000000000000000 ) ) ;
#2191 = FACE_OUTER_BOUND ( 'NONE', #4577, .T. ) ;
#2192 = AXIS2_PLACEMENT_3D ( 'NONE', #6432, #6395, #1826 ) ;
#2193 = CARTESIAN_POINT ( 'NONE',  ( 51.00104166714462650, -11.48647981204520363, 7.110556943749999803 ) ) ;
#2194 = CARTESIAN_POINT ( 'NONE',  ( 50.13333333428924732, 11.59585481156728015, 7.300000000000000711 ) ) ;
#2195 = CARTESIAN_POINT ( 'NONE',  ( -51.10312500047797357, -10.97295962409045877, 8.000000000000000000 ) ) ;
#2196 = CARTESIAN_POINT ( 'NONE',  ( 49.99999999999998579, -22.99999999999997868, -30.00000000000000000 ) ) ;
#2197 = CARTESIAN_POINT ( 'NONE',  ( -49.89110538829205410, -12.86714286183448408, 8.197919699577399300 ) ) ;
#2198 = ORIENTED_EDGE ( 'NONE', *, *, #5902, .T. ) ;
#2199 = EDGE_LOOP ( 'NONE', ( #5710, #2521, #3120, #6380 ) ) ;
#2200 = EDGE_LOOP ( 'NONE', ( #4807, #4456, #6528, #462 ) ) ;
#2201 = CARTESIAN_POINT ( 'NONE',  ( 50.83060950272231793, 11.59857864313421416, 7.304717814665191433 ) ) ;
#2202 = CARTESIAN_POINT ( 'NONE',  ( -50.19895833381128369, 11.22971971806784630, 7.555278471875000790 ) ) ;
#2203 = CARTESIAN_POINT ( 'NONE',  ( -51.73859374999521776, -12.80610287687501803, 8.000000000000000000 ) ) ;
#2204 = CARTESIAN_POINT ( 'NONE',  ( 51.56979166714462082, -12.51352018795476440, 8.889443056249998421 ) ) ;
#2205 = CARTESIAN_POINT ( 'NONE',  ( -50.03854166714462082, -11.22971971806781255, 7.555278471875000790 ) ) ;
#2206 = CARTESIAN_POINT ( 'NONE',  ( 51.32916666666665151, 11.59585481156736009, 8.700000000000127187 ) ) ;
#2207 = ORIENTED_EDGE ( 'NONE', *, *, #7, .T. ) ;
#2208 = AXIS2_PLACEMENT_3D ( 'NONE', #4725, #109, #2158 ) ;
#2209 = EDGE_CURVE ( 'NONE', #5599, #16, #35, .T. ) ;
#2210 = ORIENTED_EDGE ( 'NONE', *, *, #2066, .F. ) ;
#2211 = FACE_OUTER_BOUND ( 'NONE', #1539, .T. ) ;
#2212 = CARTESIAN_POINT ( 'NONE',  ( 52.00000000000000000, -22.99999999999997868, -27.45220836013657717 ) ) ;
#2213 = CARTESIAN_POINT ( 'NONE',  ( 51.61354166714462366, 11.22971971806784808, 7.555278471875000790 ) ) ;
#2214 = CARTESIAN_POINT ( 'NONE',  ( 50.42500000095590451, 11.19170962313454076, 8.000000000000000000 ) ) ;
#2215 = CARTESIAN_POINT ( 'NONE',  ( -51.40937500047795794, 13.02704037590957853, 8.000000000000000000 ) ) ;
#2216 = CARTESIAN_POINT ( 'NONE',  ( -50.24999999999999289, 12.00000000000001776, 7.300000000000000711 ) ) ;
#2217 = CARTESIAN_POINT ( 'NONE',  ( 51.54062500047795226, 12.00000000000001776, 8.889443056250000197 ) ) ;
#2218 = CARTESIAN_POINT ( 'NONE',  ( 3.750000000000003997, 33.00000000000000000, -0.5999999999999989786 ) ) ;
#2219 = CARTESIAN_POINT ( 'NONE',  ( 50.33020833381135617, -11.22971971806781255, 7.555278471875000790 ) ) ;
#2220 = CARTESIAN_POINT ( 'NONE',  ( 50.45416666666655203, 12.40414518843211056, 7.299999999998889599 ) ) ;
#2221 = CARTESIAN_POINT ( 'NONE',  ( 51.82609374999521634, -11.99999999999998224, 7.301894430562501093 ) ) ;
#2222 = CARTESIAN_POINT ( 'NONE',  ( -50.11145833381129222, -11.48647981204520363, 7.110556943749999803 ) ) ;
#2223 = CARTESIAN_POINT ( 'NONE',  ( 51.40000000000002700, 12.78070739375144882, 8.387521253919224762 ) ) ;
#2224 = EDGE_CURVE ( 'NONE', #1672, #4168, #5218, .T. ) ;
#2225 = EDGE_CURVE ( 'NONE', #1462, #1631, #887, .T. ) ;
#2226 = EDGE_CURVE ( 'NONE', #649, #1404, #6549, .T. ) ;
#2227 = CARTESIAN_POINT ( 'NONE',  ( -50.99999999999999289, -26.51471862576144645, -27.73146132173476985 ) ) ;
#2228 = CARTESIAN_POINT ( 'NONE',  ( 51.27083333333332860, 12.40414518843275538, 8.700000000000001066 ) ) ;
#2229 = CARTESIAN_POINT ( 'NONE',  ( 35.00000000000001421, 20.00000000000001421, -20.00000000000000711 ) ) ;
#2230 = PRODUCT_DEFINITION_CONTEXT ( 'detailed design', #1999, 'design' ) ;
#2231 = CARTESIAN_POINT ( 'NONE',  ( 50.35937500047795368, -10.97295962409042147, 8.000000000000000000 ) ) ;
#2232 = CARTESIAN_POINT ( 'NONE',  ( 51.39999999999999147, -12.66372858242687194, 7.586851219393043522 ) ) ;
#2233 = CARTESIAN_POINT ( 'NONE',  ( -50.01279771966886045, -12.64833065206876839, 8.308170453664132538 ) ) ;
#2234 = CARTESIAN_POINT ( 'NONE',  ( 50.77499999999899671, -12.00000000001403677, 7.300000000000002487 ) ) ;
#2235 = CARTESIAN_POINT ( 'NONE',  ( -50.94270833381129648, -12.51352018795476262, 8.889443056249998421 ) ) ;
#2236 = ORIENTED_EDGE ( 'NONE', *, *, #3025, .T. ) ;
#2237 =( BOUNDED_CURVE ( )  B_SPLINE_CURVE ( 2, ( #5283, #5831, #4825, #1172, #5317, #2296, #3744, #3819, #6364, #3778, #136, #3314, #4897, #4356, #1137, #2183, #776, #2842, #207, #1759, #5248, #6404, #3239, #5757, #1799, #4246, #5792, #671, #3204, #4318, #705, #633, #4395, #3856, #4861, #2695, #281, #2334, #2219, #4789, #5355, #1211, #1284, #3350, #245, #5389, #2733, #742, #172, #6291, #2807 ),
 .UNSPECIFIED., .F., .F. ) 
 B_SPLINE_CURVE_WITH_KNOTS ( ( 3, 2, 2, 2, 2, 2, 2, 2, 2, 2, 2, 2, 2, 2, 2, 2, 2, 2, 2, 2, 2, 2, 2, 2, 2, 3 ),
 ( 0.2231258487602278406, 0.2333058751538870379, 0.2624691095481255232, 0.2916323439423639252, 0.3207955783366024383, 0.3499588127308408403, 0.3791220471250792423, 0.4082852815193176998, 0.4374485159135561574, 0.4666117503077945594, 0.4957749847020329614, 0.5249382190962714745, 0.5541014534905099875, 0.5832646878847483896, 0.6124279222789867916, 0.6415911566732253046, 0.6707543910674635956, 0.6999176254617021087, 0.7290808598559406217, 0.7582440942501789127, 0.7874073286444174258, 0.8165705630386559388, 0.8457337974328942298, 0.8748970318271327429, 0.9040602662213712559, 0.9230434742218844857 ),
 .UNSPECIFIED. ) 
 CURVE ( )  GEOMETRIC_REPRESENTATION_ITEM ( )  RATIONAL_B_SPLINE_CURVE ( ( 0.9391165034666317801, 0.9532334134438908979, 1.000000000000000000, 0.8660254037844387076, 1.000000000000000000, 0.8660254037844387076, 1.000000000000000000, 0.8660254037844387076, 1.000000000000000000, 0.8660254037844387076, 1.000000000000000000, 0.8660254037844387076, 1.000000000000000000, 0.8660254037844387076, 1.000000000000000000, 0.8660254037844387076, 1.000000000000000000, 0.8660254037844387076, 1.000000000000000000, 0.8660254037844387076, 1.000000000000000000, 0.8660254037844387076, 1.000000000000000000, 0.8660254037844387076, 1.000000000000000000, 0.8660254037844387076, 1.000000000000000000, 0.8660254037844387076, 1.000000000000000000, 0.8660254037844387076, 1.000000000000000000, 0.8660254037844387076, 1.000000000000000000, 0.8660254037844387076, 1.000000000000000000, 0.8660254037844387076, 1.000000000000000000, 0.8660254037844387076, 1.000000000000000000, 0.8660254037844387076, 1.000000000000000000, 0.8660254037844387076, 1.000000000000000000, 0.8660254037844387076, 1.000000000000000000, 0.8660254037844387076, 1.000000000000000000, 0.8660254037844387076, 1.000000000000000000, 0.9127919903408509006, 0.9391165034664488154 ) ) 
 REPRESENTATION_ITEM ( '' )  );
#2238 = EDGE_CURVE ( 'NONE', #278, #4193, #472, .T. ) ;
#2239 = VERTEX_POINT ( 'NONE', #3487 ) ;
#2240 = ORIENTED_EDGE ( 'NONE', *, *, #912, .F. ) ;
#2241 = CARTESIAN_POINT ( 'NONE',  ( 50.01394283605565505, 11.59857864313421416, 8.695282185334807679 ) ) ;
#2242 = CARTESIAN_POINT ( 'NONE',  ( -51.07395833381128369, 12.77028028193218745, 8.444721528124999210 ) ) ;
#2243 = CARTESIAN_POINT ( 'NONE',  ( -51.91359374999522203, -11.19389712312494822, 8.000000000000000000 ) ) ;
#2244 = CARTESIAN_POINT ( 'NONE',  ( 50.60729166714462224, -12.77028028193215370, 7.555278471875000790 ) ) ;
#2245 = CARTESIAN_POINT ( 'NONE',  ( -50.38854166714462934, -11.22971971806781255, 7.555278471875000790 ) ) ;
#2246 = CARTESIAN_POINT ( 'NONE',  ( -19.54999999999999361, 28.00000000000000711, 1.278214055972197283 ) ) ;
#2247 = CARTESIAN_POINT ( 'NONE',  ( -44.99999999999998579, 23.00000000000000355, 10.00000000000000178 ) ) ;
#2248 = VERTEX_POINT ( 'NONE', #6517 ) ;
#2249 = ORIENTED_EDGE ( 'NONE', *, *, #4646, .F. ) ;
#2250 = CARTESIAN_POINT ( 'NONE',  ( -50.11145833381130643, -11.48647981204522139, 7.110556943750030001 ) ) ;
#2251 = CARTESIAN_POINT ( 'NONE',  ( 50.07499999999998863, 11.99999999999982236, 7.300000000000002487 ) ) ;
#2252 = CARTESIAN_POINT ( 'NONE',  ( 51.55520833381128654, 11.22971971806784630, 8.444721528124999210 ) ) ;
#2253 = CARTESIAN_POINT ( 'NONE',  ( -50.57083333428924732, 12.60621778264912329, 8.349999999999999645 ) ) ;
#2254 = CARTESIAN_POINT ( 'NONE',  ( -50.42499999999999716, 12.00000000000001776, 8.699999999999999289 ) ) ;
#2255 = DIRECTION ( 'NONE',  ( 1.000000000000000000, 0.000000000000000000, 0.000000000000000000 ) ) ;
#2256 = CARTESIAN_POINT ( 'NONE',  ( -51.38750000095591020, 12.00000000000001776, 7.300000000000000711 ) ) ;
#2257 = CARTESIAN_POINT ( 'NONE',  ( -34.99999999999999289, 20.00000000000001776, -8.673132741738013962 ) ) ;
#2258 = CARTESIAN_POINT ( 'NONE',  ( 51.03749912693132984, 12.00001210941747232, 8.699999999895256408 ) ) ;
#2259 = CARTESIAN_POINT ( 'NONE',  ( 50.42609374999521776, -11.99999999999998224, 7.301894430562501093 ) ) ;
#2260 = CARTESIAN_POINT ( 'NONE',  ( -51.32916666762258728, -11.39378221735087671, 7.650000000000000355 ) ) ;
#2261 = CARTESIAN_POINT ( 'NONE',  ( 50.99999999999999289, -26.51471862576144289, -28.73146132173475564 ) ) ;
#2262 = CARTESIAN_POINT ( 'NONE',  ( -51.39999999999999147, 12.00000000000001776, 8.000000000000000000 ) ) ;
#2263 = CARTESIAN_POINT ( 'NONE',  ( 51.79583333333333428, 11.59585481156727838, 7.300000000000000711 ) ) ;
#2264 = DIRECTION ( 'NONE',  ( -1.000000000000000000, -0.000000000000000000, -0.000000000000000000 ) ) ;
#2265 = CARTESIAN_POINT ( 'NONE',  ( 51.70833333428925016, -11.59585481156724462, 8.700000000000001066 ) ) ;
#2266 = ORIENTED_EDGE ( 'NONE', *, *, #3104, .F. ) ;
#2267 = CARTESIAN_POINT ( 'NONE',  ( -3.449999999999995737, 33.00000000000000000, 1.900000000000000577 ) ) ;
#2268 = CARTESIAN_POINT ( 'NONE',  ( -51.13229166714463503, -11.22971971806783920, 7.555278471875015001 ) ) ;
#2269 = CARTESIAN_POINT ( 'NONE',  ( -51.09583333333336697, -12.40414518843248004, 8.700000000000413181 ) ) ;
#2270 = CARTESIAN_POINT ( 'NONE',  ( -51.00104166714462650, -11.48647981204520363, 8.889443056249998421 ) ) ;
#2271 = ORIENTED_EDGE ( 'NONE', *, *, #61, .F. ) ;
#2272 = VERTEX_POINT ( 'NONE', #919 ) ;
#2273 = AXIS2_PLACEMENT_3D ( 'NONE', #5621, #4616, #3606 ) ;
#2274 = CARTESIAN_POINT ( 'NONE',  ( 50.13060950272232219, 11.59857864313421416, 7.304717814665191433 ) ) ;
#2275 = EDGE_CURVE ( 'NONE', #1238, #3529, #406, .T. ) ;
#2276 = CARTESIAN_POINT ( 'NONE',  ( -51.13229166714462082, 12.77028028193218745, 7.555278471875000790 ) ) ;
#2277 = CARTESIAN_POINT ( 'NONE',  ( -51.76776041666187922, -12.60457715765625863, 8.349052784718749010 ) ) ;
#2278 = LINE ( 'NONE', #5443, #658 ) ;
#2279 = CARTESIAN_POINT ( 'NONE',  ( -51.59166666762259013, -11.59585481156724462, 8.700000000000001066 ) ) ;
#2280 = DIRECTION ( 'NONE',  ( -1.000000000000000000, 0.000000000000000000, 0.000000000000000000 ) ) ;
#2281 = CARTESIAN_POINT ( 'NONE',  ( -51.19062500047796505, 12.00000000000001776, 7.110556943750028225 ) ) ;
#2282 = EDGE_CURVE ( 'NONE', #4479, #467, #583, .T. ) ;
#2283 = ORIENTED_EDGE ( 'NONE', *, *, #1879, .F. ) ;
#2284 =( BOUNDED_CURVE ( )  B_SPLINE_CURVE ( 2, ( #3008, #5973, #3513, #3417, #5461, #944, #2913, #4461, #6509 ),
 .UNSPECIFIED., .F., .F. ) 
 B_SPLINE_CURVE_WITH_KNOTS ( ( 3, 2, 2, 2, 3 ),
 ( 0.6999138940378316631, 0.6999171273485386147, 0.7290803409880600716, 0.7582435546275814175, 0.7874067683771961423 ),
 .UNSPECIFIED. ) 
 CURVE ( )  GEOMETRIC_REPRESENTATION_ITEM ( )  RATIONAL_B_SPLINE_CURVE ( ( 0.9999702959025613680, 0.9999851463044590050, 1.000000000000000000, 0.8660254037844387076, 1.000000000000000000, 0.8660254037844387076, 1.000000000000000000, 0.8660254037844387076, 1.000000000000000000 ) ) 
 REPRESENTATION_ITEM ( '' )  );
#2285 = VECTOR ( 'NONE', #3990, 1000.000000000000000 ) ;
#2286 = AXIS2_PLACEMENT_3D ( 'NONE', #6268, #2611, #3720 ) ;
#2287 = ORIENTED_EDGE ( 'NONE', *, *, #1834, .T. ) ;
#2288 = FACE_OUTER_BOUND ( 'NONE', #5669, .T. ) ;
#2289 = CARTESIAN_POINT ( 'NONE',  ( 50.00000000000000711, -12.62339575096071442, 7.592316392193557029 ) ) ;
#2290 = CARTESIAN_POINT ( 'NONE',  ( 51.05937500047794941, 13.02704037590958031, 8.000000000000000000 ) ) ;
#2291 = CARTESIAN_POINT ( 'NONE',  ( -49.84735391946531280, 11.13285202671165663, 8.197897303501665789 ) ) ;
#2292 = CARTESIAN_POINT ( 'NONE',  ( -50.71666666666666856, 11.39378221735091223, 8.349999999999999645 ) ) ;
#2293 = EDGE_LOOP ( 'NONE', ( #3372, #2067, #687, #5404 ) ) ;
#2294 = CARTESIAN_POINT ( 'NONE',  ( 49.99999999999999289, -12.35833760505790480, 8.626928253784392098 ) ) ;
#2295 = CARTESIAN_POINT ( 'NONE',  ( 50.86249917529949016, -12.00001144063100256, 7.300000000000000711 ) ) ;
#2296 = CARTESIAN_POINT ( 'NONE',  ( 51.29270833381135475, -12.51352018795476262, 7.110556943750000691 ) ) ;
#2297 = CARTESIAN_POINT ( 'NONE',  ( 50.95000000000003126, 11.99999999999956124, 8.700000000000002842 ) ) ;
#2298 = CARTESIAN_POINT ( 'NONE',  ( 51.76776041666187922, -12.60457715765625863, 7.650947215281250102 ) ) ;
#2299 = CARTESIAN_POINT ( 'NONE',  ( -49.89110302253677531, -12.86715109426178394, 8.197883627498331549 ) ) ;
#2300 = LINE ( 'NONE', #2699, #747 ) ;
#2301 = DIRECTION ( 'NONE',  ( 0.000000000000000000, 0.000000000000000000, 1.000000000000000000 ) ) ;
#2302 = CARTESIAN_POINT ( 'NONE',  ( 51.06666666666666288, 11.39378221735091223, 7.650000000000000355 ) ) ;
#2303 = CARTESIAN_POINT ( 'NONE',  ( -51.39999999999999147, 11.31626028344113344, 8.149999999999920419 ) ) ;
#2304 = CARTESIAN_POINT ( 'NONE',  ( 49.86354166714463076, -12.77028028193215370, 7.555278471875000790 ) ) ;
#2305 = LINE ( 'NONE', #2267, #1187 ) ;
#2306 = CARTESIAN_POINT ( 'NONE',  ( -51.35833333428924874, 12.40414518843276603, 7.300000000000022915 ) ) ;
#2307 = CARTESIAN_POINT ( 'NONE',  ( -51.00833333333332575, -12.60621778264908777, 7.650000000000002132 ) ) ;
#2308 = CARTESIAN_POINT ( 'NONE',  ( -51.61354166714462366, -12.77028028193215370, 8.444721528124999210 ) ) ;
#2309 = EDGE_LOOP ( 'NONE', ( #6215, #2332, #5574, #1750 ) ) ;
#2310 = VERTEX_POINT ( 'NONE', #2954 ) ;
#2311 = VECTOR ( 'NONE', #5741, 1000.000000000000000 ) ;
#2312 = CARTESIAN_POINT ( 'NONE',  ( -51.00000000000000000, 22.09831107200983880, -11.03776551424705588 ) ) ;
#2313 = CARTESIAN_POINT ( 'NONE',  ( -51.61354166714462366, 11.22971971806784808, 8.444721528124999210 ) ) ;
#2314 = CARTESIAN_POINT ( 'NONE',  ( -51.59276041666188917, -11.39542284234370761, 7.650947215281250102 ) ) ;
#2315 = CARTESIAN_POINT ( 'NONE',  ( 50.65833333428924590, 12.40414518843275538, 8.699999999999999289 ) ) ;
#2316 = CARTESIAN_POINT ( 'NONE',  ( -50.85520833381129080, -12.77028028193215370, 7.555278471875000790 ) ) ;
#2317 = CARTESIAN_POINT ( 'NONE',  ( -36.00000000000000711, 29.31595971334869688, -5.282400702455982255 ) ) ;
#2318 = CARTESIAN_POINT ( 'NONE',  ( -50.34479166714463361, 12.51352018795478216, 8.889443056249971775 ) ) ;
#2319 = CIRCLE ( 'NONE', #4679, 6.999999999999999112 ) ;
#2320 = VERTEX_POINT ( 'NONE', #5916 ) ;
#2321 = ADVANCED_FACE ( 'NONE', ( #5470 ), #2854, .T. ) ;
#2322 = VECTOR ( 'NONE', #6486, 1000.000000000000000 ) ;
#2323 = ORIENTED_EDGE ( 'NONE', *, *, #3207, .F. ) ;
#2324 =( LENGTH_UNIT ( ) NAMED_UNIT ( * ) SI_UNIT ( .MILLI., .METRE. ) );
#2325 = AXIS2_PLACEMENT_3D ( 'NONE', #2218, #4281, #6327 ) ;
#2326 = EDGE_CURVE ( 'NONE', #6455, #6585, #1599, .T. ) ;
#2327 = DIRECTION ( 'NONE',  ( -1.000000000000000000, -2.775557561562891844E-16, 0.000000000000000000 ) ) ;
#2328 = CARTESIAN_POINT ( 'NONE',  ( 49.86354166714463076, 11.22971971806784808, 7.555278471875000790 ) ) ;
#2329 = CARTESIAN_POINT ( 'NONE',  ( -50.74583333428924448, 11.39378221735091223, 7.650000000000001243 ) ) ;
#2330 = CARTESIAN_POINT ( 'NONE',  ( -51.48229166714462224, 12.77028028193218745, 7.555278471875000790 ) ) ;
#2331 =( BOUNDED_CURVE ( )  B_SPLINE_CURVE ( 3, ( #3930, #3897, #3419, #5394 ),
 .UNSPECIFIED., .F., .F. ) 
 B_SPLINE_CURVE_WITH_KNOTS ( ( 4, 4 ),
 ( 3.141592653589792228, 4.712388980384688786 ),
 .UNSPECIFIED. ) 
 CURVE ( )  GEOMETRIC_REPRESENTATION_ITEM ( )  RATIONAL_B_SPLINE_CURVE ( ( 1.000000000000000000, 0.8047378541243649375, 0.8047378541243649375, 1.000000000000000000 ) ) 
 REPRESENTATION_ITEM ( '' )  );
#2332 = ORIENTED_EDGE ( 'NONE', *, *, #1200, .F. ) ;
#2333 = CARTESIAN_POINT ( 'NONE',  ( -50.16250000095591588, 12.00000000000001776, 8.699999999999999289 ) ) ;
#2334 = CARTESIAN_POINT ( 'NONE',  ( 50.35937500047801763, -10.97295962409042147, 8.000000000000000000 ) ) ;
#2335 = CARTESIAN_POINT ( 'NONE',  ( 50.30833333333333712, 11.39378221735091579, 8.349999999999999645 ) ) ;
#2336 = CARTESIAN_POINT ( 'NONE',  ( 50.16359374999522203, -11.19389712312494822, 8.000000000000000000 ) ) ;
#2337 = CARTESIAN_POINT ( 'NONE',  ( -50.46145833381128654, -11.48647981204520363, 7.110556943749999803 ) ) ;
#2338 = DIRECTION ( 'NONE',  ( -1.000000000000000000, 0.000000000000000000, 1.788933584601080738E-15 ) ) ;
#2339 = CARTESIAN_POINT ( 'NONE',  ( 50.46145833381130075, -11.48647981204522139, 8.889443056249971775 ) ) ;
#2340 = CARTESIAN_POINT ( 'NONE',  ( 49.99125214585278343, 11.29120818365091239, 7.968185583646803849 ) ) ;
#2341 = CARTESIAN_POINT ( 'NONE',  ( -50.83333333333293069, 12.60621778264971127, 8.350000000000338929 ) ) ;
#2342 = CARTESIAN_POINT ( 'NONE',  ( 49.89270833381129222, -12.51352018795476262, 7.110556943749999803 ) ) ;
#2343 = CARTESIAN_POINT ( 'NONE',  ( 3.750000000000003997, 30.00000000000001066, -1.599999999999998979 ) ) ;
#2344 = CARTESIAN_POINT ( 'NONE',  ( -51.27812500047796362, -13.02704037590951103, 8.000000000000000000 ) ) ;
#2345 = DIRECTION ( 'NONE',  ( -1.000000000000000000, -1.334402673828313339E-16, 0.000000000000000000 ) ) ;
#2346 = CARTESIAN_POINT ( 'NONE',  ( -51.55520833381128654, -12.77028028193215370, 7.555278471875000790 ) ) ;
#2347 = ORIENTED_EDGE ( 'NONE', *, *, #1411, .F. ) ;
#2348 = EDGE_CURVE ( 'NONE', #4104, #6585, #723, .T. ) ;
#2349 = ORIENTED_EDGE ( 'NONE', *, *, #2224, .T. ) ;
#2350 = VECTOR ( 'NONE', #1487, 1000.000000000000000 ) ;
#2351 = CARTESIAN_POINT ( 'NONE',  ( -51.52604166714462508, 11.48647981204523738, 7.110556943750000691 ) ) ;
#2352 = CARTESIAN_POINT ( 'NONE',  ( -50.36776041666188064, -12.60457715765625863, 8.349052784718749010 ) ) ;
#2353 = CARTESIAN_POINT ( 'NONE',  ( -49.99999999999998579, -11.48827964609387919, 8.727496549620376243 ) ) ;
#2354 = CARTESIAN_POINT ( 'NONE',  ( -50.15520833381128796, -12.77028028193215370, 7.555278471875000790 ) ) ;
#2355 = CARTESIAN_POINT ( 'NONE',  ( 52.00000000000000000, -11.99999999999998224, 7.300000000000000711 ) ) ;
#2356 = CARTESIAN_POINT ( 'NONE',  ( -51.10312500047797357, 13.02704037590955011, 8.000000000000000000 ) ) ;
#2357 = PRODUCT_DEFINITION ( 'æœ', '', #1856, #2230 ) ;
#2358 = ORIENTED_EDGE ( 'NONE', *, *, #6392, .F. ) ;
#2359 = EDGE_LOOP ( 'NONE', ( #1944, #6230, #1154, #6551 ) ) ;
#2360 = CARTESIAN_POINT ( 'NONE',  ( -49.99999999999995737, 11.50273488148417655, 7.474871890382207340 ) ) ;
#2361 = CARTESIAN_POINT ( 'NONE',  ( -50.41770833381136185, 12.51352018795479815, 7.110556943750002468 ) ) ;
#2362 = CARTESIAN_POINT ( 'NONE',  ( 50.97916666762257876, 12.60621778264912329, 8.349999999999999645 ) ) ;
#2363 = CARTESIAN_POINT ( 'NONE',  ( -51.09583333428924590, 11.39378221735091223, 7.650000000000001243 ) ) ;
#2364 = CARTESIAN_POINT ( 'NONE',  ( -51.24895833381128796, 11.22971971806784630, 7.555278471875000790 ) ) ;
#2365 = ORIENTED_EDGE ( 'NONE', *, *, #834, .T. ) ;
#2366 = CARTESIAN_POINT ( 'NONE',  ( 51.74479166714463219, 12.51352018795479815, 7.110556943749999803 ) ) ;
#2367 = CARTESIAN_POINT ( 'NONE',  ( -50.59999999999998010, 12.00000000000025757, 7.299999999999998934 ) ) ;
#2368 = DIRECTION ( 'NONE',  ( 0.000000000000000000, -1.000000000000000000, 0.000000000000000000 ) ) ;
#2369 = DIRECTION ( 'NONE',  ( -1.000000000000000000, 0.000000000000000000, 0.000000000000000000 ) ) ;
#2370 = EDGE_CURVE ( 'NONE', #5305, #5861, #2574, .T. ) ;
#2371 = LINE ( 'NONE', #5939, #3293 ) ;
#2372 = EDGE_CURVE ( 'NONE', #18, #1767, #4230, .T. ) ;
#2373 = VERTEX_POINT ( 'NONE', #586 ) ;
#2374 = CARTESIAN_POINT ( 'NONE',  ( 44.99999999999997868, 29.00000000000001421, -7.525756178294009224 ) ) ;
#2375 = CARTESIAN_POINT ( 'NONE',  ( 50.01666666666666572, 11.39378221735091223, 7.650000000000000355 ) ) ;
#2376 = DIRECTION ( 'NONE',  ( -1.000000000000000000, 0.000000000000000000, 0.000000000000000000 ) ) ;
#2377 = CARTESIAN_POINT ( 'NONE',  ( 50.21354166714462508, -12.77028028193215370, 7.555278471875000790 ) ) ;
#2378 = FACE_OUTER_BOUND ( 'NONE', #6559, .T. ) ;
#2379 = CARTESIAN_POINT ( 'NONE',  ( -50.40312500047796362, -10.97295962409045877, 8.000000000000000000 ) ) ;
#2380 = CARTESIAN_POINT ( 'NONE',  ( 51.99999999999999289, 28.00000000000001776, 1.899999999999999023 ) ) ;
#2381 = CARTESIAN_POINT ( 'NONE',  ( -50.18437500047796362, -13.02704037590954478, 8.000000000000000000 ) ) ;
#2382 = ORIENTED_EDGE ( 'NONE', *, *, #4469, .F. ) ;
#2383 = CARTESIAN_POINT ( 'NONE',  ( -50.15520833381128796, 11.22971971806784808, 7.555278471875000790 ) ) ;
#2384 = CARTESIAN_POINT ( 'NONE',  ( -50.10526041666188490, -11.59694856156246701, 8.698105569437499796 ) ) ;
#2385 = CARTESIAN_POINT ( 'NONE',  ( 50.28645833381128938, -12.51352018795476262, 7.110556943749999803 ) ) ;
#2386 = CARTESIAN_POINT ( 'NONE',  ( -50.57083333428924732, -11.39378221735087671, 8.349999999999999645 ) ) ;
#2387 = DIRECTION ( 'NONE',  ( 0.000000000000000000, -0.000000000000000000, 1.000000000000000000 ) ) ;
#2388 = CARTESIAN_POINT ( 'NONE',  ( -50.00000000000000000, 12.51172035390617232, 8.727496549620340716 ) ) ;
#2389 = ORIENTED_EDGE ( 'NONE', *, *, #349, .F. ) ;
#2390 = ORIENTED_EDGE ( 'NONE', *, *, #6641, .F. ) ;
#2391 = CARTESIAN_POINT ( 'NONE',  ( 44.99999999999999289, 30.00000000000001776, -30.00000000000000000 ) ) ;
#2392 = CARTESIAN_POINT ( 'NONE',  ( -51.05937500047802757, 13.02704037590957853, 8.000000000000000000 ) ) ;
#2393 = CARTESIAN_POINT ( 'NONE',  ( 50.35937500047795368, 13.02704037590958031, 8.000000000000000000 ) ) ;
#2395 = AXIS2_PLACEMENT_3D ( 'NONE', #4643, #1637, #3693 ) ;
#2394 = CARTESIAN_POINT ( 'NONE',  ( -50.42500000095591162, 11.19170962313454076, 8.000000000000000000 ) ) ;
#2396 = CARTESIAN_POINT ( 'NONE',  ( -50.22812500047795936, 10.97295962409045522, 8.000000000000000000 ) ) ;
#2397 = ORIENTED_EDGE ( 'NONE', *, *, #4210, .T. ) ;
#2398 = VECTOR ( 'NONE', #3351, 1000.000000000000000 ) ;
#2399 = CARTESIAN_POINT ( 'NONE',  ( 49.87046645221545305, 11.06103025344022761, 8.116774444109633890 ) ) ;
#2400 = CARTESIAN_POINT ( 'NONE',  ( -51.39999999999999147, 12.00000000000001776, 8.000000000000000000 ) ) ;
#2401 = CARTESIAN_POINT ( 'NONE',  ( -49.99999999999999289, -11.24223464956872753, 7.638442133728472250 ) ) ;
#2402 = CARTESIAN_POINT ( 'NONE',  ( -51.24276041666188064, 12.60457715765629239, 7.650947215281250102 ) ) ;
#2403 = CARTESIAN_POINT ( 'NONE',  ( -50.51249999999999574, -11.19170962313451057, 8.000000000000000000 ) ) ;
#2404 = ADVANCED_FACE ( 'NONE', ( #2038 ), #3271, .T. ) ;
#2405 = CARTESIAN_POINT ( 'NONE',  ( 51.26354166714462934, -12.77028028193215370, 7.555278471875000790 ) ) ;
#2406 = DIRECTION ( 'NONE',  ( -0.000000000000000000, -0.000000000000000000, 1.000000000000000000 ) ) ;
#2407 = CARTESIAN_POINT ( 'NONE',  ( 50.48333333333333428, 12.60621778264912329, 7.650000000000000355 ) ) ;
#2408 = CYLINDRICAL_SURFACE ( 'NONE', #6202, 1.499999999999999556 ) ;
#2409 = EDGE_CURVE ( 'NONE', #2580, #1095, #428, .T. ) ;
#2410 = EDGE_CURVE ( 'NONE', #4986, #2320, #4600, .T. ) ;
#2411 = CARTESIAN_POINT ( 'NONE',  ( 50.33750000095591304, -11.99999999999998224, 8.699999999999999289 ) ) ;
#2412 = CARTESIAN_POINT ( 'NONE',  ( -51.39999999999999147, 12.00000000000001776, 6.499999999999999112 ) ) ;
#2413 = DIRECTION ( 'NONE',  ( -1.000000000000000000, 0.000000000000000000, -0.000000000000000000 ) ) ;
#2414 = EDGE_LOOP ( 'NONE', ( #3798, #959, #1529, #5538, #3873, #4805, #336, #3724 ) ) ;
#2415 = STYLED_ITEM ( 'NONE', ( #5382 ), #3769 ) ;
#2416 = CARTESIAN_POINT ( 'NONE',  ( -51.26354166714462934, 11.22971971806784808, 8.444721528124999210 ) ) ;
#2417 = DIRECTION ( 'NONE',  ( -0.000000000000000000, -0.000000000000000000, -1.000000000000000000 ) ) ;
#2418 = CARTESIAN_POINT ( 'NONE',  ( -51.41666666762257876, -12.40414518843271985, 7.300000000000000711 ) ) ;
#2419 = CYLINDRICAL_SURFACE ( 'NONE', #1520, 1.499999999999999556 ) ;
#2420 = CARTESIAN_POINT ( 'NONE',  ( -51.56979166714462082, -12.51352018795476440, 7.110556943749999803 ) ) ;
#2421 = VERTEX_POINT ( 'NONE', #2100 ) ;
#2422 = ORIENTED_EDGE ( 'NONE', *, *, #6174, .T. ) ;
#2423 = DIRECTION ( 'NONE',  ( -0.000000000000000000, 1.000000000000000000, 0.000000000000000000 ) ) ;
#2424 = CARTESIAN_POINT ( 'NONE',  ( -50.53437500047802899, 10.97295962409045877, 8.000000000000000000 ) ) ;
#2425 = CARTESIAN_POINT ( 'NONE',  ( 51.53333333428924590, 11.59585481156727838, 7.300000000000000711 ) ) ;
#2426 =( BOUNDED_CURVE ( )  B_SPLINE_CURVE ( 2, ( #4157, #606, #544, #2671, #80, #4663, #2641 ),
 .UNSPECIFIED., .F., .F. ) 
 B_SPLINE_CURVE_WITH_KNOTS ( ( 3, 2, 2, 3 ),
 ( 0.01536941293373383227, 0.01610122203698255428, 0.01683303114023127281, 0.01756484024347999481 ),
 .UNSPECIFIED. ) 
 CURVE ( )  GEOMETRIC_REPRESENTATION_ITEM ( )  RATIONAL_B_SPLINE_CURVE ( ( 0.9999999999973119280, 0.8660254037871267796, 1.000000000000000000, 0.8660254037844387076, 1.000000000000000000, 0.8660254037844189456, 1.000000000000019762 ) ) 
 REPRESENTATION_ITEM ( '' )  );
#2427 = VECTOR ( 'NONE', #280, 1000.000000000000000 ) ;
#2428 = CARTESIAN_POINT ( 'NONE',  ( -50.25000000095591446, 12.80829037686549299, 8.000000000000000000 ) ) ;
#2429 = CARTESIAN_POINT ( 'NONE',  ( -50.25729166714462082, 11.22971971806784808, 8.444721528125000987 ) ) ;
#2430 = ORIENTED_EDGE ( 'NONE', *, *, #4469, .T. ) ;
#2431 = AXIS2_PLACEMENT_3D ( 'NONE', #206, #4317, #3670 ) ;
#2432 = CARTESIAN_POINT ( 'NONE',  ( 49.90729166714462650, 11.22971971806784808, 7.555278471875000790 ) ) ;
#2433 = LINE ( 'NONE', #939, #6163 ) ;
#2434 = CARTESIAN_POINT ( 'NONE',  ( -51.39999999999998437, -11.21898813589116095, 7.612887122927646466 ) ) ;
#2435 = DIRECTION ( 'NONE',  ( -0.000000000000000000, -0.000000000000000000, 1.000000000000000000 ) ) ;
#2436 = CARTESIAN_POINT ( 'NONE',  ( 51.39999999999999147, 12.00000000000001776, 8.000000000000000000 ) ) ;
#2437 = EDGE_LOOP ( 'NONE', ( #5670, #1185, #2078, #3807, #5049, #6428, #5343, #967 ) ) ;
#2438 = CARTESIAN_POINT ( 'NONE',  ( 51.35104166714462082, -11.48647981204520363, 7.110556943749999803 ) ) ;
#2439 = CARTESIAN_POINT ( 'NONE',  ( 51.38161271263707874, -11.71851384161456266, 7.110556943750029113 ) ) ;
#2440 = CARTESIAN_POINT ( 'NONE',  ( 50.00047802205881453, 11.31754398247546156, 7.844263735294183526 ) ) ;
#2441 = CARTESIAN_POINT ( 'NONE',  ( -50.68749999999963052, -12.80829037686622840, 8.000000000000001776 ) ) ;
#2442 = CARTESIAN_POINT ( 'NONE',  ( 50.92083333428924874, -11.39378221735087671, 7.650000000000000355 ) ) ;
#2443 = DIRECTION ( 'NONE',  ( -0.000000000000000000, 0.000000000000000000, 1.000000000000000000 ) ) ;
#2444 = CARTESIAN_POINT ( 'NONE',  ( -34.99999999999999289, 13.00000000000001599, -11.22092438160143679 ) ) ;
#2445 = EDGE_CURVE ( 'NONE', #4769, #4450, #2099, .T. ) ;
#2446 = EDGE_CURVE ( 'NONE', #2373, #1703, #1146, .T. ) ;
#2447 = ORIENTED_EDGE ( 'NONE', *, *, #5605, .F. ) ;
#2448 = CARTESIAN_POINT ( 'NONE',  ( -50.24270833381129364, 11.48647981204523738, 8.889443056249998421 ) ) ;
#2449 =( NAMED_UNIT ( * ) PLANE_ANGLE_UNIT ( ) SI_UNIT ( $, .RADIAN. ) );
#2450 = CARTESIAN_POINT ( 'NONE',  ( -50.89166666762258728, -11.59585481156724462, 8.700000000000001066 ) ) ;
#2451 = DIRECTION ( 'NONE',  ( -1.000000000000000000, 0.000000000000000000, 0.000000000000000000 ) ) ;
#2452 = AXIS2_PLACEMENT_3D ( 'NONE', #176, #4901, #4217 ) ;
#2453 = VERTEX_POINT ( 'NONE', #4697 ) ;
#2454 = EDGE_CURVE ( 'NONE', #5695, #1462, #1239, .T. ) ;
#2455 = CIRCLE ( 'NONE', #4170, 1.500000000000001332 ) ;
#2456 = VERTEX_POINT ( 'NONE', #4728 ) ;
#2457 = LINE ( 'NONE', #338, #248 ) ;
#2458 = FACE_OUTER_BOUND ( 'NONE', #1711, .T. ) ;
#2459 = CARTESIAN_POINT ( 'NONE',  ( 51.47500000095590877, 11.19170962313454076, 8.000000000000000000 ) ) ;
#2460 = CARTESIAN_POINT ( 'NONE',  ( 51.64999999999999147, -11.99999999999998224, 8.699999999999999289 ) ) ;
#2461 = CYLINDRICAL_SURFACE ( 'NONE', #573, 0.6999999999999992895 ) ;
#2462 = CARTESIAN_POINT ( 'NONE',  ( -50.92812500047795510, 10.97295962409045522, 8.000000000000000000 ) ) ;
#2463 = EDGE_LOOP ( 'NONE', ( #4325, #3010, #1301, #5806 ) ) ;
#2464 =( BOUNDED_CURVE ( )  B_SPLINE_CURVE ( 2, ( #3511, #381, #3961, #4079, #1509, #6538, #1388 ),
 .UNSPECIFIED., .F., .T. ) 
 B_SPLINE_CURVE_WITH_KNOTS ( ( 3, 2, 2, 3 ),
 ( 0.3333333333333329263, 0.3611111111111109384, 0.3888888888888890061, 0.4166666666666670182 ),
 .UNSPECIFIED. ) 
 CURVE ( )  GEOMETRIC_REPRESENTATION_ITEM ( )  RATIONAL_B_SPLINE_CURVE ( ( 1.000000000000001776, 0.8660254037844368202, 1.000000000000000000, 0.8660254037844387076, 1.000000000000000000, 0.8660254037844371533, 1.000000000000001554 ) ) 
 REPRESENTATION_ITEM ( '' )  );
#2465 = CARTESIAN_POINT ( 'NONE',  ( 50.98645833381128512, 11.48647981204523738, 7.110556943749999803 ) ) ;
#2466 = CARTESIAN_POINT ( 'NONE',  ( 51.30000000095591162, -11.19170962313450701, 8.000000000000000000 ) ) ;
#2467 = FACE_BOUND ( 'NONE', #4538, .T. ) ;
#2468 = ADVANCED_FACE ( 'NONE', ( #81 ), #3082, .F. ) ;
#2469 = PLANE ( 'NONE',  #2991 ) ;
#2470 = DIRECTION ( 'NONE',  ( -0.000000000000000000, -0.9396926207859080948, -0.3420201433256694346 ) ) ;
#2471 = ORIENTED_EDGE ( 'NONE', *, *, #4620, .T. ) ;
#2472 = CARTESIAN_POINT ( 'NONE',  ( 50.44687500047795936, -11.99999999999998224, 8.889443056250000197 ) ) ;
#2473 = CARTESIAN_POINT ( 'NONE',  ( 50.78229166714463361, -11.22971971806783742, 8.444721528124986776 ) ) ;
#2474 = CARTESIAN_POINT ( 'NONE',  ( 51.10312500047795936, 13.02704037590958031, 8.000000000000000000 ) ) ;
#2475 = CARTESIAN_POINT ( 'NONE',  ( -52.00000000000000000, 20.00000000000001776, -8.673132741738012186 ) ) ;
#2476 = CARTESIAN_POINT ( 'NONE',  ( 50.65833333428925300, -11.59585481156724462, 8.700000000000001066 ) ) ;
#2477 = DIRECTION ( 'NONE',  ( 1.000000000000000000, 0.000000000000000000, 0.000000000000000000 ) ) ;
#2478 = EDGE_LOOP ( 'NONE', ( #5837, #1410, #2970, #260 ) ) ;
#2479 = CARTESIAN_POINT ( 'NONE',  ( -50.53437500047795794, 10.97295962409045877, 8.000000000000000000 ) ) ;
#2480 = DIRECTION ( 'NONE',  ( 1.334402673828313339E-16, -1.000000000000000000, -0.000000000000000000 ) ) ;
#2481 = CARTESIAN_POINT ( 'NONE',  ( -44.99999999999995737, 28.00000000000000355, -30.00000000000000000 ) ) ;
#2482 = LINE ( 'NONE', #4598, #1398 ) ;
#2483 = ORIENTED_EDGE ( 'NONE', *, *, #1913, .F. ) ;
#2484 = VERTEX_POINT ( 'NONE', #3177 ) ;
#2485 = CARTESIAN_POINT ( 'NONE',  ( 52.00109374999521350, 12.00000000000001776, 8.698105569437499796 ) ) ;
#2486 = EDGE_CURVE ( 'NONE', #6139, #1014, #2001, .T. ) ;
#2487 = CARTESIAN_POINT ( 'NONE',  ( -50.56354166714469756, 11.22971971806784808, 8.444721528124999210 ) ) ;
#2488 = CARTESIAN_POINT ( 'NONE',  ( 50.36666666762257449, 11.59585481156727838, 8.700000000000001066 ) ) ;
#2489 = EDGE_CURVE ( 'NONE', #768, #2804, #1384, .T. ) ;
#2490 = CARTESIAN_POINT ( 'NONE',  ( 50.00157177205404935, -12.68060906675716915, 7.844685208922115294 ) ) ;
#2491 = CARTESIAN_POINT ( 'NONE',  ( -50.77499999999898961, 11.99999999998594369, 8.699999999999999289 ) ) ;
#2492 = CARTESIAN_POINT ( 'NONE',  ( -51.10312500047795936, 13.02704037590958031, 8.000000000000000000 ) ) ;
#2493 = EDGE_LOOP ( 'NONE', ( #6534, #4252, #2136, #1522, #6183, #4610, #1775, #1162 ) ) ;
#2494 = CARTESIAN_POINT ( 'NONE',  ( 51.54062500047795226, -11.99999999999998224, 8.889443056250000197 ) ) ;
#2495 = CARTESIAN_POINT ( 'NONE',  ( 50.08229166714461655, 12.77028028193218745, 8.444721528125000987 ) ) ;
#2496 = CARTESIAN_POINT ( 'NONE',  ( 51.21249334158984112, -12.00009227488303587, 7.299999999999999822 ) ) ;
#2497 = DIRECTION ( 'NONE',  ( 0.000000000000000000, 0.000000000000000000, 1.000000000000000000 ) ) ;
#2498 = CARTESIAN_POINT ( 'NONE',  ( -51.62192708332855062, 12.40305143843753477, 7.301894430562501093 ) ) ;
#2499 = CARTESIAN_POINT ( 'NONE',  ( 51.37791465619994824, 11.25811883301338412, 8.115024125600648119 ) ) ;
#2500 =( BOUNDED_CURVE ( )  B_SPLINE_CURVE ( 3, ( #683, #4369, #6417, #3870 ),
 .UNSPECIFIED., .F., .F. ) 
 B_SPLINE_CURVE_WITH_KNOTS ( ( 4, 4 ),
 ( 4.712388980384689674, 6.283185307179586232 ),
 .UNSPECIFIED. ) 
 CURVE ( )  GEOMETRIC_REPRESENTATION_ITEM ( )  RATIONAL_B_SPLINE_CURVE ( ( 1.000000000000000000, 0.8047378541243649375, 0.8047378541243649375, 1.000000000000000000 ) ) 
 REPRESENTATION_ITEM ( '' )  );
#2501 = CIRCLE ( 'NONE', #4874, 6.999999999999999112 ) ;
#2502 = CARTESIAN_POINT ( 'NONE',  ( 49.87046645221545305, -12.93896974655977061, 8.116774444109633890 ) ) ;
#2503 = CARTESIAN_POINT ( 'NONE',  ( 50.14062500047797499, -11.99999999999998224, 8.889443056249969999 ) ) ;
#2504 = CARTESIAN_POINT ( 'NONE',  ( 50.16250000000000142, 12.80829037686549299, 8.000000000000000000 ) ) ;
#2505 = DIRECTION ( 'NONE',  ( 0.000000000000000000, -1.000000000000000000, 0.000000000000000000 ) ) ;
#2506 = CARTESIAN_POINT ( 'NONE',  ( 50.60000000095591588, -11.19170962313450701, 8.000000000000000000 ) ) ;
#2507 = CARTESIAN_POINT ( 'NONE',  ( -50.00157177205403514, -12.68060906675718513, 8.155314791077813652 ) ) ;
#2508 = CARTESIAN_POINT ( 'NONE',  ( 50.92812500047796931, 10.97295962409049253, 8.000000000000000000 ) ) ;
#2509 = EDGE_LOOP ( 'NONE', ( #4133, #189, #1498, #894 ) ) ;
#2510 = CARTESIAN_POINT ( 'NONE',  ( -51.40937500047795794, 13.02704037590957853, 8.000000000000000000 ) ) ;
#2511 = CARTESIAN_POINT ( 'NONE',  ( -51.21250000095592014, -11.99999999999998224, 8.699999999999999289 ) ) ;
#2512 = CARTESIAN_POINT ( 'NONE',  ( -51.39999999999999858, -11.12211884029221132, 8.142946212756649871 ) ) ;
#2513 = ORIENTED_EDGE ( 'NONE', *, *, #3067, .T. ) ;
#2514 = CIRCLE ( 'NONE', #6267, 1.000000000000000888 ) ;
#2515 = VERTEX_POINT ( 'NONE', #2610 ) ;
#2516 = CARTESIAN_POINT ( 'NONE',  ( -51.35833333333332718, -12.60621778264909132, 7.649999999999999467 ) ) ;
#2517 = CARTESIAN_POINT ( 'NONE',  ( 49.81250000095591446, 12.00000000000001776, 7.300000000000000711 ) ) ;
#2518 = CARTESIAN_POINT ( 'NONE',  ( 51.53333333333333144, -11.39378221735087671, 7.650000000000000355 ) ) ;
#2519 = CARTESIAN_POINT ( 'NONE',  ( 44.99999999999998579, -29.99999999999998224, -30.00000000000000000 ) ) ;
#2520 = CARTESIAN_POINT ( 'NONE',  ( -50.40312500047794231, 13.02704037590958031, 8.000000000000000000 ) ) ;
#2521 = ORIENTED_EDGE ( 'NONE', *, *, #4088, .T. ) ;
#2522 = EDGE_CURVE ( 'NONE', #2320, #2776, #76, .T. ) ;
#2523 = EDGE_CURVE ( 'NONE', #5586, #5801, #6201, .T. ) ;
#2524 = EDGE_CURVE ( 'NONE', #4945, #5334, #11, .T. ) ;
#2525 = ORIENTED_EDGE ( 'NONE', *, *, #5510, .T. ) ;
#2526 = CARTESIAN_POINT ( 'NONE',  ( 51.33645833381128654, -12.51352018795476262, 7.110556943749999803 ) ) ;
#2527 = CARTESIAN_POINT ( 'NONE',  ( 50.51979166714461655, 11.48647981204523560, 8.889443056249998421 ) ) ;
#2528 = CARTESIAN_POINT ( 'NONE',  ( -3.449999999999995737, 33.00000000000000000, -0.5999999999999989786 ) ) ;
#2529 = VECTOR ( 'NONE', #3730, 1000.000000000000000 ) ;
#2530 = CARTESIAN_POINT ( 'NONE',  ( -51.39999999999997016, -11.62398591050926910, 7.280577733427660014 ) ) ;
#2531 = CARTESIAN_POINT ( 'NONE',  ( -51.41776041666188490, 11.39542284234374137, 8.349052784718749010 ) ) ;
#2532 = CARTESIAN_POINT ( 'NONE',  ( -13.64999999999999503, 33.00000000000000000, -0.9217859440278046712 ) ) ;
#2533 = CARTESIAN_POINT ( 'NONE',  ( 51.52604166714462508, -12.51352018795476440, 8.889443056249998421 ) ) ;
#2534 = CARTESIAN_POINT ( 'NONE',  ( -45.00000000000000000, -23.00000000000001776, -30.00000000000000000 ) ) ;
#2535 = CARTESIAN_POINT ( 'NONE',  ( 49.89967620678766735, 11.16267927291589501, 7.671395929040214945 ) ) ;
#2536 = CARTESIAN_POINT ( 'NONE',  ( 36.00000000000002132, 14.00000000000001954, -20.00000000000000711 ) ) ;
#2537 = CARTESIAN_POINT ( 'NONE',  ( 50.36666666762257449, -12.40414518843271985, 8.700000000000001066 ) ) ;
#2538 = CARTESIAN_POINT ( 'NONE',  ( -52.00000000000000000, -11.99999999999998224, 7.300000000000000711 ) ) ;
#2539 =( BOUNDED_CURVE ( )  B_SPLINE_CURVE ( 2, ( #3843, #3228, #4813, #2829, #196, #159, #6426, #3339, #5378 ),
 .UNSPECIFIED., .F., .F. ) 
 B_SPLINE_CURVE_WITH_KNOTS ( ( 3, 2, 2, 2, 3 ),
 ( 0.6999138940381590679, 0.6999171273485450540, 0.7290803409880669550, 0.7582435546275887450, 0.7874067683772036919 ),
 .UNSPECIFIED. ) 
 CURVE ( )  GEOMETRIC_REPRESENTATION_ITEM ( )  RATIONAL_B_SPLINE_CURVE ( ( 0.9999702959055090101, 0.9999851463059331591, 1.000000000000000000, 0.8660254037844387076, 1.000000000000000000, 0.8660254037844387076, 1.000000000000000000, 0.8660254037844387076, 1.000000000000000000 ) ) 
 REPRESENTATION_ITEM ( '' )  );
#2540 = ORIENTED_EDGE ( 'NONE', *, *, #1294, .F. ) ;
#2541 = CARTESIAN_POINT ( 'NONE',  ( -50.92083333333295769, -11.59585481156698705, 7.299999999999087663 ) ) ;
#2542 = SHAPE_DEFINITION_REPRESENTATION ( #1290, #1889 ) ;
#2543 = FACE_OUTER_BOUND ( 'NONE', #3341, .T. ) ;
#2544 = CARTESIAN_POINT ( 'NONE',  ( -50.68020833381134338, -11.22971971806781255, 8.444721528124999210 ) ) ;
#2545 = CARTESIAN_POINT ( 'NONE',  ( 51.18333333333332291, -11.39378221735087138, 7.649999999999997691 ) ) ;
#2546 = ORIENTED_EDGE ( 'NONE', *, *, #98, .F. ) ;
#2547 = ORIENTED_EDGE ( 'NONE', *, *, #6296, .T. ) ;
#2548 = DIRECTION ( 'NONE',  ( 0.000000000000000000, 0.000000000000000000, 1.000000000000000000 ) ) ;
#2549 = CARTESIAN_POINT ( 'NONE',  ( 51.35560950272231651, 12.40142135686582314, 8.695282185334807679 ) ) ;
#2550 = PRODUCT_RELATED_PRODUCT_CATEGORY ( 'part', '', ( #6400 ) ) ;
#2551 = CARTESIAN_POINT ( 'NONE',  ( 50.34479166714463361, 12.51352018795477861, 7.110556943750031778 ) ) ;
#2552 = CARTESIAN_POINT ( 'NONE',  ( 51.82499999999999574, -11.99999999999998224, 7.300000000000000711 ) ) ;
#2553 = CARTESIAN_POINT ( 'NONE',  ( -50.07500000095591730, 11.19170962313454076, 8.000000000000000000 ) ) ;
#2554 = CARTESIAN_POINT ( 'NONE',  ( 51.20520833381136327, 11.22971971806784630, 8.444721528124999210 ) ) ;
#2555 = EDGE_LOOP ( 'NONE', ( #4913, #3327 ) ) ;
#2556 = CARTESIAN_POINT ( 'NONE',  ( 50.28645833381128938, -12.51352018795476262, 7.110556943749999803 ) ) ;
#2557 = CARTESIAN_POINT ( 'NONE',  ( 44.99999999999999289, 30.00000000000001776, 10.00000000000000000 ) ) ;
#2558 = CARTESIAN_POINT ( 'NONE',  ( 50.68750132532770181, 11.99998165185912846, 8.699999999759532088 ) ) ;
#2559 = DIRECTION ( 'NONE',  ( 0.000000000000000000, -0.000000000000000000, 1.000000000000000000 ) ) ;
#2560 = AXIS2_PLACEMENT_3D ( 'NONE', #323, #5978, #4465 ) ;
#2561 = FACE_OUTER_BOUND ( 'NONE', #5882, .T. ) ;
#2562 = CARTESIAN_POINT ( 'NONE',  ( -50.71776041666188917, 11.39542284234374137, 8.349052784718749010 ) ) ;
#2563 = CARTESIAN_POINT ( 'NONE',  ( -34.99999999999999289, 13.00000000000001599, -13.34927992655326001 ) ) ;
#2564 = CARTESIAN_POINT ( 'NONE',  ( -50.19166666762258444, -11.59585481156724462, 8.699999999999999289 ) ) ;
#2565 = CARTESIAN_POINT ( 'NONE',  ( 50.16250000101766915, -12.00000000266068412, 7.300000000000000711 ) ) ;
#2566 = CARTESIAN_POINT ( 'NONE',  ( 49.93645833381128085, 11.48647981204523738, 7.110556943749999803 ) ) ;
#2567 = DIRECTION ( 'NONE',  ( 0.000000000000000000, 0.000000000000000000, -1.000000000000000000 ) ) ;
#2568 = ADVANCED_FACE ( 'NONE', ( #5631 ), #3752, .F. ) ;
#2569 = CARTESIAN_POINT ( 'NONE',  ( 50.83060950253897659, -12.40142135668244094, 7.304717814982755186 ) ) ;
#2570 = CARTESIAN_POINT ( 'NONE',  ( -50.42609374999521776, -11.99999999999998224, 8.698105569437499796 ) ) ;
#2571 = ADVANCED_FACE ( 'NONE', ( #1147 ), #5292, .F. ) ;
#2572 = EDGE_LOOP ( 'NONE', ( #2647, #3624, #1939, #961 ) ) ;
#2573 = LINE ( 'NONE', #3081, #4547 ) ;
#2574 =( BOUNDED_CURVE ( )  B_SPLINE_CURVE ( 2, ( #4606, #1603, #2108, #6652, #1668, #1634, #4196 ),
 .UNSPECIFIED., .F., .F. ) 
 B_SPLINE_CURVE_WITH_KNOTS ( ( 3, 2, 2, 3 ),
 ( 0.01097805995819175519, 0.01171001581961503800, 0.01244197168103832081, 0.01317392754246160536 ),
 .UNSPECIFIED. ) 
 CURVE ( )  GEOMETRIC_REPRESENTATION_ITEM ( )  RATIONAL_B_SPLINE_CURVE ( ( 1.000000000000137002, 0.8660254037843015951, 1.000000000000000000, 0.8660254037844387076, 1.000000000000000000, 0.8660254037845109831, 0.9999999999999277245 ) ) 
 REPRESENTATION_ITEM ( '' )  );
#2575 = AXIS2_PLACEMENT_3D ( 'NONE', #4477, #2003, #6049 ) ;
#2576 = CARTESIAN_POINT ( 'NONE',  ( -14.64999999999999680, 28.00000000000001066, 0.2782140559721966722 ) ) ;
#2577 = CARTESIAN_POINT ( 'NONE',  ( -50.33750000095591304, -11.99999999999998224, 7.300000000000000711 ) ) ;
#2578 = CARTESIAN_POINT ( 'NONE',  ( -51.03020833381134480, -11.22971971806781255, 8.444721528124999210 ) ) ;
#2579 = CARTESIAN_POINT ( 'NONE',  ( -50.63645833381128369, -12.51352018795476262, 8.889443056249998421 ) ) ;
#2580 = VERTEX_POINT ( 'NONE', #681 ) ;
#2581 = VERTEX_POINT ( 'NONE', #1660 ) ;
#2582 = CARTESIAN_POINT ( 'NONE',  ( -50.33750000095591304, -11.99999999999998224, 7.300000000000000711 ) ) ;
#2583 = CARTESIAN_POINT ( 'NONE',  ( 50.45416666762258728, 11.39378221735091223, 7.650000000000000355 ) ) ;
#2584 = CARTESIAN_POINT ( 'NONE',  ( -51.27812500047794941, 10.97295962409045522, 8.000000000000000000 ) ) ;
#2585 = CARTESIAN_POINT ( 'NONE',  ( 50.42499999999999716, -11.99999999999998224, 7.300000000000000711 ) ) ;
#2586 = CYLINDRICAL_SURFACE ( 'NONE', #275, 1.000000000000000888 ) ;
#2587 = CARTESIAN_POINT ( 'NONE',  ( 36.00000000000001421, 19.00000000000001776, -11.16545852095604019 ) ) ;
#2588 = ORIENTED_EDGE ( 'NONE', *, *, #666, .T. ) ;
#2589 = VERTEX_POINT ( 'NONE', #4872 ) ;
#2590 = CARTESIAN_POINT ( 'NONE',  ( 49.96562500047794941, -11.99999999999998224, 7.110556943750000691 ) ) ;
#2591 = CARTESIAN_POINT ( 'NONE',  ( 50.88437500047795936, 10.97295962409045522, 8.000000000000000000 ) ) ;
#2592 = CARTESIAN_POINT ( 'NONE',  ( 36.38000000000000256, -19.99999999999998224, -23.23194211238614315 ) ) ;
#2593 = CARTESIAN_POINT ( 'NONE',  ( -45.00000000000000000, 23.00000000000001421, -30.00000000000000000 ) ) ;
#2594 = CARTESIAN_POINT ( 'NONE',  ( -51.73020833381129080, 12.77028028193218745, 8.444721528124999210 ) ) ;
#2595 = CARTESIAN_POINT ( 'NONE',  ( -51.21249999999999858, 12.80829037686549299, 8.000000000000000000 ) ) ;
#2596 = DIRECTION ( 'NONE',  ( -1.000000000000000000, 0.000000000000000000, 0.000000000000000000 ) ) ;
#2597 = VECTOR ( 'NONE', #1768, 1000.000000000000000 ) ;
#2598 = CARTESIAN_POINT ( 'NONE',  ( 49.89270833381129222, -12.51352018795476262, 7.110556943749999803 ) ) ;
#2599 = CARTESIAN_POINT ( 'NONE',  ( 52.00000000000000000, -11.99999999999998224, 8.000000000000000000 ) ) ;
#2600 = DIRECTION ( 'NONE',  ( 0.000000000000000000, 0.000000000000000000, 1.000000000000000000 ) ) ;
#2601 = CARTESIAN_POINT ( 'NONE',  ( -35.99999999999999289, 19.58578643762691840, -10.95224969402300985 ) ) ;
#2602 = CARTESIAN_POINT ( 'NONE',  ( 50.18894283587230376, -11.59857864331752353, 7.304717814982755186 ) ) ;
#2603 = CARTESIAN_POINT ( 'NONE',  ( -50.92812500047795510, -13.02704037590954478, 8.000000000000000000 ) ) ;
#2604 = VECTOR ( 'NONE', #5988, 1000.000000000000114 ) ;
#2605 = EDGE_CURVE ( 'NONE', #4014, #3466, #2305, .T. ) ;
#2606 = AXIS2_PLACEMENT_3D ( 'NONE', #5449, #4987, #6431 ) ;
#2607 = EDGE_CURVE ( 'NONE', #1824, #2955, #218, .T. ) ;
#2608 = ORIENTED_EDGE ( 'NONE', *, *, #3418, .T. ) ;
#2609 = CARTESIAN_POINT ( 'NONE',  ( 50.45526041666188632, 12.40305143843753477, 7.301894430562501093 ) ) ;
#2610 = CARTESIAN_POINT ( 'NONE',  ( -49.99999999999998579, 23.00000000000000711, -7.581222038939411156 ) ) ;
#2611 = DIRECTION ( 'NONE',  ( -1.000000000000000000, -0.000000000000000000, -0.000000000000000000 ) ) ;
#2612 = CARTESIAN_POINT ( 'NONE',  ( -4.449999999999995737, 33.00000000000000000, 0.9000000000000005773 ) ) ;
#2613 = CARTESIAN_POINT ( 'NONE',  ( -51.27812500047794941, -13.02704037590954478, 8.000000000000000000 ) ) ;
#2614 = ORIENTED_EDGE ( 'NONE', *, *, #4140, .T. ) ;
#2615 = ORIENTED_EDGE ( 'NONE', *, *, #5488, .F. ) ;
#2616 = CARTESIAN_POINT ( 'NONE',  ( 51.38477616938897796, 12.00000000000001776, 8.695282185334809455 ) ) ;
#2617 = CARTESIAN_POINT ( 'NONE',  ( -51.83229166714461655, 12.77028028193218745, 7.555278471875000790 ) ) ;
#2618 = CARTESIAN_POINT ( 'NONE',  ( 50.00047802205881453, -12.68245601752454021, 7.844263735294187079 ) ) ;
#2619 = CARTESIAN_POINT ( 'NONE',  ( -50.62916666666625787, 11.59585481156693199, 7.299999999999275069 ) ) ;
#2620 = LINE ( 'NONE', #1503, #5940 ) ;
#2621 = ORIENTED_EDGE ( 'NONE', *, *, #3984, .F. ) ;
#2622 = CARTESIAN_POINT ( 'NONE',  ( 51.45312500047795368, -10.97295962409042147, 8.000000000000000000 ) ) ;
#2623 = CARTESIAN_POINT ( 'NONE',  ( 50.18437500047796362, 10.97295962409045522, 8.000000000000000000 ) ) ;
#2624 = DIRECTION ( 'NONE',  ( -1.000000000000000000, -1.334402673828313339E-16, 0.000000000000000000 ) ) ;
#2625 = CARTESIAN_POINT ( 'NONE',  ( 44.99999999999999289, 23.00000000000001776, -30.00000000000000000 ) ) ;
#2626 = AXIS2_PLACEMENT_3D ( 'NONE', #2658, #4050, #5680 ) ;
#2627 = CARTESIAN_POINT ( 'NONE',  ( -50.97187500047795794, 12.00000000000001776, 8.889443056249998421 ) ) ;
#2628 = CARTESIAN_POINT ( 'NONE',  ( -50.33859374999522629, 11.19389712312498020, 8.000000000000000000 ) ) ;
#2629 = CYLINDRICAL_SURFACE ( 'NONE', #525, 0.6999999999999992895 ) ;
#2630 = B_SPLINE_CURVE_WITH_KNOTS ( 'NONE', 3,
 ( #6261, #4759, #1840, #2979, #5941, #4433 ),
 .UNSPECIFIED., .F., .F.,
 ( 4, 2, 4 ),
 ( 0.2149376083729236386, 0.3358911488847642346, 0.4568446893966048306 ),
 .UNSPECIFIED. ) ;
#2631 = AXIS2_PLACEMENT_3D ( 'NONE', #995, #6532, #1442 ) ;
#2632 = FACE_BOUND ( 'NONE', #5960, .T. ) ;
#2633 = CARTESIAN_POINT ( 'NONE',  ( 49.87046377013432163, 11.06103469302321507, 8.116815339397543738 ) ) ;
#2634 = CARTESIAN_POINT ( 'NONE',  ( 50.94727616920562951, -11.19715728663506837, 8.000000000000000000 ) ) ;
#2635 = CARTESIAN_POINT ( 'NONE',  ( -50.51249999999999574, -11.19170962313450701, 8.000000000000000000 ) ) ;
#2636 = AXIS2_PLACEMENT_3D ( 'NONE', #201, #2687, #127 ) ;
#2637 = AXIS2_PLACEMENT_3D ( 'NONE', #2612, #2064, #4125 ) ;
#2638 = VECTOR ( 'NONE', #6096, 1000.000000000000000 ) ;
#2639 = VERTEX_POINT ( 'NONE', #2852 ) ;
#2640 = CARTESIAN_POINT ( 'NONE',  ( 51.44692708332855346, 11.59694856156249898, 7.301894430562501093 ) ) ;
#2641 = CARTESIAN_POINT ( 'NONE',  ( 50.59999999999998721, 12.00000000000025224, 8.699999999999995737 ) ) ;
#2642 = CARTESIAN_POINT ( 'NONE',  ( 51.35833333428924874, 12.40414518843275538, 8.699999999999999289 ) ) ;
#2643 = CARTESIAN_POINT ( 'NONE',  ( -51.39999999999999147, -11.29411280285154540, 8.590919784008729465 ) ) ;
#2644 = CARTESIAN_POINT ( 'NONE',  ( -50.88437500047801620, -13.02704037590954478, 8.000000000000000000 ) ) ;
#2645 = CARTESIAN_POINT ( 'NONE',  ( -50.02395833381128654, -11.22971971806781255, 8.444721528124999210 ) ) ;
#2646 = EDGE_CURVE ( 'NONE', #2453, #1497, #3450, .T. ) ;
#2647 = ORIENTED_EDGE ( 'NONE', *, *, #2870, .T. ) ;
#2648 = CARTESIAN_POINT ( 'NONE',  ( 49.98477616938897938, 12.00000000000001776, 8.695282185334809455 ) ) ;
#2649 = CARTESIAN_POINT ( 'NONE',  ( -51.71562500047794941, 12.00000000000001776, 8.889443056250000197 ) ) ;
#2650 = CARTESIAN_POINT ( 'NONE',  ( 51.27812500047794941, -13.02704037590954478, 8.000000000000000000 ) ) ;
#2651 = CARTESIAN_POINT ( 'NONE',  ( -34.99999999999999289, 19.00000000000001776, -20.00000000000000711 ) ) ;
#2652 = LINE ( 'NONE', #4199, #77 ) ;
#2653 = EDGE_CURVE ( 'NONE', #4912, #3035, #5399, .T. ) ;
#2654 = ORIENTED_EDGE ( 'NONE', *, *, #912, .T. ) ;
#2655 = CARTESIAN_POINT ( 'NONE',  ( -50.01281538259581794, -11.32781338211152011, 8.614624738149231575 ) ) ;
#2656 = CARTESIAN_POINT ( 'NONE',  ( 50.00937500047795226, 13.02704037590958031, 8.000000000000000000 ) ) ;
#2657 = ORIENTED_EDGE ( 'NONE', *, *, #4510, .F. ) ;
#2658 = CARTESIAN_POINT ( 'NONE',  ( 52.00000000000000000, -11.99999999999998224, 8.000000000000000000 ) ) ;
#2659 = CARTESIAN_POINT ( 'NONE',  ( 50.00000000000000711, -11.32761505564249305, 8.479077860818653889 ) ) ;
#2660 = CARTESIAN_POINT ( 'NONE',  ( -51.35104166714462082, 12.51352018795479815, 8.889443056249998421 ) ) ;
#2661 = CARTESIAN_POINT ( 'NONE',  ( -50.45526041666188632, 12.40305143843753477, 8.698105569437499796 ) ) ;
#2662 = CARTESIAN_POINT ( 'NONE',  ( -50.27916666762258302, -11.39378221735087671, 7.650000000000000355 ) ) ;
#2663 = VECTOR ( 'NONE', #3548, 1000.000000000000000 ) ;
#2664 = CARTESIAN_POINT ( 'NONE',  ( 51.03749912693133695, -11.99998789058271598, 8.699999999895258185 ) ) ;
#2665 = CARTESIAN_POINT ( 'NONE',  ( 44.99999999999997868, 29.00000000000001421, -7.525756178294009224 ) ) ;
#2666 = CARTESIAN_POINT ( 'NONE',  ( 50.77500000095591304, -12.80829037686545746, 8.000000000000000000 ) ) ;
#2667 = CARTESIAN_POINT ( 'NONE',  ( 50.88894283587230660, -11.59857864331752353, 7.304717814982755186 ) ) ;
#2668 = CARTESIAN_POINT ( 'NONE',  ( -51.42395833381129222, -11.22971971806781255, 8.444721528124999210 ) ) ;
#2669 = CARTESIAN_POINT ( 'NONE',  ( -45.00000000000000000, -29.00000000000001421, -28.63602976573380943 ) ) ;
#2670 = CARTESIAN_POINT ( 'NONE',  ( 50.98026041666189201, 11.59694856156249898, 8.698105569437499796 ) ) ;
#2671 = CARTESIAN_POINT ( 'NONE',  ( 50.68749999999961631, 11.19170962313377693, 8.000000000000000000 ) ) ;
#2672 = DIRECTION ( 'NONE',  ( 0.000000000000000000, -1.000000000000000000, 0.000000000000000000 ) ) ;
#2673 = CARTESIAN_POINT ( 'NONE',  ( -51.39999999999999147, 11.83779489577617916, 7.319052495295172100 ) ) ;
#2674 = CARTESIAN_POINT ( 'NONE',  ( -50.22812500047795936, -13.02704037590954478, 8.000000000000000000 ) ) ;
#2675 = ORIENTED_EDGE ( 'NONE', *, *, #5048, .F. ) ;
#2676 = ORIENTED_EDGE ( 'NONE', *, *, #6063, .T. ) ;
#2677 = CARTESIAN_POINT ( 'NONE',  ( 50.94727616938897086, 12.80284271373162497, 8.000000000000000000 ) ) ;
#2678 = CARTESIAN_POINT ( 'NONE',  ( -51.62812500047795083, 10.97295962409045522, 8.000000000000000000 ) ) ;
#2679 = CARTESIAN_POINT ( 'NONE',  ( -33.19999999999999574, 5.000000000000018652, -14.13268625573106441 ) ) ;
#2680 = CARTESIAN_POINT ( 'NONE',  ( 50.89895833381128654, -12.77028028193215548, 8.444721528124999210 ) ) ;
#2681 = DIRECTION ( 'NONE',  ( -0.000000000000000000, -0.000000000000000000, 1.000000000000000000 ) ) ;
#2682 = CARTESIAN_POINT ( 'NONE',  ( 51.03020833381135901, 12.77028028193218745, 7.555278471875000790 ) ) ;
#2683 = EDGE_LOOP ( 'NONE', ( #2447, #6238, #2471, #6014 ) ) ;
#2684 = EDGE_CURVE ( 'NONE', #5554, #5586, #902, .T. ) ;
#2685 = VERTEX_POINT ( 'NONE', #3214 ) ;
#2686 = CARTESIAN_POINT ( 'NONE',  ( 51.99999999999999289, -29.99999999999998224, 10.00000000000000000 ) ) ;
#2687 = DIRECTION ( 'NONE',  ( 1.334402673828313339E-16, -1.000000000000000000, 0.000000000000000000 ) ) ;
#2688 = EDGE_CURVE ( 'NONE', #5070, #2004, #3250, .T. ) ;
#2689 = CARTESIAN_POINT ( 'NONE',  ( 49.99999999999997868, 12.27940544465332096, 7.145486260742723417 ) ) ;
#2690 = CARTESIAN_POINT ( 'NONE',  ( 49.99999999999998579, -11.12211884029219711, 7.857053787243417631 ) ) ;
#2691 = CARTESIAN_POINT ( 'NONE',  ( -50.35937500047795368, 13.02704037590957853, 8.000000000000000000 ) ) ;
#2692 = CARTESIAN_POINT ( 'NONE',  ( -51.27083333333332860, 12.40414518843275538, 7.300000000000000711 ) ) ;
#2693 = CARTESIAN_POINT ( 'NONE',  ( 51.38750463519292566, -12.00006421089980613, 8.699999997054970180 ) ) ;
#2694 = PLANE ( 'NONE',  #1458 ) ;
#2695 = CARTESIAN_POINT ( 'NONE',  ( 50.41770833381135475, -11.48647981204520363, 8.889443056250000197 ) ) ;
#2696 = CARTESIAN_POINT ( 'NONE',  ( 51.39999999999999147, -11.21929260627187830, 8.387521253950176003 ) ) ;
#2697 = CARTESIAN_POINT ( 'NONE',  ( 49.74382778293394125, -12.65453509013899236, 7.743123661422951720 ) ) ;
#2698 = CARTESIAN_POINT ( 'NONE',  ( -50.39583333333333570, -12.40414518843271985, 8.700000000000001066 ) ) ;
#2699 = CARTESIAN_POINT ( 'NONE',  ( 52.00000000000000000, -11.99999999999998224, 7.300000000000000711 ) ) ;
#2700 = EDGE_CURVE ( 'NONE', #2762, #1163, #3868, .T. ) ;
#2701 = FACE_OUTER_BOUND ( 'NONE', #6207, .T. ) ;
#2702 = CARTESIAN_POINT ( 'NONE',  ( 50.80416666666666714, 12.40414518843275538, 7.300000000000000711 ) ) ;
#2703 = CARTESIAN_POINT ( 'NONE',  ( 44.99999999999999289, -22.99999999999998224, -30.00000000000000000 ) ) ;
#2704 = CARTESIAN_POINT ( 'NONE',  ( 51.05937500047794941, -10.97295962409042147, 8.000000000000000000 ) ) ;
#2705 = AXIS2_PLACEMENT_3D ( 'NONE', #3527, #2387, #3947 ) ;
#2706 = CARTESIAN_POINT ( 'NONE',  ( -49.99999999999997158, -12.68314042325504509, 8.152981239729077956 ) ) ;
#2707 = LINE ( 'NONE', #2196, #4130 ) ;
#2708 = CARTESIAN_POINT ( 'NONE',  ( -50.57812500047795368, -13.02704037590954478, 8.000000000000000000 ) ) ;
#2709 = ORIENTED_EDGE ( 'NONE', *, *, #876, .F. ) ;
#2710 = EDGE_CURVE ( 'NONE', #1260, #3442, #952, .T. ) ;
#2711 =( BOUNDED_CURVE ( )  B_SPLINE_CURVE ( 3, ( #661, #3268, #4744, #5417 ),
 .UNSPECIFIED., .F., .F. ) 
 B_SPLINE_CURVE_WITH_KNOTS ( ( 4, 4 ),
 ( 1.570796326794895004, 3.141592653589793116 ),
 .UNSPECIFIED. ) 
 CURVE ( )  GEOMETRIC_REPRESENTATION_ITEM ( )  RATIONAL_B_SPLINE_CURVE ( ( 1.000000000000000000, 0.8047378541243646044, 0.8047378541243646044, 1.000000000000000000 ) ) 
 REPRESENTATION_ITEM ( '' )  );
#2712 = ORIENTED_EDGE ( 'NONE', *, *, #2238, .T. ) ;
#2713 = ORIENTED_EDGE ( 'NONE', *, *, #5406, .F. ) ;
#2714 = CARTESIAN_POINT ( 'NONE',  ( 50.45144283605564794, 11.39786796470131236, 7.652358907332596161 ) ) ;
#2715 = CARTESIAN_POINT ( 'NONE',  ( -50.84062500047794941, 12.00000000000001776, 7.110556943750000691 ) ) ;
#2716 = CARTESIAN_POINT ( 'NONE',  ( -51.85526041666189201, -11.59694856156246701, 8.698105569437499796 ) ) ;
#2717 = CARTESIAN_POINT ( 'NONE',  ( 50.51979166714461655, -12.51352018795476440, 8.889443056249998421 ) ) ;
#2718 = CARTESIAN_POINT ( 'NONE',  ( -51.55520833381128654, -12.77028028193215370, 7.555278471875000790 ) ) ;
#2719 = CARTESIAN_POINT ( 'NONE',  ( -14.64999999999999680, 30.00000000000000711, 1.278214055972197061 ) ) ;
#2720 = ORIENTED_EDGE ( 'NONE', *, *, #1947, .F. ) ;
#2721 = EDGE_LOOP ( 'NONE', ( #953, #4661, #5933, #4299 ) ) ;
#2722 = DIRECTION ( 'NONE',  ( 0.000000000000000000, 0.000000000000000000, 1.000000000000000000 ) ) ;
#2723 = DIRECTION ( 'NONE',  ( 0.000000000000000000, -1.000000000000000000, 0.000000000000000000 ) ) ;
#2724 = CARTESIAN_POINT ( 'NONE',  ( 51.39999999999999147, -12.00815067340503184, 9.526943859230120992 ) ) ;
#2725 = CARTESIAN_POINT ( 'NONE',  ( -50.38854166714462934, 12.77028028193218745, 7.555278471875000790 ) ) ;
#2726 = CARTESIAN_POINT ( 'NONE',  ( -50.68750000000000000, 11.19170962313454076, 8.000000000000000000 ) ) ;
#2727 = EDGE_CURVE ( 'NONE', #92, #3489, #3328, .T. ) ;
#2728 = EDGE_CURVE ( 'NONE', #4930, #3583, #3685, .T. ) ;
#2729 = EDGE_CURVE ( 'NONE', #1573, #3160, #4131, .T. ) ;
#2730 = CARTESIAN_POINT ( 'NONE',  ( 49.99999999999998579, -12.69163470910847380, 8.207572406037520807 ) ) ;
#2731 = PRESENTATION_LAYER_ASSIGNMENT (  '', '', ( #2415 ) ) ;
#2732 = CARTESIAN_POINT ( 'NONE',  ( 51.39999999999972147, 12.87788115970646530, 7.857053787235182440 ) ) ;
#2733 = CARTESIAN_POINT ( 'NONE',  ( 50.09687500047802899, -11.99999999999998224, 8.889443056250000197 ) ) ;
#2734 = CARTESIAN_POINT ( 'NONE',  ( -34.99999999999999289, 14.00000000000001954, -20.00000000000000711 ) ) ;
#2735 = CARTESIAN_POINT ( 'NONE',  ( 50.48442708332854778, -11.39542284234370761, 7.650947215281250102 ) ) ;
#2736 = CARTESIAN_POINT ( 'NONE',  ( -50.30833333333333002, -12.60621778264908954, 7.650000000000001243 ) ) ;
#2737 = DIRECTION ( 'NONE',  ( -1.000000000000000000, 0.000000000000000000, 0.000000000000000000 ) ) ;
#2738 = EDGE_CURVE ( 'NONE', #2946, #3473, #5125, .T. ) ;
#2739 = LINE ( 'NONE', #676, #4801 ) ;
#2740 = CARTESIAN_POINT ( 'NONE',  ( 50.74583333333333712, 11.59585481156727838, 7.300000000000000711 ) ) ;
#2741 = LINE ( 'NONE', #2229, #5665 ) ;
#2742 = VECTOR ( 'NONE', #2768, 1000.000000000000000 ) ;
#2743 = CARTESIAN_POINT ( 'NONE',  ( 50.00937500047795226, -10.97295962409042147, 8.000000000000000000 ) ) ;
#2744 = ORIENTED_EDGE ( 'NONE', *, *, #2282, .T. ) ;
#2745 = CARTESIAN_POINT ( 'NONE',  ( -49.99996648687760370, -12.16179680989723977, 7.318955366875950830 ) ) ;
#2746 = CARTESIAN_POINT ( 'NONE',  ( -51.19062500047796505, -11.99999999999998224, 7.110556943750030001 ) ) ;
#2747 = CARTESIAN_POINT ( 'NONE',  ( -49.99999999999998579, -11.12211884029220776, 8.142946212756658753 ) ) ;
#2748 = CARTESIAN_POINT ( 'NONE',  ( -51.70104166714462224, -11.48647981204520363, 8.889443056249998421 ) ) ;
#2749 = VERTEX_POINT ( 'NONE', #1909 ) ;
#2750 = ORIENTED_EDGE ( 'NONE', *, *, #5275, .T. ) ;
#2751 = ORIENTED_EDGE ( 'NONE', *, *, #1336, .F. ) ;
#2752 = ADVANCED_FACE ( 'NONE', ( #2378 ), #2048, .F. ) ;
#2753 = CYLINDRICAL_SURFACE ( 'NONE', #5010, 0.6999999999999992895 ) ;
#2754 = CARTESIAN_POINT ( 'NONE',  ( -51.73020833381129080, 12.77028028193218745, 8.444721528124999210 ) ) ;
#2755 = CARTESIAN_POINT ( 'NONE',  ( -51.41776041666188490, -12.60457715765625863, 8.349052784718749010 ) ) ;
#2756 = CARTESIAN_POINT ( 'NONE',  ( 50.27916666666666856, -12.40414518843271985, 8.700000000000001066 ) ) ;
#2757 = CARTESIAN_POINT ( 'NONE',  ( -49.89270833381129222, -12.51352018795476262, 8.889443056249998421 ) ) ;
#2758 = LINE ( 'NONE', #2317, #3908 ) ;
#2759 = CARTESIAN_POINT ( 'NONE',  ( -50.46145833381130075, 12.51352018795478216, 7.110556943750029113 ) ) ;
#2760 = VERTEX_POINT ( 'NONE', #1875 ) ;
#2761 =( BOUNDED_CURVE ( )  B_SPLINE_CURVE ( 2, ( #5460, #2772, #2260, #849, #779, #1802, #4793 ),
 .UNSPECIFIED., .F., .F. ) 
 B_SPLINE_CURVE_WITH_KNOTS ( ( 3, 2, 2, 3 ),
 ( 0.1666666666666681285, 0.1944444444444450582, 0.2222222222222219601, 0.2499999999999988898 ),
 .UNSPECIFIED. ) 
 CURVE ( )  GEOMETRIC_REPRESENTATION_ITEM ( )  RATIONAL_B_SPLINE_CURVE ( ( 0.9999999999999928946, 0.8660254037844458130, 1.000000000000000000, 0.8660254037844387076, 1.000000000000000000, 0.8660254037844440367, 0.9999999999999946709 ) ) 
 REPRESENTATION_ITEM ( '' )  );
#2762 = VERTEX_POINT ( 'NONE', #2412 ) ;
#2763 = FACE_OUTER_BOUND ( 'NONE', #3833, .T. ) ;
#2764 = PLANE ( 'NONE',  #2636 ) ;
#2765 = CARTESIAN_POINT ( 'NONE',  ( 49.99999999999997868, 11.37660424903928202, 7.592316392193509067 ) ) ;
#2766 = CARTESIAN_POINT ( 'NONE',  ( -51.35833333428924874, 12.40414518843275538, 7.300000000000000711 ) ) ;
#2767 = CARTESIAN_POINT ( 'NONE',  ( -51.65729166714461940, 11.22971971806784808, 8.444721528125000987 ) ) ;
#2768 = DIRECTION ( 'NONE',  ( 0.000000000000000000, -1.000000000000000000, 0.000000000000000000 ) ) ;
#2769 = FACE_OUTER_BOUND ( 'NONE', #5762, .T. ) ;
#2770 = DIRECTION ( 'NONE',  ( 0.000000000000000000, 0.000000000000000000, 1.000000000000000000 ) ) ;
#2771 = CARTESIAN_POINT ( 'NONE',  ( 51.12609374999521350, -11.99999999999998224, 7.301894430562501093 ) ) ;
#2772 = CARTESIAN_POINT ( 'NONE',  ( -51.35833333428924874, -11.59585481156723041, 7.300000000000022915 ) ) ;
#2773 = CARTESIAN_POINT ( 'NONE',  ( 51.39999999999971436, 12.89103701253372236, 8.121209919000309085 ) ) ;
#2774 = VECTOR ( 'NONE', #5911, 1000.000000000000000 ) ;
#2775 = ADVANCED_FACE ( 'NONE', ( #2561 ), #6663, .F. ) ;
#2776 = VERTEX_POINT ( 'NONE', #6042 ) ;
#2777 = CARTESIAN_POINT ( 'NONE',  ( 50.13442708332854636, 12.60457715765629239, 7.650947215281250102 ) ) ;
#2778 = CARTESIAN_POINT ( 'NONE',  ( 51.03749912693132984, 12.00001210941747232, 8.699999999895256408 ) ) ;
#2779 = ADVANCED_FACE ( 'NONE', ( #1547 ), #359, .T. ) ;
#2780 = CARTESIAN_POINT ( 'NONE',  ( 50.47604166714462792, -12.51352018795476440, 8.889443056249998421 ) ) ;
#2781 = CARTESIAN_POINT ( 'NONE',  ( -51.00000000000000000, 26.51471862576144289, -8.430324622293055015 ) ) ;
#2782 = CARTESIAN_POINT ( 'NONE',  ( -50.74583333428924448, -12.60621778264908954, 7.650000000000001243 ) ) ;
#2783 = CARTESIAN_POINT ( 'NONE',  ( 50.62916666666625787, -12.40414518843306801, 8.700000000000727596 ) ) ;
#2784 = CARTESIAN_POINT ( 'NONE',  ( -50.38854166714462934, -11.22971971806781255, 7.555278471875000790 ) ) ;
#2785 = VERTEX_POINT ( 'NONE', #1937 ) ;
#2786 = ORIENTED_EDGE ( 'NONE', *, *, #4255, .F. ) ;
#2787 = ORIENTED_EDGE ( 'NONE', *, *, #2370, .T. ) ;
#2788 = CARTESIAN_POINT ( 'NONE',  ( 50.48060950272232361, 11.59857864313421416, 7.304717814665191433 ) ) ;
#2789 = CARTESIAN_POINT ( 'NONE',  ( -50.81145833381128796, 12.51352018795479815, 7.110556943749999803 ) ) ;
#2790 = CARTESIAN_POINT ( 'NONE',  ( -50.54276041666188490, -11.39542284234370761, 7.650947215281250102 ) ) ;
#2791 = CARTESIAN_POINT ( 'NONE',  ( 49.93645833381128085, -12.51352018795476262, 7.110556943749999803 ) ) ;
#2792 = CARTESIAN_POINT ( 'NONE',  ( -50.06770833381129648, -11.48647981204520363, 7.110556943750000691 ) ) ;
#2793 = CARTESIAN_POINT ( 'NONE',  ( 49.99999999999997868, 12.87788115970780467, 7.857053787243417631 ) ) ;
#2794 = CARTESIAN_POINT ( 'NONE',  ( -50.25729166714463503, 11.22971971806787117, 8.444721528124986776 ) ) ;
#2795 = VERTEX_POINT ( 'NONE', #1039 ) ;
#2796 = ORIENTED_EDGE ( 'NONE', *, *, #2738, .F. ) ;
#2797 = CARTESIAN_POINT ( 'NONE',  ( -44.99999999999998579, 23.00000000000000355, -30.00000000000000000 ) ) ;
#2798 = CARTESIAN_POINT ( 'NONE',  ( 50.99999999999999289, -23.00000000000001421, -27.45220836013659138 ) ) ;
#2799 = CARTESIAN_POINT ( 'NONE',  ( 51.11770833381128654, 12.51352018795479815, 8.889443056249998421 ) ) ;
#2800 = CARTESIAN_POINT ( 'NONE',  ( -50.12604166714463361, 11.48647981204523738, 7.110556943750000691 ) ) ;
#2801 = CARTESIAN_POINT ( 'NONE',  ( -50.77499999999999858, 12.00000000000001776, 8.699999999999999289 ) ) ;
#2802 =( BOUNDED_CURVE ( )  B_SPLINE_CURVE ( 2, ( #1390, #814, #6571, #2403, #4523, #4935, #1450 ),
 .UNSPECIFIED., .F., .F. ) 
 B_SPLINE_CURVE_WITH_KNOTS ( ( 3, 2, 2, 3 ),
 ( 0.01756484024348077544, 0.01829679248255786789, 0.01902874472163496380, 0.01976069696071205625 ),
 .UNSPECIFIED. ) 
 CURVE ( )  GEOMETRIC_REPRESENTATION_ITEM ( )  RATIONAL_B_SPLINE_CURVE ( ( 0.9999999999999742428, 0.8660254037844644648, 1.000000000000000000, 0.8660254037844387076, 1.000000000000000000, 0.8660254037840697805, 1.000000000000369038 ) ) 
 REPRESENTATION_ITEM ( '' )  );
#2803 = CIRCLE ( 'NONE', #3115, 4.999999999999997335 ) ;
#2804 = VERTEX_POINT ( 'NONE', #1510 ) ;
#2805 = CARTESIAN_POINT ( 'NONE',  ( 51.39352165242777204, 11.91656596663037604, 8.699992349552154280 ) ) ;
#2806 = CARTESIAN_POINT ( 'NONE',  ( 50.99999999999999289, -23.00000000000002132, -26.45220836013659138 ) ) ;
#2807 = CARTESIAN_POINT ( 'NONE',  ( 49.99999999999997868, -11.12211884029219533, 7.857053787243417631 ) ) ;
#2808 = CARTESIAN_POINT ( 'NONE',  ( 50.42499999999993321, 11.99999999999907985, 7.300000000000002487 ) ) ;
#2809 = CARTESIAN_POINT ( 'NONE',  ( 51.73859374999521776, -12.80610287687501803, 8.000000000000000000 ) ) ;
#2810 = CARTESIAN_POINT ( 'NONE',  ( -50.34479166714461229, -11.48647981204520363, 8.889443056249998421 ) ) ;
#2811 = LINE ( 'NONE', #1687, #3991 ) ;
#2812 = ORIENTED_EDGE ( 'NONE', *, *, #4926, .F. ) ;
#2813 = CARTESIAN_POINT ( 'NONE',  ( 51.09583333333333144, 11.59585481156727838, 7.300000000000000711 ) ) ;
#2814 = CARTESIAN_POINT ( 'NONE',  ( 51.12500000000000000, 12.00000000000001776, 7.300000000000000711 ) ) ;
#2815 = CARTESIAN_POINT ( 'NONE',  ( 50.41770833381128369, -11.48647981204520363, 8.889443056249998421 ) ) ;
#2816 = ORIENTED_EDGE ( 'NONE', *, *, #3235, .F. ) ;
#2817 = CARTESIAN_POINT ( 'NONE',  ( -51.00000000000000000, 23.00000000000001421, -9.709577583891228159 ) ) ;
#2818 = CARTESIAN_POINT ( 'NONE',  ( -50.89895833381130785, -12.77028028193212883, 7.555278471875015889 ) ) ;
#2819 = CARTESIAN_POINT ( 'NONE',  ( -50.21354166714468192, -12.77028028193215370, 8.444721528124999210 ) ) ;
#2820 = CARTESIAN_POINT ( 'NONE',  ( -50.91354166714462082, -12.77028028193215370, 8.444721528124999210 ) ) ;
#2821 = ORIENTED_EDGE ( 'NONE', *, *, #4625, .F. ) ;
#2822 = ADVANCED_FACE ( 'NONE', ( #4908, #855, #4941 ), #291, .T. ) ;
#2823 = EDGE_LOOP ( 'NONE', ( #1623, #5231, #759, #2866 ) ) ;
#2824 = CARTESIAN_POINT ( 'NONE',  ( 51.89062500047795368, -11.99999999999998224, 8.889443056250000197 ) ) ;
#2825 = CARTESIAN_POINT ( 'NONE',  ( -50.49062500047795510, 12.00000000000001776, 7.110556943750000691 ) ) ;
#2826 = CARTESIAN_POINT ( 'NONE',  ( -51.68026041666188775, -12.40305143843749924, 7.301894430562501093 ) ) ;
#2827 = CARTESIAN_POINT ( 'NONE',  ( -35.99999999999999289, 19.00000000000001776, -20.00000000000000711 ) ) ;
#2828 = CARTESIAN_POINT ( 'NONE',  ( -50.68020833381128654, -11.22971971806781255, 8.444721528124999210 ) ) ;
#2829 = CARTESIAN_POINT ( 'NONE',  ( 50.30833333428924448, 12.40414518843275538, 8.699999999999999289 ) ) ;
#2830 = CARTESIAN_POINT ( 'NONE',  ( -51.04479166714463645, 12.51352018795478216, 8.889443056249971775 ) ) ;
#2831 = VERTEX_POINT ( 'NONE', #6484 ) ;
#2832 = AXIS2_PLACEMENT_3D ( 'NONE', #208, #5833, #282 ) ;
#2833 = AXIS2_PLACEMENT_3D ( 'NONE', #2145, #2174, #4202 ) ;
#2834 = VERTEX_POINT ( 'NONE', #2343 ) ;
#2835 = DIRECTION ( 'NONE',  ( -0.000000000000000000, 0.000000000000000000, 1.000000000000000000 ) ) ;
#2836 = CARTESIAN_POINT ( 'NONE',  ( -3.449999999999995737, 33.00000000000000000, 1.900000000000000577 ) ) ;
#2837 = CARTESIAN_POINT ( 'NONE',  ( 50.62187500047796362, 12.00000000000001776, 7.110556943750000691 ) ) ;
#2838 = CARTESIAN_POINT ( 'NONE',  ( -51.65000000095592014, 12.80829037686549299, 8.000000000000000000 ) ) ;
#2839 = CARTESIAN_POINT ( 'NONE',  ( -51.56979166714462082, 11.48647981204523560, 7.110556943749999803 ) ) ;
#2840 = ORIENTED_EDGE ( 'NONE', *, *, #3438, .T. ) ;
#2841 = DIRECTION ( 'NONE',  ( -1.000000000000000000, 0.000000000000000000, 0.000000000000000000 ) ) ;
#2842 = CARTESIAN_POINT ( 'NONE',  ( 50.94270833381136043, -12.51352018795476262, 7.110556943750000691 ) ) ;
#2843 = CARTESIAN_POINT ( 'NONE',  ( 51.99999999999999289, 30.00000000000001776, 10.00000000000000000 ) ) ;
#2844 = CARTESIAN_POINT ( 'NONE',  ( 51.18442708332855062, -11.39542284234370761, 7.650947215281250102 ) ) ;
#2845 = CARTESIAN_POINT ( 'NONE',  ( 50.95000000000003126, -12.00000000000043698, 8.699999999999999289 ) ) ;
#2846 = LINE ( 'NONE', #5288, #5346 ) ;
#2847 = CIRCLE ( 'NONE', #3817, 1.000000000000000000 ) ;
#2848 = CARTESIAN_POINT ( 'NONE',  ( 50.57812500047798210, -13.02704037590951280, 8.000000000000000000 ) ) ;
#2849 = CARTESIAN_POINT ( 'NONE',  ( 51.91250000000000142, 12.80829037686549299, 8.000000000000000000 ) ) ;
#2850 = CARTESIAN_POINT ( 'NONE',  ( 36.00000000000000000, 29.31595971334878570, -5.282400702455949393 ) ) ;
#2851 = CARTESIAN_POINT ( 'NONE',  ( 51.12500000095591446, -12.80829037686545746, 8.000000000000000000 ) ) ;
#2852 = CARTESIAN_POINT ( 'NONE',  ( 50.68750132532772312, -12.00001834814124635, 8.699999999759532088 ) ) ;
#2853 = CARTESIAN_POINT ( 'NONE',  ( -51.24895833381130927, -12.77028028193212883, 7.555278471875015889 ) ) ;
#2854 = PLANE ( 'NONE',  #6162 ) ;
#2855 = CARTESIAN_POINT ( 'NONE',  ( -50.97187500047795794, -11.99999999999998224, 8.889443056249998421 ) ) ;
#2856 = ORIENTED_EDGE ( 'NONE', *, *, #4432, .T. ) ;
#2857 = B_SPLINE_CURVE_WITH_KNOTS ( 'NONE', 3,
 ( #6246, #3698, #1891, #2899, #4480, #5416 ),
 .UNSPECIFIED., .F., .F.,
 ( 4, 2, 4 ),
 ( 0.2149376083442383623, 0.3389061902402932258, 0.4628747721363480339 ),
 .UNSPECIFIED. ) ;
#2858 = ORIENTED_EDGE ( 'NONE', *, *, #182, .F. ) ;
#2859 = CARTESIAN_POINT ( 'NONE',  ( -51.84687500047795794, 12.00000000000001776, 7.110556943750001579 ) ) ;
#2860 = CARTESIAN_POINT ( 'NONE',  ( -51.70833333333332860, -12.60621778264908954, 7.650000000000001243 ) ) ;
#2861 = DIRECTION ( 'NONE',  ( -0.000000000000000000, 0.000000000000000000, 1.000000000000000000 ) ) ;
#2862 = CARTESIAN_POINT ( 'NONE',  ( -50.53437500047795794, -13.02704037590954478, 8.000000000000000000 ) ) ;
#2863 = CARTESIAN_POINT ( 'NONE',  ( 50.41770833381136185, 12.51352018795479815, 8.889443056250000197 ) ) ;
#2864 = CARTESIAN_POINT ( 'NONE',  ( -51.01562500047796789, 12.00000000000001776, 8.889443056249973552 ) ) ;
#2865 = ORIENTED_EDGE ( 'NONE', *, *, #4749, .T. ) ;
#2866 = ORIENTED_EDGE ( 'NONE', *, *, #5527, .F. ) ;
#2867 = SURFACE_SIDE_STYLE ('',( #3343 ) ) ;
#2868 = CARTESIAN_POINT ( 'NONE',  ( -51.20520833381137038, 11.22971971806784808, 7.555278471875000790 ) ) ;
#2869 = CARTESIAN_POINT ( 'NONE',  ( 51.00833333428924732, 12.40414518843275538, 8.700000000000001066 ) ) ;
#2870 = EDGE_CURVE ( 'NONE', #3266, #1565, #5980, .T. ) ;
#2871 = CARTESIAN_POINT ( 'NONE',  ( -51.30000000095591162, 12.80829037686549299, 8.000000000000000000 ) ) ;
#2872 = CARTESIAN_POINT ( 'NONE',  ( -51.80312500047796220, 13.02704037590958031, 8.000000000000000000 ) ) ;
#2873 = AXIS2_PLACEMENT_3D ( 'NONE', #2534, #4589, #1586 ) ;
#2874 = ORIENTED_EDGE ( 'NONE', *, *, #5005, .T. ) ;
#2875 = CARTESIAN_POINT ( 'NONE',  ( 51.40000242597918145, 11.83665577146236458, 8.680674144328442310 ) ) ;
#2876 = DIRECTION ( 'NONE',  ( 1.000000000000000000, 1.334402673828313339E-16, -0.000000000000000000 ) ) ;
#2877 = CARTESIAN_POINT ( 'NONE',  ( 51.03750000095591588, 12.00000000000001776, 8.699999999999999289 ) ) ;
#2878 = CARTESIAN_POINT ( 'NONE',  ( 52.00000000000000000, -11.99999999999998224, 7.300000000000000711 ) ) ;
#2879 = CARTESIAN_POINT ( 'NONE',  ( 50.83333223342441443, 11.59584718455190355, 7.300013210378144102 ) ) ;
#2880 = CARTESIAN_POINT ( 'NONE',  ( 48.51471862576141092, 29.00000000000001776, -7.525756178294008336 ) ) ;
#2881 = CARTESIAN_POINT ( 'NONE',  ( 50.39583333333333570, 11.59585481156727838, 7.300000000000000711 ) ) ;
#2882 = DIRECTION ( 'NONE',  ( 0.000000000000000000, 0.000000000000000000, 1.000000000000000000 ) ) ;
#2883 = CARTESIAN_POINT ( 'NONE',  ( 50.18437500047796362, -13.02704037590954478, 8.000000000000000000 ) ) ;
#2884 = FACE_OUTER_BOUND ( 'NONE', #4287, .T. ) ;
#2885 = CARTESIAN_POINT ( 'NONE',  ( -50.31562500047796505, -11.99999999999998224, 8.889443056249969999 ) ) ;
#2886 = CARTESIAN_POINT ( 'NONE',  ( 51.24895833381130217, 11.22971971806787117, 8.444721528124983223 ) ) ;
#2887 = CARTESIAN_POINT ( 'NONE',  ( -51.05937500047794941, -10.97295962409042325, 8.000000000000000000 ) ) ;
#2888 = EDGE_LOOP ( 'NONE', ( #3332, #1969, #5609, #2865, #4352, #5448, #2821, #5883, #3770, #2720, #5351, #5146 ) ) ;
#2889 = ORIENTED_EDGE ( 'NONE', *, *, #4668, .T. ) ;
#2890 = AXIS2_PLACEMENT_3D ( 'NONE', #5793, #3672, #5692 ) ;
#2891 = CARTESIAN_POINT ( 'NONE',  ( -51.29270833381129080, 11.48647981204523738, 8.889443056249998421 ) ) ;
#2892 = CARTESIAN_POINT ( 'NONE',  ( -51.21249999999999858, -11.19170962313450701, 8.000000000000000000 ) ) ;
#2893 = CARTESIAN_POINT ( 'NONE',  ( 49.89110302253678242, -12.86715109426176440, 7.802116372501574304 ) ) ;
#2894 = CARTESIAN_POINT ( 'NONE',  ( -50.21354166714462508, -12.77028028193215370, 8.444721528124999210 ) ) ;
#2895 = CARTESIAN_POINT ( 'NONE',  ( -48.51471862576142513, -29.00000000000002132, -29.63602976573380943 ) ) ;
#2896 = CARTESIAN_POINT ( 'NONE',  ( -50.31562500047797215, 12.00000000000001776, 8.889443056249973552 ) ) ;
#2897 = ORIENTED_EDGE ( 'NONE', *, *, #5271, .T. ) ;
#2898 = ORIENTED_EDGE ( 'NONE', *, *, #1839, .T. ) ;
#2899 = CARTESIAN_POINT ( 'NONE',  ( -49.99999999999995737, -12.49726511857424960, 7.474871890441694866 ) ) ;
#2900 = CARTESIAN_POINT ( 'NONE',  ( -51.26354166714469329, 11.22971971806784808, 8.444721528124999210 ) ) ;
#2901 = CARTESIAN_POINT ( 'NONE',  ( 51.67916666762258160, 12.60621778264912329, 8.349999999999999645 ) ) ;
#2902 =( BOUNDED_CURVE ( )  B_SPLINE_CURVE ( 2, ( #2673, #575, #112 ),
 .UNSPECIFIED., .F., .F. ) 
 B_SPLINE_CURVE_WITH_KNOTS ( ( 3, 3 ),
 ( 0.1603402626009575171, 0.1666666666666681285 ),
 .UNSPECIFIED. ) 
 CURVE ( )  GEOMETRIC_REPRESENTATION_ITEM ( )  RATIONAL_B_SPLINE_CURVE ( ( 0.9528730330682975147, 0.9694872125128086715, 1.000000000000007105 ) ) 
 REPRESENTATION_ITEM ( '' )  );
#2903 = CARTESIAN_POINT ( 'NONE',  ( -51.67916666762258160, 12.60621778264912329, 7.650000000000000355 ) ) ;
#2904 = CARTESIAN_POINT ( 'NONE',  ( -50.86979166714462508, 11.48647981204523560, 7.110556943749999803 ) ) ;
#2905 = ORIENTED_EDGE ( 'NONE', *, *, #4209, .F. ) ;
#2906 = ADVANCED_FACE ( 'NONE', ( #1329 ), #3390, .F. ) ;
#2907 = ADVANCED_FACE ( 'NONE', ( #5434, #820, #2884 ), #4499, .F. ) ;
#2908 = ADVANCED_FACE ( 'NONE', ( #2919 ), #6012, .F. ) ;
#2909 = CARTESIAN_POINT ( 'NONE',  ( 50.34479166714461229, 12.51352018795479815, 7.110556943749999803 ) ) ;
#2910 = DIRECTION ( 'NONE',  ( -1.000000000000000000, 0.000000000000000000, 0.000000000000000000 ) ) ;
#2911 = DIRECTION ( 'NONE',  ( 1.000000000000000000, 0.000000000000000000, 0.000000000000000000 ) ) ;
#2912 = CARTESIAN_POINT ( 'NONE',  ( -51.09692708332855204, 11.59694856156249898, 8.698105569437499796 ) ) ;
#2913 = CARTESIAN_POINT ( 'NONE',  ( 50.22083333428924590, -11.39378221735087671, 7.650000000000000355 ) ) ;
#2914 = CARTESIAN_POINT ( 'NONE',  ( 51.32187500047795936, -11.99999999999998224, 7.110556943750000691 ) ) ;
#2915 = LINE ( 'NONE', #5497, #1021 ) ;
#2916 = CARTESIAN_POINT ( 'NONE',  ( 51.71562500047794941, 12.00000000000001776, 7.110556943750000691 ) ) ;
#2917 = CYLINDRICAL_SURFACE ( 'NONE', #1815, 1.500000000000001332 ) ;
#2918 = CARTESIAN_POINT ( 'NONE',  ( 50.13333333428924732, -12.40414518843271985, 7.300000000000000711 ) ) ;
#2919 = FACE_OUTER_BOUND ( 'NONE', #4039, .T. ) ;
#2920 = DIRECTION ( 'NONE',  ( 0.000000000000000000, 0.000000000000000000, 1.000000000000000000 ) ) ;
#2921 = VERTEX_POINT ( 'NONE', #3572 ) ;
#2922 = CARTESIAN_POINT ( 'NONE',  ( -51.35104166714462082, 12.51352018795479815, 8.889443056249998421 ) ) ;
#2923 = DIRECTION ( 'NONE',  ( -1.000000000000000000, 0.000000000000000000, -0.000000000000000000 ) ) ;
#2924 = EDGE_CURVE ( 'NONE', #2589, #1857, #5501, .T. ) ;
#2925 = CARTESIAN_POINT ( 'NONE',  ( -49.75416666762258444, -12.60621778264908954, 8.349999999999999645 ) ) ;
#2926 = CARTESIAN_POINT ( 'NONE',  ( 50.97916666762257876, 12.60621778264912329, 8.349999999999999645 ) ) ;
#2927 = CARTESIAN_POINT ( 'NONE',  ( -51.62812500047795083, -13.02704037590954478, 8.000000000000000000 ) ) ;
#2928 = VERTEX_POINT ( 'NONE', #67 ) ;
#2929 = AXIS2_PLACEMENT_3D ( 'NONE', #5946, #2443, #5652 ) ;
#2930 = ORIENTED_EDGE ( 'NONE', *, *, #6296, .F. ) ;
#2931 = LINE ( 'NONE', #769, #1338 ) ;
#2932 = CARTESIAN_POINT ( 'NONE',  ( -50.59270833381136612, 11.48647981204523738, 8.889443056250000197 ) ) ;
#2933 = CARTESIAN_POINT ( 'NONE',  ( 50.00937500047795226, 13.02704037590958031, 8.000000000000000000 ) ) ;
#2934 = CARTESIAN_POINT ( 'NONE',  ( -50.00000000000000711, -12.47007868331132840, 8.619726826936364716 ) ) ;
#2935 = CARTESIAN_POINT ( 'NONE',  ( -51.16145833381128938, 12.51352018795479815, 7.110556943749999803 ) ) ;
#2936 = ORIENTED_EDGE ( 'NONE', *, *, #3102, .T. ) ;
#2937 = VECTOR ( 'NONE', #4995, 1000.000000000000000 ) ;
#2938 =( BOUNDED_CURVE ( )  B_SPLINE_CURVE ( 3, ( #6284, #1789, #5383, #1204 ),
 .UNSPECIFIED., .F., .F. ) 
 B_SPLINE_CURVE_WITH_KNOTS ( ( 4, 4 ),
 ( 1.570796326794899223, 3.141592653589793116 ),
 .UNSPECIFIED. ) 
 CURVE ( )  GEOMETRIC_REPRESENTATION_ITEM ( )  RATIONAL_B_SPLINE_CURVE ( ( 1.000000000000000000, 0.8047378541243654926, 0.8047378541243654926, 1.000000000000000000 ) ) 
 REPRESENTATION_ITEM ( '' )  );
#2939 = CARTESIAN_POINT ( 'NONE',  ( 50.28645833381128938, 11.48647981204523738, 7.110556943749999803 ) ) ;
#2940 = CARTESIAN_POINT ( 'NONE',  ( 51.21120863763306374, -12.00008753071588075, 7.300000012195945409 ) ) ;
#2941 = CARTESIAN_POINT ( 'NONE',  ( -49.99999999999997868, -11.13923376746742733, 7.879662410781269166 ) ) ;
#2942 = CARTESIAN_POINT ( 'NONE',  ( -50.92192708332855489, 12.40305143843753477, 7.301894430562501093 ) ) ;
#2943 = EDGE_CURVE ( 'NONE', #4769, #1736, #1100, .T. ) ;
#2944 = CARTESIAN_POINT ( 'NONE',  ( -14.64999999999999680, 33.00000000000000000, -1.921785944027805337 ) ) ;
#2945 = ADVANCED_FACE ( 'NONE', ( #3133 ), #4169, .T. ) ;
#2946 = VERTEX_POINT ( 'NONE', #4575 ) ;
#2947 = CARTESIAN_POINT ( 'NONE',  ( 51.17604166714463076, -12.51352018795476440, 8.889443056249998421 ) ) ;
#2948 = CARTESIAN_POINT ( 'NONE',  ( 51.04479166714463645, -11.48647981204522139, 7.110556943750029113 ) ) ;
#2949 = CARTESIAN_POINT ( 'NONE',  ( 50.19166666666666288, 12.60621778264912329, 8.349999999999999645 ) ) ;
#2950 = LINE ( 'NONE', #978, #6103 ) ;
#2951 = CARTESIAN_POINT ( 'NONE',  ( 51.41394283587229808, -12.40142135668244094, 8.695282185017244814 ) ) ;
#2952 = DIRECTION ( 'NONE',  ( -0.000000000000000000, 0.9396926207859082059, 0.3420201433256695456 ) ) ;
#2953 = ADVANCED_FACE ( 'NONE', ( #4483, #5083, #1408 ), #868, .T. ) ;
#2954 = CARTESIAN_POINT ( 'NONE',  ( 36.38000000000001677, 5.000000000000018652, -14.13268625573106085 ) ) ;
#2955 = VERTEX_POINT ( 'NONE', #5520 ) ;
#2956 = CIRCLE ( 'NONE', #4999, 4.999999999999997335 ) ;
#2957 = CARTESIAN_POINT ( 'NONE',  ( -50.70937500047796220, 13.02704037590957853, 8.000000000000000000 ) ) ;
#2958 = CARTESIAN_POINT ( 'NONE',  ( -50.07500000095591730, -12.80829037686545746, 8.000000000000000000 ) ) ;
#2959 = CARTESIAN_POINT ( 'NONE',  ( 50.86250000095591162, 12.00000000000001776, 7.300000000000000711 ) ) ;
#2960 = CARTESIAN_POINT ( 'NONE',  ( -49.99999999999998579, -22.99999999999999645, -24.32385281518476106 ) ) ;
#2961 = EDGE_LOOP ( 'NONE', ( #1638, #6566, #6572, #2654 ) ) ;
#2962 = ORIENTED_EDGE ( 'NONE', *, *, #3181, .F. ) ;
#2963 = DIRECTION ( 'NONE',  ( -1.000000000000000000, 0.000000000000000000, 0.000000000000000000 ) ) ;
#2964 = CARTESIAN_POINT ( 'NONE',  ( -51.38020833381136754, 12.77028028193218745, 8.444721528124999210 ) ) ;
#2965 = CARTESIAN_POINT ( 'NONE',  ( 51.21250000095592014, 12.00000000000001776, 7.300000000000000711 ) ) ;
#2966 = CIRCLE ( 'NONE', #4470, 1.499999999999999556 ) ;
#2967 = CARTESIAN_POINT ( 'NONE',  ( 50.71776041666188917, -12.60457715765625863, 7.650947215281250102 ) ) ;
#2968 = FACE_OUTER_BOUND ( 'NONE', #2478, .T. ) ;
#2969 = CARTESIAN_POINT ( 'NONE',  ( -50.81145833381128796, 12.51352018795479815, 7.110556943749999803 ) ) ;
#2970 = ORIENTED_EDGE ( 'NONE', *, *, #3594, .T. ) ;
#2971 = CIRCLE ( 'NONE', #5540, 1.499999999999997780 ) ;
#2972 = CARTESIAN_POINT ( 'NONE',  ( 51.30729166714462508, 11.22971971806784808, 7.555278471875000790 ) ) ;
#2973 = CARTESIAN_POINT ( 'NONE',  ( 51.99999999999999289, -29.99999999999998224, -30.00000000000000000 ) ) ;
#2974 = CARTESIAN_POINT ( 'NONE',  ( -51.35833333333333428, 11.39378221735090868, 7.649999999999999467 ) ) ;
#2975 = CARTESIAN_POINT ( 'NONE',  ( -51.70942708332854920, 11.39542284234374137, 7.650947215281250990 ) ) ;
#2976 = CARTESIAN_POINT ( 'NONE',  ( -14.64999999999999680, 30.00000000000000711, 0.2782140559721966722 ) ) ;
#2977 = ORIENTED_EDGE ( 'NONE', *, *, #5605, .T. ) ;
#2978 = CARTESIAN_POINT ( 'NONE',  ( 50.70937500047796220, -10.97295962409042147, 8.000000000000000000 ) ) ;
#2979 = CARTESIAN_POINT ( 'NONE',  ( 49.99999999999998579, 11.49060526754284517, 8.511822161871970494 ) ) ;
#2980 = CARTESIAN_POINT ( 'NONE',  ( 51.83229166714461655, 12.77028028193218745, 8.444721528125000987 ) ) ;
#2981 = CARTESIAN_POINT ( 'NONE',  ( 49.99999999999997868, 12.35963918030042308, 8.726741122875978363 ) ) ;
#2982 = CARTESIAN_POINT ( 'NONE',  ( 51.26810950253896948, -11.39786796497629595, 7.652358907491377593 ) ) ;
#2983 = CARTESIAN_POINT ( 'NONE',  ( 49.99999999999998579, -11.12211884029219711, 7.857053787243417631 ) ) ;
#2984 = EDGE_CURVE ( 'NONE', #6593, #3514, #3381, .T. ) ;
#2985 = EDGE_CURVE ( 'NONE', #4628, #2760, #4608, .T. ) ;
#2986 = ORIENTED_EDGE ( 'NONE', *, *, #3355, .F. ) ;
#2987 = CARTESIAN_POINT ( 'NONE',  ( -49.82671645221540047, 11.06103025344024005, 7.883225555890255976 ) ) ;
#2988 = CARTESIAN_POINT ( 'NONE',  ( -51.12500000095591446, -12.80829037686545746, 8.000000000000000000 ) ) ;
#2989 = CARTESIAN_POINT ( 'NONE',  ( -51.39999999999998437, 12.51172035390603732, 8.727496549620433086 ) ) ;
#2990 = CARTESIAN_POINT ( 'NONE',  ( -50.42499999999993321, 11.99999999999907985, 8.699999999999999289 ) ) ;
#2991 = AXIS2_PLACEMENT_3D ( 'NONE', #5526, #4553, #1448 ) ;
#2992 = VERTEX_POINT ( 'NONE', #6654 ) ;
#2993 = AXIS2_PLACEMENT_3D ( 'NONE', #5638, #4798, #3055 ) ;
#2994 = ORIENTED_EDGE ( 'NONE', *, *, #503, .F. ) ;
#2995 = CARTESIAN_POINT ( 'NONE',  ( 50.60109374999521492, 12.00000000000001776, 8.698105569437499796 ) ) ;
#2996 = CARTESIAN_POINT ( 'NONE',  ( -50.18437500047803468, 10.97295962409045877, 8.000000000000000000 ) ) ;
#2997 = B_SPLINE_CURVE_WITH_KNOTS ( 'NONE', 3,
 ( #3209, #2773, #2223, #1288, #4360, #4286 ),
 .UNSPECIFIED., .F., .F.,
 ( 4, 2, 4 ),
 ( 0.000000000000000000, 0.0007849531050047927477, 0.001569906210009585495 ),
 .UNSPECIFIED. ) ;
#2998 = CARTESIAN_POINT ( 'NONE',  ( 50.95000000095591020, 12.80829037686549299, 8.000000000000000000 ) ) ;
#2999 = CARTESIAN_POINT ( 'NONE',  ( 51.32916666666665861, -12.40414518843271985, 8.700000000000001066 ) ) ;
#3000 = CARTESIAN_POINT ( 'NONE',  ( -49.87083333428924448, 12.60621778264912329, 8.349999999999999645 ) ) ;
#3001 = CARTESIAN_POINT ( 'NONE',  ( -34.99999999999999289, 13.00000000000001599, -20.00000000000000711 ) ) ;
#3002 = ORIENTED_EDGE ( 'NONE', *, *, #4392, .F. ) ;
#3003 = CARTESIAN_POINT ( 'NONE',  ( 51.56979166714462082, -12.51352018795476440, 8.889443056249998421 ) ) ;
#3004 = CARTESIAN_POINT ( 'NONE',  ( 51.04479166714461513, 12.51352018795479815, 7.110556943749999803 ) ) ;
#3005 = CARTESIAN_POINT ( 'NONE',  ( 50.54166666666666430, -11.39378221735087848, 8.349999999999999645 ) ) ;
#3006 = LINE ( 'NONE', #447, #3474 ) ;
#3007 = CARTESIAN_POINT ( 'NONE',  ( -51.99999999999999289, -22.99999999999999645, 10.00000000000000000 ) ) ;
#3008 = CARTESIAN_POINT ( 'NONE',  ( 50.33750598047997471, -12.00007757877880188, 8.699999995701093169 ) ) ;
#3009 = ORIENTED_EDGE ( 'NONE', *, *, #2985, .T. ) ;
#3010 = ORIENTED_EDGE ( 'NONE', *, *, #5986, .F. ) ;
#3011 = CARTESIAN_POINT ( 'NONE',  ( 51.29270833381129080, -12.51352018795476262, 7.110556943749999803 ) ) ;
#3012 = DIRECTION ( 'NONE',  ( 1.000000000000000000, 0.000000000000000000, 0.000000000000000000 ) ) ;
#3013 = CARTESIAN_POINT ( 'NONE',  ( 51.27812500047794941, 10.97295962409045522, 8.000000000000000000 ) ) ;
#3014 = DIRECTION ( 'NONE',  ( 1.000000000000000000, -4.956352788505164007E-17, -1.803964885538174470E-17 ) ) ;
#3015 = CARTESIAN_POINT ( 'NONE',  ( 50.89166666762258728, -11.59585481156724462, 7.300000000000000711 ) ) ;
#3016 = CARTESIAN_POINT ( 'NONE',  ( -51.35833333333333428, -12.60621778264908954, 7.650000000000001243 ) ) ;
#3017 = CARTESIAN_POINT ( 'NONE',  ( 50.78229166714463361, 12.77028028193216080, 8.444721528124984999 ) ) ;
#3018 =( BOUNDED_CURVE ( )  B_SPLINE_CURVE ( 3, ( #3546, #5092, #5624, #477 ),
 .UNSPECIFIED., .F., .F. ) 
 B_SPLINE_CURVE_WITH_KNOTS ( ( 4, 4 ),
 ( 1.570796326794898778, 3.141592653589793116 ),
 .UNSPECIFIED. ) 
 CURVE ( )  GEOMETRIC_REPRESENTATION_ITEM ( )  RATIONAL_B_SPLINE_CURVE ( ( 1.000000000000000000, 0.8047378541243654926, 0.8047378541243654926, 1.000000000000000000 ) ) 
 REPRESENTATION_ITEM ( '' )  );
#3019 = ORIENTED_EDGE ( 'NONE', *, *, #5048, .T. ) ;
#3020 = EDGE_CURVE ( 'NONE', #278, #3846, #805, .T. ) ;
#3021 = CARTESIAN_POINT ( 'NONE',  ( -51.03020833381129506, 12.77028028193218745, 8.444721528124999210 ) ) ;
#3022 = CARTESIAN_POINT ( 'NONE',  ( -51.30000000095591162, -11.19170962313450701, 8.000000000000000000 ) ) ;
#3023 = CARTESIAN_POINT ( 'NONE',  ( -51.39999999999999147, -11.99999999999998224, 9.499999999999998224 ) ) ;
#3024 = CARTESIAN_POINT ( 'NONE',  ( -47.92893218813451739, -28.00000000000000711, -26.14370398651577787 ) ) ;
#3025 = EDGE_CURVE ( 'NONE', #4768, #4374, #940, .T. ) ;
#3026 = ORIENTED_EDGE ( 'NONE', *, *, #312, .F. ) ;
#3027 = ADVANCED_FACE ( 'NONE', ( #6028 ), #2461, .F. ) ;
#3028 = VERTEX_POINT ( 'NONE', #1502 ) ;
#3029 = DIRECTION ( 'NONE',  ( -1.000000000000000000, 0.000000000000000000, 0.000000000000000000 ) ) ;
#3030 = CARTESIAN_POINT ( 'NONE',  ( 50.22083333428924590, 12.60621778264912329, 7.650000000000000355 ) ) ;
#3031 = CARTESIAN_POINT ( 'NONE',  ( 51.27083333333332860, -11.59585481156724462, 8.700000000000001066 ) ) ;
#3032 = CARTESIAN_POINT ( 'NONE',  ( -49.81250000095591446, 12.00000000000001776, 8.699999999999999289 ) ) ;
#3033 = CARTESIAN_POINT ( 'NONE',  ( -50.02395833381128654, 12.77028028193218745, 8.444721528124999210 ) ) ;
#3034 = ORIENTED_EDGE ( 'NONE', *, *, #6346, .T. ) ;
#3035 = VERTEX_POINT ( 'NONE', #3563 ) ;
#3036 = CARTESIAN_POINT ( 'NONE',  ( 50.95729166714461655, -12.77028028193215370, 7.555278471875000790 ) ) ;
#3037 = CARTESIAN_POINT ( 'NONE',  ( 51.16145833381128938, 12.51352018795479815, 8.889443056249998421 ) ) ;
#3038 = LINE ( 'NONE', #5619, #1223 ) ;
#3039 = CARTESIAN_POINT ( 'NONE',  ( -49.99999999999998579, -22.99999999999999645, -24.32385281518476106 ) ) ;
#3040 = CARTESIAN_POINT ( 'NONE',  ( -51.91359374999522203, 12.80610287687505355, 8.000000000000000000 ) ) ;
#3041 = CARTESIAN_POINT ( 'NONE',  ( 51.43854166714462650, -11.22971971806781255, 8.444721528125000987 ) ) ;
#3042 = CARTESIAN_POINT ( 'NONE',  ( 50.99999999999999289, 23.00000000000001421, -30.00000000000000000 ) ) ;
#3043 = CARTESIAN_POINT ( 'NONE',  ( 50.16979166714462224, 11.48647981204523560, 8.889443056249998421 ) ) ;
#3044 = LINE ( 'NONE', #2475, #608 ) ;
#3045 = CARTESIAN_POINT ( 'NONE',  ( 51.20977616920563236, -11.99999999999998224, 7.304717814982754298 ) ) ;
#3046 = CARTESIAN_POINT ( 'NONE',  ( -51.41666666666666430, -12.60621778264908954, 8.349999999999999645 ) ) ;
#3047 = ORIENTED_EDGE ( 'NONE', *, *, #5039, .T. ) ;
#3048 = CARTESIAN_POINT ( 'NONE',  ( -50.77499999999898961, -12.00000000001404032, 8.699999999999999289 ) ) ;
#3049 = CARTESIAN_POINT ( 'NONE',  ( -51.09583333428924590, -12.60621778264908954, 7.650000000000001243 ) ) ;
#3050 = DIRECTION ( 'NONE',  ( -1.000000000000000000, 0.000000000000000000, 0.000000000000000000 ) ) ;
#3051 = CARTESIAN_POINT ( 'NONE',  ( -50.39583333333324333, 11.59585481156663178, 8.699999999998881961 ) ) ;
#3052 = ORIENTED_EDGE ( 'NONE', *, *, #4562, .T. ) ;
#3053 = VECTOR ( 'NONE', #4955, 1000.000000000000000 ) ;
#3054 = ORIENTED_EDGE ( 'NONE', *, *, #6281, .T. ) ;
#3055 = DIRECTION ( 'NONE',  ( 0.000000000000000000, 0.000000000000000000, 1.000000000000000000 ) ) ;
#3056 = CARTESIAN_POINT ( 'NONE',  ( 51.58894283605566500, 12.40142135686582314, 7.304717814665191433 ) ) ;
#3057 = CARTESIAN_POINT ( 'NONE',  ( 50.60729166714463645, 11.22971971806787295, 7.555278471875015889 ) ) ;
#3058 = CARTESIAN_POINT ( 'NONE',  ( 51.79583333333333428, -12.40414518843271985, 7.300000000000000711 ) ) ;
#3059 = CYLINDRICAL_SURFACE ( 'NONE', #1446, 0.6999999999999992895 ) ;
#3060 = CARTESIAN_POINT ( 'NONE',  ( 51.38020833381136754, 12.77028028193218745, 7.555278471875000790 ) ) ;
#3061 = ORIENTED_EDGE ( 'NONE', *, *, #4208, .T. ) ;
#3062 = ADVANCED_FACE ( 'NONE', ( #2968 ), #3059, .F. ) ;
#3063 = ORIENTED_EDGE ( 'NONE', *, *, #3950, .T. ) ;
#3064 = CARTESIAN_POINT ( 'NONE',  ( 50.40312500047794231, -10.97295962409042147, 8.000000000000000000 ) ) ;
#3065 = EDGE_CURVE ( 'NONE', #696, #4047, #5505, .T. ) ;
#3066 = CARTESIAN_POINT ( 'NONE',  ( 50.65104166714462508, 12.51352018795479815, 7.110556943749999803 ) ) ;
#3067 = EDGE_CURVE ( 'NONE', #5561, #92, #4198, .T. ) ;
#3068 = FACE_OUTER_BOUND ( 'NONE', #3732, .T. ) ;
#3069 = CARTESIAN_POINT ( 'NONE',  ( 50.00000000000000711, -11.24646738832730541, 8.368915686928867004 ) ) ;
#3070 = CARTESIAN_POINT ( 'NONE',  ( -51.39999999999999858, 12.87788115970779579, 8.142946212756649871 ) ) ;
#3071 = CARTESIAN_POINT ( 'NONE',  ( -50.04692708332855489, 11.59694856156249898, 8.698105569437499796 ) ) ;
#3072 = CARTESIAN_POINT ( 'NONE',  ( 51.00833333333332575, -12.60621778264909310, 8.350000000000001421 ) ) ;
#3073 = CARTESIAN_POINT ( 'NONE',  ( 51.39999999999999147, 12.01024198552258149, 6.526943859230120992 ) ) ;
#3074 = CARTESIAN_POINT ( 'NONE',  ( 50.04583333428924874, -12.60621778264908954, 8.349999999999999645 ) ) ;
#3075 = CARTESIAN_POINT ( 'NONE',  ( 50.34479166714461229, 12.51352018795479815, 7.110556943749999803 ) ) ;
#3076 = CARTESIAN_POINT ( 'NONE',  ( -51.39999999999999147, -11.99999999999998224, 8.000000000000000000 ) ) ;
#3077 = CARTESIAN_POINT ( 'NONE',  ( 50.68477616920562667, -11.99999999999998224, 8.695282185017244814 ) ) ;
#3078 = CARTESIAN_POINT ( 'NONE',  ( -50.83333333333332860, -11.39378221735087671, 8.349999999999999645 ) ) ;
#3079 = CLOSED_SHELL ( 'NONE', ( #1030, #3396, #1754, #2571, #4968, #1254, #34, #5313, #2775, #837, #1538, #4430, #1582, #2906, #5686, #5426, #4503, #4965, #3272, #4173, #1413, #4129, #1575, #6099, #812, #3404, #1955, #3556, #313, #2908, #1468, #581, #3027, #3939, #3713, #5323, #3062, #2568, #2404, #1491, #2945, #1110, #1378, #3201, #1203, #5115, #4724, #3779, #4428, #4471, #6519, #6482, #3854, #393, #2953, #4604, #4393, #3515, #1796, #93, #543, #224, #6137, #6504, #1616, #3274, #4881, #1032, #2822, #1161, #5905, #1794, #3521, #1743, #2907, #5789, #265, #5159, #6222, #5824, #3539, #1523, #5722, #6615, #3184, #707, #1460, #8, #1449, #1490, #4924, #5684, #538, #2779, #4296, #1990, #1837, #4750, #4795, #6527, #2752, #5114, #5952, #1700, #1898, #2321, #2468, #800, #1335, #1031, #5361, #3590, #2151, #5992, #5365, #3642 ) ) ;
#3080 = ORIENTED_EDGE ( 'NONE', *, *, #5000, .T. ) ;
#3081 = CARTESIAN_POINT ( 'NONE',  ( -44.99999999999998579, -27.99999999999999645, -30.00000000000000000 ) ) ;
#3082 = CYLINDRICAL_SURFACE ( 'NONE', #545, 1.000000000000000666 ) ;
#3083 = CARTESIAN_POINT ( 'NONE',  ( -51.39999999999999147, -11.48827964609393248, 8.727496549620413546 ) ) ;
#3084 = CYLINDRICAL_SURFACE ( 'NONE', #914, 1.000000000000000666 ) ;
#3085 = CARTESIAN_POINT ( 'NONE',  ( -51.42395833381129222, -11.22971971806781255, 8.444721528124999210 ) ) ;
#3086 = VERTEX_POINT ( 'NONE', #1126 ) ;
#3087 = EDGE_LOOP ( 'NONE', ( #5019, #4672, #296, #720 ) ) ;
#3088 = CARTESIAN_POINT ( 'NONE',  ( -51.99999999999999289, -22.99999999999999645, -30.00000000000000000 ) ) ;
#3089 = CARTESIAN_POINT ( 'NONE',  ( 51.50144283605564510, 11.39786796470131236, 7.652358907332596161 ) ) ;
#3090 = CARTESIAN_POINT ( 'NONE',  ( -51.51145833381128369, 12.51352018795479815, 7.110556943749999803 ) ) ;
#3091 = CARTESIAN_POINT ( 'NONE',  ( 51.94166666666666288, -11.39378221735087671, 8.349999999999999645 ) ) ;
#3092 = CARTESIAN_POINT ( 'NONE',  ( -50.65833333333295485, 11.39378221735033669, 7.649999999999669953 ) ) ;
#3093 = CARTESIAN_POINT ( 'NONE',  ( 51.39999999999972147, 12.87788115970646530, 7.857053787235182440 ) ) ;
#3094 = ORIENTED_EDGE ( 'NONE', *, *, #5081, .T. ) ;
#3095 = ORIENTED_EDGE ( 'NONE', *, *, #4298, .F. ) ;
#3096 = CARTESIAN_POINT ( 'NONE',  ( 50.02395833381128654, -11.22971971806781255, 7.555278471875000790 ) ) ;
#3097 = CARTESIAN_POINT ( 'NONE',  ( 51.32187500047795936, 12.00000000000001776, 7.110556943750000691 ) ) ;
#3098 = CARTESIAN_POINT ( 'NONE',  ( -50.57083333428924732, 12.60621778264912329, 8.349999999999999645 ) ) ;
#3099 = CARTESIAN_POINT ( 'NONE',  ( -3.449999999999995737, 30.00000000000001066, -1.599999999999998979 ) ) ;
#3100 = CARTESIAN_POINT ( 'NONE',  ( -50.53437500047795794, 10.97295962409045877, 8.000000000000000000 ) ) ;
#3101 = CARTESIAN_POINT ( 'NONE',  ( -50.68859374999522771, 11.19389712312498020, 8.000000000000000000 ) ) ;
#3102 = EDGE_CURVE ( 'NONE', #1747, #5801, #4822, .T. ) ;
#3103 = CARTESIAN_POINT ( 'NONE',  ( 52.00000000000000000, 12.00000000000001776, 8.000000000000000000 ) ) ;
#3104 = EDGE_CURVE ( 'NONE', #1767, #3451, #6188, .T. ) ;
#3105 = DIRECTION ( 'NONE',  ( 0.000000000000000000, 0.000000000000000000, 1.000000000000000000 ) ) ;
#3106 = CARTESIAN_POINT ( 'NONE',  ( -51.39999999999999147, -12.16220510422392387, 7.319052495295195193 ) ) ;
#3107 = FACE_BOUND ( 'NONE', #5170, .T. ) ;
#3108 = FACE_OUTER_BOUND ( 'NONE', #2096, .T. ) ;
#3109 = CARTESIAN_POINT ( 'NONE',  ( 50.27644283587230234, -11.39786796497629595, 8.347641092508624183 ) ) ;
#3110 =( BOUNDED_CURVE ( )  B_SPLINE_CURVE ( 2, ( #3665, #5119, #1001, #1577, #6151, #4580, #1986 ),
 .UNSPECIFIED., .F., .F. ) 
 B_SPLINE_CURVE_WITH_KNOTS ( ( 3, 2, 2, 3 ),
 ( 0.5000000000000011102, 0.5277777777777780122, 0.5555555555555549141, 0.5833333333333318160 ),
 .UNSPECIFIED. ) 
 CURVE ( )  GEOMETRIC_REPRESENTATION_ITEM ( )  RATIONAL_B_SPLINE_CURVE ( ( 0.9999999999999946709, 0.8660254037844440367, 1.000000000000000000, 0.8660254037844387076, 1.000000000000000000, 0.8660254037844462571, 0.9999999999999924505 ) ) 
 REPRESENTATION_ITEM ( '' )  );
#3111 = CARTESIAN_POINT ( 'NONE',  ( -51.74479166714463219, -11.48647981204520363, 8.889443056249998421 ) ) ;
#3112 = EDGE_LOOP ( 'NONE', ( #4066, #4776, #5056, #3531 ) ) ;
#3113 = CARTESIAN_POINT ( 'NONE',  ( 51.33026041666189343, 11.59694856156249898, 8.698105569437499796 ) ) ;
#3114 = CARTESIAN_POINT ( 'NONE',  ( 52.00000000000000000, -11.99999999999998224, 8.699999999999999289 ) ) ;
#3115 = AXIS2_PLACEMENT_3D ( 'NONE', #2247, #5854, #1821 ) ;
#3116 = CARTESIAN_POINT ( 'NONE',  ( -50.24999999999999289, 12.00000000000001776, 7.300000000000000711 ) ) ;
#3117 = CARTESIAN_POINT ( 'NONE',  ( 51.35833333333333428, -12.60621778264909310, 8.350000000000003197 ) ) ;
#3118 = CARTESIAN_POINT ( 'NONE',  ( -51.14687500047801194, -11.99999999999998224, 7.110556943750001579 ) ) ;
#3119 = CARTESIAN_POINT ( 'NONE',  ( -49.93645833381128085, -12.51352018795476262, 8.889443056249998421 ) ) ;
#3120 = ORIENTED_EDGE ( 'NONE', *, *, #2128, .T. ) ;
#3121 = ORIENTED_EDGE ( 'NONE', *, *, #5815, .T. ) ;
#3122 = EDGE_CURVE ( 'NONE', #2004, #1240, #4166, .T. ) ;
#3123 = CARTESIAN_POINT ( 'NONE',  ( 51.61810950272231224, 12.60213203529872317, 7.652358907332596161 ) ) ;
#3124 = CARTESIAN_POINT ( 'NONE',  ( 49.99999999999999289, 12.51172035390609594, 7.272503450379606882 ) ) ;
#3125 = CARTESIAN_POINT ( 'NONE',  ( 50.13333333333332575, -11.39378221735087671, 7.650000000000000355 ) ) ;
#3126 = CARTESIAN_POINT ( 'NONE',  ( -50.71666666666628487, 11.39378221735033669, 8.350000000000331823 ) ) ;
#3127 = CARTESIAN_POINT ( 'NONE',  ( 50.85520833381135475, 11.22971971806784630, 8.444721528124999210 ) ) ;
#3128 = VERTEX_POINT ( 'NONE', #3629 ) ;
#3129 = CARTESIAN_POINT ( 'NONE',  ( 49.89110538829206831, -12.86714286183446276, 7.802080300422500336 ) ) ;
#3130 = CARTESIAN_POINT ( 'NONE',  ( 50.30104166714462366, 12.51352018795479815, 7.110556943749999803 ) ) ;
#3131 = DIRECTION ( 'NONE',  ( 0.000000000000000000, -1.000000000000000000, 0.000000000000000000 ) ) ;
#3132 = DIRECTION ( 'NONE',  ( 0.000000000000000000, 0.000000000000000000, 1.000000000000000000 ) ) ;
#3133 = FACE_OUTER_BOUND ( 'NONE', #261, .T. ) ;
#3134 = CARTESIAN_POINT ( 'NONE',  ( -51.35833333333333428, 11.39378221735091223, 7.650000000000001243 ) ) ;
#3135 = DIRECTION ( 'NONE',  ( 0.000000000000000000, 0.000000000000000000, 1.000000000000000000 ) ) ;
#3136 = CARTESIAN_POINT ( 'NONE',  ( -49.99999999999997158, 12.08441878664477009, 7.223028355941992551 ) ) ;
#3137 = DIRECTION ( 'NONE',  ( 1.000000000000000000, 0.000000000000000000, 0.000000000000000000 ) ) ;
#3138 = DIRECTION ( 'NONE',  ( -1.000000000000000000, 0.000000000000000000, 0.000000000000000000 ) ) ;
#3139 = CARTESIAN_POINT ( 'NONE',  ( -19.54999999999999361, 30.00000000000000711, -1.921785944027805337 ) ) ;
#3140 = EDGE_CURVE ( 'NONE', #2165, #242, #217, .T. ) ;
#3141 = CARTESIAN_POINT ( 'NONE',  ( 50.13060950253898085, -12.40142135668244094, 7.304717814982755186 ) ) ;
#3142 = CARTESIAN_POINT ( 'NONE',  ( -50.27916666666666856, -12.40414518843271985, 7.300000000000000711 ) ) ;
#3143 = AXIS2_PLACEMENT_3D ( 'NONE', #1545, #2559, #1038 ) ;
#3144 = ORIENTED_EDGE ( 'NONE', *, *, #1042, .T. ) ;
#3145 = CARTESIAN_POINT ( 'NONE',  ( 51.65109374999521208, 12.00000000000001776, 8.698105569437499796 ) ) ;
#3146 = EDGE_CURVE ( 'NONE', #1881, #1111, #5705, .T. ) ;
#3147 = CARTESIAN_POINT ( 'NONE',  ( 51.26354166714462934, -12.77028028193215370, 7.555278471875000790 ) ) ;
#3148 = CARTESIAN_POINT ( 'NONE',  ( 51.21120863763044895, 11.99991246928393629, 7.300000012195944521 ) ) ;
#3149 = CARTESIAN_POINT ( 'NONE',  ( -50.39583333428925016, -12.60621778264908954, 7.650000000000001243 ) ) ;
#3150 = CARTESIAN_POINT ( 'NONE',  ( -44.99999999999998579, -27.99999999999999645, 10.00000000000000178 ) ) ;
#3151 = CARTESIAN_POINT ( 'NONE',  ( -51.36562500047795510, -11.99999999999998224, 8.889443056250000197 ) ) ;
#3152 = ORIENTED_EDGE ( 'NONE', *, *, #141, .F. ) ;
#3153 = ORIENTED_EDGE ( 'NONE', *, *, #7, .F. ) ;
#3154 = CARTESIAN_POINT ( 'NONE',  ( 50.33477616938898080, 12.00000000000001776, 8.695282185334809455 ) ) ;
#3155 = CARTESIAN_POINT ( 'NONE',  ( 50.01281538259581083, 12.67218661788847101, 7.385375261850753326 ) ) ;
#3156 = CARTESIAN_POINT ( 'NONE',  ( 50.01666666666666572, -12.60621778264908954, 7.650000000000000355 ) ) ;
#3157 = CARTESIAN_POINT ( 'NONE',  ( -44.99999999999996447, 30.00000000000002132, -8.161785944027805328 ) ) ;
#3158 = CARTESIAN_POINT ( 'NONE',  ( 50.59270833381135901, 11.48647981204523738, 7.110556943750000691 ) ) ;
#3159 = ORIENTED_EDGE ( 'NONE', *, *, #347, .T. ) ;
#3160 = VERTEX_POINT ( 'NONE', #588 ) ;
#3161 = CARTESIAN_POINT ( 'NONE',  ( -49.99999999999997158, -12.68314042325504509, 8.152981239729077956 ) ) ;
#3162 = CARTESIAN_POINT ( 'NONE',  ( 51.35104166714462082, 12.51352018795479815, 7.110556943749999803 ) ) ;
#3163 = DIRECTION ( 'NONE',  ( 0.000000000000000000, 0.000000000000000000, -1.000000000000000000 ) ) ;
#3164 = CARTESIAN_POINT ( 'NONE',  ( 50.00000000000000711, -11.64036082114267678, 8.726741123523098054 ) ) ;
#3165 = CARTESIAN_POINT ( 'NONE',  ( -50.88437500047795936, 10.97295962409045877, 8.000000000000000000 ) ) ;
#3166 = CARTESIAN_POINT ( 'NONE',  ( -50.22192708332855915, 12.40305143843753477, 7.301894430562501093 ) ) ;
#3167 = CIRCLE ( 'NONE', #1114, 1.000000000000000888 ) ;
#3168 = CARTESIAN_POINT ( 'NONE',  ( -49.99999999999998579, 12.87788115970779224, 8.142946212756655200 ) ) ;
#3169 = CARTESIAN_POINT ( 'NONE',  ( -49.10050506338832577, -30.00000000000000000, -30.00000000000001066 ) ) ;
#3170 = CARTESIAN_POINT ( 'NONE',  ( 52.00000000000000000, -11.99999999999998224, 8.000000000000000000 ) ) ;
#3171 = CARTESIAN_POINT ( 'NONE',  ( 50.42227616920563094, -12.80284271336489788, 8.000000000000000000 ) ) ;
#3172 = CARTESIAN_POINT ( 'NONE',  ( -50.16250000000000142, -11.19170962313450701, 8.000000000000000000 ) ) ;
#3173 = VECTOR ( 'NONE', #6111, 1000.000000000000000 ) ;
#3174 = FACE_OUTER_BOUND ( 'NONE', #4669, .T. ) ;
#3175 = CARTESIAN_POINT ( 'NONE',  ( 51.41776041666188490, 11.39542284234374137, 7.650947215281250102 ) ) ;
#3176 = CARTESIAN_POINT ( 'NONE',  ( -49.99996648686923351, 11.83820319020480127, 7.318955366851708888 ) ) ;
#3177 = CARTESIAN_POINT ( 'NONE',  ( -50.51250000095591730, 12.00000000000001776, 8.699999999999999289 ) ) ;
#3178 = CARTESIAN_POINT ( 'NONE',  ( -51.39999999999999858, -11.12211884029220954, 8.142946212756649871 ) ) ;
#3179 = CARTESIAN_POINT ( 'NONE',  ( -50.35937500047801052, -10.97295962409042325, 8.000000000000000000 ) ) ;
#3180 = CARTESIAN_POINT ( 'NONE',  ( -51.48229166714462224, -11.22971971806781255, 7.555278471875000790 ) ) ;
#3181 = EDGE_CURVE ( 'NONE', #6496, #512, #1636, .T. ) ;
#3182 = ORIENTED_EDGE ( 'NONE', *, *, #5193, .T. ) ;
#3183 = EDGE_CURVE ( 'NONE', #2685, #1631, #553, .T. ) ;
#3184 = ADVANCED_FACE ( 'NONE', ( #4233 ), #2586, .F. ) ;
#3185 =( BOUNDED_CURVE ( )  B_SPLINE_CURVE ( 3, ( #5796, #2261, #5322, #780 ),
 .UNSPECIFIED., .F., .F. ) 
 B_SPLINE_CURVE_WITH_KNOTS ( ( 4, 4 ),
 ( 4.712388980384689674, 6.283185307179586232 ),
 .UNSPECIFIED. ) 
 CURVE ( )  GEOMETRIC_REPRESENTATION_ITEM ( )  RATIONAL_B_SPLINE_CURVE ( ( 1.000000000000000000, 0.8047378541243649375, 0.8047378541243649375, 1.000000000000000000 ) ) 
 REPRESENTATION_ITEM ( '' )  );
#3186 = ORIENTED_EDGE ( 'NONE', *, *, #6256, .T. ) ;
#3187 = CARTESIAN_POINT ( 'NONE',  ( 50.39310950272231082, 11.39786796470131236, 8.347641092667403839 ) ) ;
#3188 = CARTESIAN_POINT ( 'NONE',  ( 50.40312500047797073, 13.02704037590954655, 8.000000000000000000 ) ) ;
#3189 = DIRECTION ( 'NONE',  ( -1.000000000000000000, 0.000000000000000000, 0.000000000000000000 ) ) ;
#3190 = CARTESIAN_POINT ( 'NONE',  ( 51.21979166714461940, -12.51352018795476440, 8.889443056249998421 ) ) ;
#3191 = CARTESIAN_POINT ( 'NONE',  ( -51.61354166714462366, -12.77028028193215370, 8.444721528124999210 ) ) ;
#3192 = CYLINDRICAL_SURFACE ( 'NONE', #2395, 0.6999999999999992895 ) ;
#3193 = VERTEX_POINT ( 'NONE', #6277 ) ;
#3194 = ORIENTED_EDGE ( 'NONE', *, *, #6066, .T. ) ;
#3195 = LINE ( 'NONE', #2686, #6582 ) ;
#3196 = CARTESIAN_POINT ( 'NONE',  ( 49.92187500047795368, 12.00000000000001776, 7.110556943750000691 ) ) ;
#3197 = CARTESIAN_POINT ( 'NONE',  ( 51.40937500047795794, 13.02704037590958031, 8.000000000000000000 ) ) ;
#3198 = CARTESIAN_POINT ( 'NONE',  ( 51.18333333333333002, 12.60621778264912329, 7.650000000000000355 ) ) ;
#3199 = CARTESIAN_POINT ( 'NONE',  ( -50.70937500047796220, 13.02704037590957853, 8.000000000000000000 ) ) ;
#3200 = CARTESIAN_POINT ( 'NONE',  ( -51.44583333333333286, 11.59585481156727838, 8.700000000000001066 ) ) ;
#3201 = ADVANCED_FACE ( 'NONE', ( #2141 ), #1626, .T. ) ;
#3202 = CARTESIAN_POINT ( 'NONE',  ( -52.00000000000000000, -29.99999999999998224, -30.00000000000000000 ) ) ;
#3203 = CARTESIAN_POINT ( 'NONE',  ( -50.51250000095591730, 12.00000000000001776, 8.699999999999999289 ) ) ;
#3204 = CARTESIAN_POINT ( 'NONE',  ( 50.62187500047802757, -11.99999999999998224, 7.110556943750000691 ) ) ;
#3205 = LINE ( 'NONE', #4755, #6642 ) ;
#3206 = CARTESIAN_POINT ( 'NONE',  ( 50.74310950253896380, -12.60213203502367030, 8.347641092508624183 ) ) ;
#3207 = EDGE_CURVE ( 'NONE', #5471, #410, #3167, .T. ) ;
#3208 = CARTESIAN_POINT ( 'NONE',  ( -50.62916666666665577, -12.40414518843271985, 7.300000000000000711 ) ) ;
#3209 = CARTESIAN_POINT ( 'NONE',  ( 51.39999999999972147, 12.87788115970646530, 7.857053787235182440 ) ) ;
#3210 = VERTEX_POINT ( 'NONE', #3462 ) ;
#3211 = CARTESIAN_POINT ( 'NONE',  ( 51.12609374999521350, 12.00000000000001776, 7.301894430562501093 ) ) ;
#3212 = CARTESIAN_POINT ( 'NONE',  ( -51.39999999999999147, -12.68373971655883814, 8.150000000000055422 ) ) ;
#3213 = CARTESIAN_POINT ( 'NONE',  ( 50.94270833381129648, -12.51352018795476262, 7.110556943749999803 ) ) ;
#3214 = CARTESIAN_POINT ( 'NONE',  ( -19.54999999999999361, 30.00000000000000711, 1.278214055972197283 ) ) ;
#3215 = CARTESIAN_POINT ( 'NONE',  ( -50.10416666666641561, -11.59585481156897657, 8.700000000003003109 ) ) ;
#3216 = CARTESIAN_POINT ( 'NONE',  ( -50.47604166714467055, -12.51352018795476262, 7.110556943750002468 ) ) ;
#3217 = CARTESIAN_POINT ( 'NONE',  ( -49.89967728140355518, -12.83731126702208591, 8.328620456267845640 ) ) ;
#3218 = ORIENTED_EDGE ( 'NONE', *, *, #2653, .F. ) ;
#3219 = ORIENTED_EDGE ( 'NONE', *, *, #4921, .F. ) ;
#3220 = EDGE_LOOP ( 'NONE', ( #6036, #3551, #2365, #4571 ) ) ;
#3221 = EDGE_CURVE ( 'NONE', #1229, #5746, #609, .T. ) ;
#3222 = CARTESIAN_POINT ( 'NONE',  ( 49.89727616938897370, 12.80284271373162497, 8.000000000000000000 ) ) ;
#3223 = CARTESIAN_POINT ( 'NONE',  ( -50.78229166714461940, 12.77028028193218745, 7.555278471875000790 ) ) ;
#3224 = CARTESIAN_POINT ( 'NONE',  ( -52.00109374999521350, -11.99999999999998224, 7.301894430562501093 ) ) ;
#3225 = EDGE_CURVE ( 'NONE', #3655, #5138, #5208, .T. ) ;
#3226 = CARTESIAN_POINT ( 'NONE',  ( 50.57812500047795368, -13.02704037590954478, 8.000000000000000000 ) ) ;
#3227 = CARTESIAN_POINT ( 'NONE',  ( -51.58437500047795510, -13.02704037590954478, 8.000000000000000000 ) ) ;
#3228 = CARTESIAN_POINT ( 'NONE',  ( 50.33750280145797973, 11.99996119510496584, 8.699999999999997513 ) ) ;
#3229 = ORIENTED_EDGE ( 'NONE', *, *, #4251, .T. ) ;
#3230 =( BOUNDED_CURVE ( )  B_SPLINE_CURVE ( 2, ( #2664, #71, #244, #1798, #4355, #4860, #6403, #2295, #4997 ),
 .UNSPECIFIED., .F., .F. ) 
 B_SPLINE_CURVE_WITH_KNOTS ( ( 3, 2, 2, 2, 3 ),
 ( 0.3499590681727124952, 0.3791217773137917635, 0.4082849909533141641, 0.4374482045928366203, 0.4374491578617093479 ),
 .UNSPECIFIED. ) 
 CURVE ( )  GEOMETRIC_REPRESENTATION_ITEM ( )  RATIONAL_B_SPLINE_CURVE ( ( 0.9999953647902593001, 0.8660277214294023196, 1.000000000000000000, 0.8660254037844387076, 1.000000000000000000, 0.8660254037844387076, 1.000000000000000000, 0.9999956207222603366, 0.9999912417308148838 ) ) 
 REPRESENTATION_ITEM ( '' )  );
#3231 = ORIENTED_EDGE ( 'NONE', *, *, #537, .F. ) ;
#3232 = CARTESIAN_POINT ( 'NONE',  ( 51.39999999999999147, 11.31626028344115298, 7.849999999999997868 ) ) ;
#3233 = CARTESIAN_POINT ( 'NONE',  ( 52.00000000000000000, 12.00000000000001776, 7.300000000000000711 ) ) ;
#3234 = CARTESIAN_POINT ( 'NONE',  ( 50.80416666666560133, 12.40414518842847258, 7.299999999991213073 ) ) ;
#3235 = EDGE_CURVE ( 'NONE', #6420, #4767, #5698, .T. ) ;
#3236 = DIRECTION ( 'NONE',  ( -1.000000000000000000, 0.000000000000000000, 0.000000000000000000 ) ) ;
#3237 = CARTESIAN_POINT ( 'NONE',  ( -50.45416666666665861, 12.40414518843275538, 8.700000000000001066 ) ) ;
#3238 = CARTESIAN_POINT ( 'NONE',  ( 50.51250380083278912, -11.99994734736150548, 7.300000000000000711 ) ) ;
#3239 = CARTESIAN_POINT ( 'NONE',  ( 50.79687500047802473, -11.99999999999998224, 8.889443056250000197 ) ) ;
#3240 = CARTESIAN_POINT ( 'NONE',  ( 50.57083333428924732, -11.39378221735087671, 7.650000000000000355 ) ) ;
#3241 = CARTESIAN_POINT ( 'NONE',  ( 51.62192708332855062, -11.59694856156246701, 8.698105569437499796 ) ) ;
#3242 = CARTESIAN_POINT ( 'NONE',  ( -51.56979166714462082, -12.51352018795476440, 7.110556943749999803 ) ) ;
#3243 = CARTESIAN_POINT ( 'NONE',  ( -49.99999999999998579, -22.99999999999999645, -30.00000000000000000 ) ) ;
#3244 = VECTOR ( 'NONE', #1493, 1000.000000000000000 ) ;
#3245 = VERTEX_POINT ( 'NONE', #3620 ) ;
#3246 = CARTESIAN_POINT ( 'NONE',  ( 50.83333333333332860, 12.60621778264912329, 7.650000000000000355 ) ) ;
#3247 = CARTESIAN_POINT ( 'NONE',  ( 50.99999999999999289, 23.00000000000001421, -10.70957758389122993 ) ) ;
#3248 = CARTESIAN_POINT ( 'NONE',  ( 50.82604166714462934, -12.51352018795476440, 8.889443056249998421 ) ) ;
#3249 = AXIS2_PLACEMENT_3D ( 'NONE', #860, #1917, #3913 ) ;
#3250 = LINE ( 'NONE', #4836, #2597 ) ;
#3251 = CARTESIAN_POINT ( 'NONE',  ( -50.54895833381130643, -12.77028028193212883, 7.555278471875015889 ) ) ;
#3252 = AXIS2_PLACEMENT_3D ( 'NONE', #4119, #5189, #6160 ) ;
#3253 = CARTESIAN_POINT ( 'NONE',  ( -51.06666666666666288, -12.60621778264908777, 8.349999999999999645 ) ) ;
#3254 = CARTESIAN_POINT ( 'NONE',  ( -50.56354166714462650, -12.77028028193215370, 8.444721528124999210 ) ) ;
#3255 = ORIENTED_EDGE ( 'NONE', *, *, #2275, .F. ) ;
#3256 = ORIENTED_EDGE ( 'NONE', *, *, #2068, .T. ) ;
#3257 = ORIENTED_EDGE ( 'NONE', *, *, #5728, .T. ) ;
#3258 = CARTESIAN_POINT ( 'NONE',  ( 50.50977616938897796, 12.00000000000001776, 7.304717814665191433 ) ) ;
#3259 = CARTESIAN_POINT ( 'NONE',  ( -50.02395833381128654, 12.77028028193218745, 8.444721528124999210 ) ) ;
#3260 = CARTESIAN_POINT ( 'NONE',  ( -50.83442708332854920, -11.39542284234370761, 8.349052784718749010 ) ) ;
#3261 = CARTESIAN_POINT ( 'NONE',  ( 50.07499999999999574, -11.99999999999998224, 7.300000000000000711 ) ) ;
#3262 = CARTESIAN_POINT ( 'NONE',  ( -50.41770833381128369, -11.48647981204520363, 7.110556943750000691 ) ) ;
#3263 = CARTESIAN_POINT ( 'NONE',  ( -50.10416666762257876, 11.39378221735091223, 8.349999999999999645 ) ) ;
#3264 = CYLINDRICAL_SURFACE ( 'NONE', #6334, 0.6999999999999992895 ) ;
#3265 = ORIENTED_EDGE ( 'NONE', *, *, #96, .T. ) ;
#3266 = VERTEX_POINT ( 'NONE', #1017 ) ;
#3267 = CARTESIAN_POINT ( 'NONE',  ( 51.39999999999997726, 11.87195062676380175, 7.183227874640979671 ) ) ;
#3268 = CARTESIAN_POINT ( 'NONE',  ( 36.00000000000002132, 13.41421356237311535, -11.07016297426825879 ) ) ;
#3269 = CARTESIAN_POINT ( 'NONE',  ( -50.68750000095591446, 12.00000000000001776, 7.300000000000000711 ) ) ;
#3270 = CARTESIAN_POINT ( 'NONE',  ( -50.19166666666666288, 12.60621778264912329, 7.650000000000000355 ) ) ;
#3271 =( BOUNDED_SURFACE ( )  B_SPLINE_SURFACE ( 1, 2, ( 
 ( #5172, #5233, #2617, #3689, #4136, #1092, #2649, #4704, #1123, #2678, #4735, #2167, #6274, #3090, #4100, #3727, #992, #6142, #1534, #3593, #5640, #2584, #1816, #5408, #652, #1231, #2276, #6347, #2242, #1157, #4882, #1739, #4303, #4809, #192, #4376, #2715, #2789, #3223, #3875, #1191, #4337, #6385, #4771, #5920, #4845, #5849, #1304, #2825, #155, #3800, #3366, #5337, #3761, #5265, #1850, #1778, #6422, #2202, #6311, #4265, #1705, #5811, #3839, #3259, #5300, #689, #3298, #726, #227, #5885, #793, #263 ),
 ( #2859, #1269, #3335, #4914, #2754, #5374, #761, #5776, #2313, #4410, #297, #2351, #6457, #954, #6015, #2510, #1369, #2922, #3397, #2891, #2416, #4947, #5472, #6612, #1400, #5954, #3909, #4980, #3021, #4473, #6581, #1970, #5539, #5507, #6521, #4032, #5575, #890, #1431, #2957, #5012, #3461, #1914, #5072, #3525, #2479, #3426, #6075, #396, #5441, #3973, #858, #5042, #330, #4533, #2448, #3943, #457, #2383, #4504, #4566, #4444, #4003, #1339, #3491, #6552, #364, #1940, #6045, #921, #827, #1463, #2987 ) ),
 .UNSPECIFIED., .F., .F., .F. ) 
 B_SPLINE_SURFACE_WITH_KNOTS ( ( 2, 2 ),
 ( 3, 2, 2, 2, 2, 2, 2, 2, 2, 2, 2, 2, 2, 2, 2, 2, 2, 2, 2, 2, 2, 2, 2, 2, 2, 2, 2, 2, 2, 2, 2, 2, 2, 2, 2, 2, 3 ),
 ( 0.000000000000000000, 1.000000000000000000 ),
 ( 0.000000000000000000, 0.02777777777777777624, 0.05555555555555555247, 0.08333333333333332871, 0.1111111111111111049, 0.1388888888888888951, 0.1666666666666666574, 0.1944444444444444475, 0.2222222222222222099, 0.2500000000000000000, 0.2777777777777777901, 0.3055555555555555802, 0.3333333333333333148, 0.3611111111111111049, 0.3888888888888888951, 0.4166666666666666852, 0.4444444444444444198, 0.4722222222222222099, 0.5000000000000000000, 0.5277777777777777901, 0.5555555555555555802, 0.5833333333333333703, 0.6111111111111111605, 0.6388888888888888395, 0.6666666666666666297, 0.6944444444444444198, 0.7222222222222222099, 0.7500000000000000000, 0.7777777777777777901, 0.8055555555555555802, 0.8333333333333333703, 0.8611111111111111605, 0.8888888888888888395, 0.9166666666666666297, 0.9444444444444444198, 0.9524930397729903797, 0.9620179701707203268 ),
 .UNSPECIFIED. ) 
 GEOMETRIC_REPRESENTATION_ITEM ( )  RATIONAL_B_SPLINE_SURFACE ( (
 ( 1.000000000000000000, 0.8660254037844387076, 1.000000000000000000, 0.8660254037844387076, 1.000000000000000000, 0.8660254037844387076, 1.000000000000000000, 0.8660254037844387076, 1.000000000000000000, 0.8660254037844387076, 1.000000000000000000, 0.8660254037844387076, 1.000000000000000000, 0.8660254037844387076, 1.000000000000000000, 0.8660254037844387076, 1.000000000000000000, 0.8660254037844387076, 1.000000000000000000, 0.8660254037844387076, 1.000000000000000000, 0.8660254037844387076, 1.000000000000000000, 0.8660254037844387076, 1.000000000000000000, 0.8660254037844387076, 1.000000000000000000, 0.8660254037844387076, 1.000000000000000000, 0.8660254037844387076, 1.000000000000000000, 0.8660254037844387076, 1.000000000000000000, 0.8660254037844387076, 1.000000000000000000, 0.8660254037844387076, 1.000000000000000000, 0.8660254037844387076, 1.000000000000000000, 0.8660254037844387076, 1.000000000000000000, 0.8660254037844387076, 1.000000000000000000, 0.8660254037844387076, 1.000000000000000000, 0.8660254037844387076, 1.000000000000000000, 0.8660254037844387076, 1.000000000000000000, 0.8660254037844387076, 1.000000000000000000, 0.8660254037844387076, 1.000000000000000000, 0.8660254037844387076, 1.000000000000000000, 0.8660254037844387076, 1.000000000000000000, 0.8660254037844387076, 1.000000000000000000, 0.8660254037844387076, 1.000000000000000000, 0.8660254037844387076, 1.000000000000000000, 0.8660254037844387076, 1.000000000000000000, 0.8660254037844387076, 1.000000000000000000, 0.8660254037844387076, 1.000000000000000000, 0.9611809368672017406, 0.9448574767080237802, 0.9448574767080237802, 0.9448574767080237802),
 ( 1.000000000000000000, 0.8660254037844387076, 1.000000000000000000, 0.8660254037844387076, 1.000000000000000000, 0.8660254037844387076, 1.000000000000000000, 0.8660254037844387076, 1.000000000000000000, 0.8660254037844387076, 1.000000000000000000, 0.8660254037844387076, 1.000000000000000000, 0.8660254037844387076, 1.000000000000000000, 0.8660254037844387076, 1.000000000000000000, 0.8660254037844387076, 1.000000000000000000, 0.8660254037844387076, 1.000000000000000000, 0.8660254037844387076, 1.000000000000000000, 0.8660254037844387076, 1.000000000000000000, 0.8660254037844387076, 1.000000000000000000, 0.8660254037844387076, 1.000000000000000000, 0.8660254037844387076, 1.000000000000000000, 0.8660254037844387076, 1.000000000000000000, 0.8660254037844387076, 1.000000000000000000, 0.8660254037844387076, 1.000000000000000000, 0.8660254037844387076, 1.000000000000000000, 0.8660254037844387076, 1.000000000000000000, 0.8660254037844387076, 1.000000000000000000, 0.8660254037844387076, 1.000000000000000000, 0.8660254037844387076, 1.000000000000000000, 0.8660254037844387076, 1.000000000000000000, 0.8660254037844387076, 1.000000000000000000, 0.8660254037844387076, 1.000000000000000000, 0.8660254037844387076, 1.000000000000000000, 0.8660254037844387076, 1.000000000000000000, 0.8660254037844387076, 1.000000000000000000, 0.8660254037844387076, 1.000000000000000000, 0.8660254037844387076, 1.000000000000000000, 0.8660254037844387076, 1.000000000000000000, 0.8660254037844387076, 1.000000000000000000, 0.8660254037844387076, 1.000000000000000000, 0.9611809368672017406, 0.9448574767080237802, 0.9448574767080237802, 0.9448574767080237802) ) ) 
 REPRESENTATION_ITEM ( '' )  SURFACE ( )  );
#3272 = ADVANCED_FACE ( 'NONE', ( #3681 ), #3585, .F. ) ;
#3273 = AXIS2_PLACEMENT_3D ( 'NONE', #4838, #3831, #5259 ) ;
#3274 = ADVANCED_FACE ( 'NONE', ( #4729, #5732, #6167 ), #1085, .T. ) ;
#3275 = CARTESIAN_POINT ( 'NONE',  ( 51.36562500047795510, 12.00000000000001776, 7.110556943750000691 ) ) ;
#3276 = VECTOR ( 'NONE', #1356, 1000.000000000000000 ) ;
#3277 = DIRECTION ( 'NONE',  ( 0.000000000000000000, 0.000000000000000000, -1.000000000000000000 ) ) ;
#3278 = CARTESIAN_POINT ( 'NONE',  ( -19.54999999999999361, 28.00000000000000711, 0.2782140559721966722 ) ) ;
#3279 = CARTESIAN_POINT ( 'NONE',  ( 3.750000000000003997, 28.00000000000001066, -1.599999999999998979 ) ) ;
#3280 = CARTESIAN_POINT ( 'NONE',  ( 51.38859374999522345, -12.80610287687501803, 8.000000000000000000 ) ) ;
#3281 = CARTESIAN_POINT ( 'NONE',  ( -50.22812500047795936, -13.02704037590954478, 8.000000000000000000 ) ) ;
#3282 = CARTESIAN_POINT ( 'NONE',  ( -50.77500000095591304, 11.19170962313454076, 8.000000000000000000 ) ) ;
#3283 = EDGE_LOOP ( 'NONE', ( #2240, #548 ) ) ;
#3284 = CARTESIAN_POINT ( 'NONE',  ( 50.04692708332855489, 11.59694856156249898, 7.301894430562501093 ) ) ;
#3285 = CARTESIAN_POINT ( 'NONE',  ( -50.89166666666626782, 12.60621778264971127, 7.649999999999661071 ) ) ;
#3286 = CARTESIAN_POINT ( 'NONE',  ( 51.56250000095591446, -11.99999999999998224, 7.300000000000000711 ) ) ;
#3287 = ORIENTED_EDGE ( 'NONE', *, *, #1294, .T. ) ;
#3288 = DIRECTION ( 'NONE',  ( -1.000000000000000000, 0.000000000000000000, 0.000000000000000000 ) ) ;
#3289 = CARTESIAN_POINT ( 'NONE',  ( -44.99999999999996447, 30.00000000000002132, -8.161785944027805328 ) ) ;
#3290 = CARTESIAN_POINT ( 'NONE',  ( -50.41770833381135475, -11.48647981204520363, 7.110556943750002468 ) ) ;
#3291 = CARTESIAN_POINT ( 'NONE',  ( -50.76770833381129933, -11.48647981204520363, 7.110556943750000691 ) ) ;
#3292 = ORIENTED_EDGE ( 'NONE', *, *, #2275, .T. ) ;
#3293 = VECTOR ( 'NONE', #5063, 1000.000000000000000 ) ;
#3294 = B_SPLINE_CURVE_WITH_KNOTS ( 'NONE', 3,
 ( #2051, #2121, #6192, #4719 ),
 .UNSPECIFIED., .F., .F.,
 ( 4, 4 ),
 ( 0.000000000000000000, 0.0007113056166371871337 ),
 .UNSPECIFIED. ) ;
#3295 = ORIENTED_EDGE ( 'NONE', *, *, #845, .F. ) ;
#3296 = ORIENTED_EDGE ( 'NONE', *, *, #394, .T. ) ;
#3297 = CARTESIAN_POINT ( 'NONE',  ( 51.21120863763044895, 11.99991246928393629, 7.300000012195944521 ) ) ;
#3298 = CARTESIAN_POINT ( 'NONE',  ( -49.93645833381128085, 11.48647981204523738, 8.889443056249998421 ) ) ;
#3299 = CARTESIAN_POINT ( 'NONE',  ( -51.18442708332855062, -11.39542284234370761, 8.349052784718749010 ) ) ;
#3300 = CARTESIAN_POINT ( 'NONE',  ( 36.00000000000001421, 19.00000000000001776, -9.037102976004220523 ) ) ;
#3301 = CARTESIAN_POINT ( 'NONE',  ( -51.17604166714463076, -12.51352018795476262, 7.110556943750000691 ) ) ;
#3302 = CARTESIAN_POINT ( 'NONE',  ( 50.47604166714469187, 11.48647981204523560, 8.889443056250000197 ) ) ;
#3303 = CARTESIAN_POINT ( 'NONE',  ( -51.16145833381130359, 12.51352018795478216, 7.110556943750029113 ) ) ;
#3304 = ORIENTED_EDGE ( 'NONE', *, *, #134, .T. ) ;
#3305 = ORIENTED_EDGE ( 'NONE', *, *, #2226, .F. ) ;
#3306 = CARTESIAN_POINT ( 'NONE',  ( 51.39999999999996305, 11.51654946050527428, 7.348744186634153408 ) ) ;
#3307 = FACE_OUTER_BOUND ( 'NONE', #1469, .T. ) ;
#3308 = CARTESIAN_POINT ( 'NONE',  ( 51.64270833381129222, 11.48647981204523738, 7.110556943749999803 ) ) ;
#3309 = CARTESIAN_POINT ( 'NONE',  ( -51.32916666762258728, 12.60621778264912329, 7.650000000000000355 ) ) ;
#3310 = CARTESIAN_POINT ( 'NONE',  ( -50.51249999999999574, 12.80829037686549299, 8.000000000000000000 ) ) ;
#3311 = ORIENTED_EDGE ( 'NONE', *, *, #5600, .F. ) ;
#3312 = CARTESIAN_POINT ( 'NONE',  ( 51.99999999999999289, 12.01024198552258149, 8.026943859230120992 ) ) ;
#3313 = DIRECTION ( 'NONE',  ( 0.000000000000000000, -0.9396926207859082059, -0.3420201433256695456 ) ) ;
#3314 = CARTESIAN_POINT ( 'NONE',  ( 51.11770833381135759, -11.48647981204520363, 8.889443056250000197 ) ) ;
#3315 = CARTESIAN_POINT ( 'NONE',  ( 50.57083333333331154, 12.40414518843280156, 8.699999999999919353 ) ) ;
#3316 = EDGE_CURVE ( 'NONE', #3489, #2421, #1525, .T. ) ;
#3317 = CARTESIAN_POINT ( 'NONE',  ( 51.65109374999521208, -11.99999999999998224, 8.698105569437499796 ) ) ;
#3318 = CARTESIAN_POINT ( 'NONE',  ( -49.93645833381128085, -12.51352018795476262, 8.889443056249998421 ) ) ;
#3319 = AXIS2_PLACEMENT_3D ( 'NONE', #4338, #1158, #5739 ) ;
#3320 = EDGE_CURVE ( 'NONE', #1849, #2946, #6333, .T. ) ;
#3321 = CARTESIAN_POINT ( 'NONE',  ( 52.00000000000000000, -11.99999999999998224, 8.000000000000000000 ) ) ;
#3322 = AXIS2_PLACEMENT_3D ( 'NONE', #1656, #3750, #519 ) ;
#3323 = ORIENTED_EDGE ( 'NONE', *, *, #3207, .T. ) ;
#3324 = CARTESIAN_POINT ( 'NONE',  ( 51.21249999999999858, 12.80829037686549299, 8.000000000000000000 ) ) ;
#3325 = CARTESIAN_POINT ( 'NONE',  ( -51.29999999999998295, -11.99999999999975131, 7.300000000000000711 ) ) ;
#3326 = CARTESIAN_POINT ( 'NONE',  ( 51.38750000095591020, -11.99999999999998224, 8.699999999999999289 ) ) ;
#3327 = ORIENTED_EDGE ( 'NONE', *, *, #1528, .T. ) ;
#3328 = LINE ( 'NONE', #5367, #4324 ) ;
#3329 = CARTESIAN_POINT ( 'NONE',  ( -51.39999999999999858, -11.12211884029220954, 8.142946212756649871 ) ) ;
#3330 = CARTESIAN_POINT ( 'NONE',  ( -50.53437500047801478, -13.02704037590954478, 8.000000000000000000 ) ) ;
#3331 = CARTESIAN_POINT ( 'NONE',  ( -50.06770833381129648, -11.48647981204520363, 7.110556943750000691 ) ) ;
#3332 = ORIENTED_EDGE ( 'NONE', *, *, #3415, .F. ) ;
#3333 = ORIENTED_EDGE ( 'NONE', *, *, #2410, .F. ) ;
#3334 = CARTESIAN_POINT ( 'NONE',  ( 51.71562500047794941, -11.99999999999998224, 7.110556943750000691 ) ) ;
#3335 = CARTESIAN_POINT ( 'NONE',  ( -51.78854166714462792, 12.77028028193218745, 7.555278471875000790 ) ) ;
#3336 = CARTESIAN_POINT ( 'NONE',  ( -50.63026041666187638, -12.40305143843749924, 7.301894430562501093 ) ) ;
#3337 = CARTESIAN_POINT ( 'NONE',  ( 50.40312500047794231, -10.97295962409042147, 8.000000000000000000 ) ) ;
#3338 = CARTESIAN_POINT ( 'NONE',  ( -51.20520833381129222, -12.77028028193215370, 7.555278471875000790 ) ) ;
#3339 = CARTESIAN_POINT ( 'NONE',  ( 50.19166666762258444, 12.40414518843275538, 7.300000000000000711 ) ) ;
#3340 = CARTESIAN_POINT ( 'NONE',  ( -50.63645833381129790, 11.48647981204525514, 8.889443056249971775 ) ) ;
#3341 = EDGE_LOOP ( 'NONE', ( #1246, #5238, #4200, #3095 ) ) ;
#3342 = ORIENTED_EDGE ( 'NONE', *, *, #1913, .T. ) ;
#3343 = SURFACE_STYLE_FILL_AREA ( #1277 ) ;
#3344 = PLANE ( 'NONE',  #4365 ) ;
#3345 = CARTESIAN_POINT ( 'NONE',  ( 51.14687500047796220, 12.00000000000001776, 8.889443056250000197 ) ) ;
#3346 = CARTESIAN_POINT ( 'NONE',  ( -50.95000000095591020, 12.80829037686549299, 8.000000000000000000 ) ) ;
#3347 = CARTESIAN_POINT ( 'NONE',  ( -49.99015839585756282, 11.28928475410368293, 8.031900750290706270 ) ) ;
#3348 = ORIENTED_EDGE ( 'NONE', *, *, #4114, .T. ) ;
#3349 = DIRECTION ( 'NONE',  ( 0.000000000000000000, 0.000000000000000000, 1.000000000000000000 ) ) ;
#3350 = CARTESIAN_POINT ( 'NONE',  ( 50.18437500047802757, -13.02704037590954478, 8.000000000000000000 ) ) ;
#3351 = DIRECTION ( 'NONE',  ( -0.000000000000000000, -0.000000000000000000, 1.000000000000000000 ) ) ;
#3352 = CARTESIAN_POINT ( 'NONE',  ( 51.50526041666188348, -11.59694856156246701, 7.301894430562501093 ) ) ;
#3353 = CARTESIAN_POINT ( 'NONE',  ( -50.37395833381128796, -11.22971971806781255, 8.444721528124999210 ) ) ;
#3354 = FACE_OUTER_BOUND ( 'NONE', #5415, .T. ) ;
#3355 = EDGE_CURVE ( 'NONE', #1776, #3434, #6429, .T. ) ;
#3356 = CARTESIAN_POINT ( 'NONE',  ( 51.16145833381130359, -11.48647981204522139, 8.889443056249971775 ) ) ;
#3357 = CARTESIAN_POINT ( 'NONE',  ( 50.89166666666665861, 12.60621778264912329, 8.349999999999999645 ) ) ;
#3358 = DIRECTION ( 'NONE',  ( -1.000000000000000000, 0.000000000000000000, 0.000000000000000000 ) ) ;
#3359 = CARTESIAN_POINT ( 'NONE',  ( 50.38854166714462934, -11.22971971806781255, 8.444721528125000987 ) ) ;
#3360 = CARTESIAN_POINT ( 'NONE',  ( 51.39999999999997726, -11.60425012699477954, 7.209097082651226174 ) ) ;
#3361 = CARTESIAN_POINT ( 'NONE',  ( -50.95729166714463076, -12.77028028193212705, 8.444721528124984999 ) ) ;
#3362 = CARTESIAN_POINT ( 'NONE',  ( -50.53437500047795794, -13.02704037590954478, 8.000000000000000000 ) ) ;
#3363 = ORIENTED_EDGE ( 'NONE', *, *, #3596, .T. ) ;
#3364 = EDGE_CURVE ( 'NONE', #3473, #400, #2902, .T. ) ;
#3365 = ORIENTED_EDGE ( 'NONE', *, *, #758, .F. ) ;
#3366 = CARTESIAN_POINT ( 'NONE',  ( -50.40312500047794231, 13.02704037590958031, 8.000000000000000000 ) ) ;
#3367 = CARTESIAN_POINT ( 'NONE',  ( -50.19276041666188348, -11.39542284234370761, 7.650947215281250102 ) ) ;
#3368 = FACE_OUTER_BOUND ( 'NONE', #320, .T. ) ;
#3369 = CARTESIAN_POINT ( 'NONE',  ( -51.23437500047796078, -13.02704037590954478, 8.000000000000000000 ) ) ;
#3370 = DIRECTION ( 'NONE',  ( -1.304085479583589596E-15, 0.9396926207859080948, 0.3420201433256694346 ) ) ;
#3371 = CARTESIAN_POINT ( 'NONE',  ( -51.39999999999998437, 12.51172035390603732, 8.727496549620433086 ) ) ;
#3372 = ORIENTED_EDGE ( 'NONE', *, *, #394, .F. ) ;
#3373 = ORIENTED_EDGE ( 'NONE', *, *, #3981, .F. ) ;
#3374 = DIRECTION ( 'NONE',  ( 1.000000000000000000, 0.000000000000000000, 0.000000000000000000 ) ) ;
#3375 = CARTESIAN_POINT ( 'NONE',  ( 49.99999999999997158, -12.00859727304271019, 7.127721352070567562 ) ) ;
#3376 = CARTESIAN_POINT ( 'NONE',  ( 51.06666666762258444, 11.59585481156727838, 8.700000000000001066 ) ) ;
#3377 =( BOUNDED_CURVE ( )  B_SPLINE_CURVE ( 2, ( #5525, #907, #2974, #5030, #414 ),
 .UNSPECIFIED., .F., .F. ) 
 B_SPLINE_CURVE_WITH_KNOTS ( ( 3, 2, 3 ),
 ( 0.007533916141769692217, 0.008048955153560393566, 0.008782335732866783373 ),
 .UNSPECIFIED. ) 
 CURVE ( )  GEOMETRIC_REPRESENTATION_ITEM ( )  RATIONAL_B_SPLINE_CURVE ( ( 0.9439765058520106500, 0.9059122294932037134, 1.000000000000000000, 0.8660254037843948538, 1.000000000000043965 ) ) 
 REPRESENTATION_ITEM ( '' )  );
#3378 = CARTESIAN_POINT ( 'NONE',  ( -50.86250000095591162, 12.00000000000001776, 8.699999999999999289 ) ) ;
#3379 = CARTESIAN_POINT ( 'NONE',  ( -51.39479166714462366, 12.51352018795479815, 8.889443056249998421 ) ) ;
#3380 = ORIENTED_EDGE ( 'NONE', *, *, #668, .T. ) ;
#3381 = B_SPLINE_CURVE_WITH_KNOTS ( 'NONE', 3,
 ( #5111, #965, #932, #3985, #2934, #2040, #1980, #6114 ),
 .UNSPECIFIED., .F., .F.,
 ( 4, 2, 2, 4 ),
 ( 0.000000000000000000, 0.0007863557556716146675, 0.001179533633507423140, 0.001572711511343231720 ),
 .UNSPECIFIED. ) ;
#3382 = DIRECTION ( 'NONE',  ( -0.000000000000000000, -1.000000000000000000, -0.000000000000000000 ) ) ;
#3383 = CARTESIAN_POINT ( 'NONE',  ( 36.00000000000001421, 19.00000000000001776, -20.00000000000000711 ) ) ;
#3384 = CARTESIAN_POINT ( 'NONE',  ( -49.96562500047794941, -11.99999999999998224, 8.889443056250000197 ) ) ;
#3385 = CARTESIAN_POINT ( 'NONE',  ( -50.68750000095591446, 12.00000000000001776, 7.300000000000000711 ) ) ;
#3386 = CARTESIAN_POINT ( 'NONE',  ( 51.19062500047796505, -11.99999999999998224, 8.889443056249969999 ) ) ;
#3387 = CARTESIAN_POINT ( 'NONE',  ( 51.03750000000000142, 11.19170962313454076, 8.000000000000000000 ) ) ;
#3388 = FACE_OUTER_BOUND ( 'NONE', #613, .T. ) ;
#3389 = CARTESIAN_POINT ( 'NONE',  ( 51.18333333428925158, -12.40414518843271985, 7.300000000000000711 ) ) ;
#3390 = CYLINDRICAL_SURFACE ( 'NONE', #5430, 0.6999999999999992895 ) ;
#3391 = CARTESIAN_POINT ( 'NONE',  ( -50.25729166714463503, -12.77028028193212705, 8.444721528124984999 ) ) ;
#3392 = CARTESIAN_POINT ( 'NONE',  ( -51.39999999999999147, -11.99999999999998224, 8.000000000000000000 ) ) ;
#3393 = CARTESIAN_POINT ( 'NONE',  ( -50.82604166714462934, -12.51352018795476262, 7.110556943750000691 ) ) ;
#3394 = ORIENTED_EDGE ( 'NONE', *, *, #3835, .T. ) ;
#3395 = ORIENTED_EDGE ( 'NONE', *, *, #1834, .F. ) ;
#3396 = ADVANCED_FACE ( 'NONE', ( #5101 ), #1053, .F. ) ;
#3397 = CARTESIAN_POINT ( 'NONE',  ( -51.32187500047795936, 12.00000000000001776, 8.889443056249998421 ) ) ;
#3398 = CARTESIAN_POINT ( 'NONE',  ( -51.53333333333333144, -11.39378221735087671, 8.349999999999999645 ) ) ;
#3399 = CARTESIAN_POINT ( 'NONE',  ( 36.00000000000000000, 30.00000000000012434, -7.161785944027766249 ) ) ;
#3400 = CARTESIAN_POINT ( 'NONE',  ( -50.88437500047795936, -13.02704037590954478, 8.000000000000000000 ) ) ;
#3401 = CARTESIAN_POINT ( 'NONE',  ( -35.99999999999999289, 14.00000000000001776, -12.98530969228705878 ) ) ;
#3402 = CARTESIAN_POINT ( 'NONE',  ( -51.38161271263705743, 12.28148615838532720, 8.889443056249971775 ) ) ;
#3403 = ORIENTED_EDGE ( 'NONE', *, *, #1615, .T. ) ;
#3404 = ADVANCED_FACE ( 'NONE', ( #2543 ), #4632, .F. ) ;
#3405 = EDGE_LOOP ( 'NONE', ( #6657, #2397, #3009, #1029 ) ) ;
#3406 = FACE_BOUND ( 'NONE', #774, .T. ) ;
#3407 = DIRECTION ( 'NONE',  ( -1.000000000000000000, 0.000000000000000000, 0.000000000000000000 ) ) ;
#3408 = CARTESIAN_POINT ( 'NONE',  ( 51.62083333428924448, 12.60621778264912329, 7.650000000000000355 ) ) ;
#3409 = CARTESIAN_POINT ( 'NONE',  ( -51.70833333428925016, 12.40414518843275538, 7.300000000000000711 ) ) ;
#3410 = CARTESIAN_POINT ( 'NONE',  ( -50.31562500047795083, 12.00000000000001776, 8.889443056250000197 ) ) ;
#3411 = ORIENTED_EDGE ( 'NONE', *, *, #1333, .F. ) ;
#3412 =( BOUNDED_CURVE ( )  B_SPLINE_CURVE ( 2, ( #5689, #1646, #2693 ),
 .UNSPECIFIED., .F., .F. ) 
 B_SPLINE_CURVE_WITH_KNOTS ( ( 3, 3 ),
 ( 0.1682449020631594239, 0.1749766067323166030 ),
 .UNSPECIFIED. ) 
 CURVE ( )  GEOMETRIC_REPRESENTATION_ITEM ( )  RATIONAL_B_SPLINE_CURVE ( ( 0.9524132558331255272, 0.9690559244836226549, 0.9999754236129766438 ) ) 
 REPRESENTATION_ITEM ( '' )  );
#3413 = CARTESIAN_POINT ( 'NONE',  ( 50.14062500047795368, 12.00000000000001776, 8.889443056250000197 ) ) ;
#3414 = LINE ( 'NONE', #6003, #904 ) ;
#3415 = EDGE_CURVE ( 'NONE', #4930, #6270, #1950, .T. ) ;
#3416 = CARTESIAN_POINT ( 'NONE',  ( 36.38000000000000966, 5.000000000000018652, -26.00000000000001066 ) ) ;
#3417 = CARTESIAN_POINT ( 'NONE',  ( 50.30833333428924448, -11.59585481156724462, 8.699999999999999289 ) ) ;
#3418 = EDGE_CURVE ( 'NONE', #6199, #1540, #3850, .T. ) ;
#3419 = CARTESIAN_POINT ( 'NONE',  ( 51.99999999999997868, 27.10050506338835419, -9.217115795360015795 ) ) ;
#3420 = CARTESIAN_POINT ( 'NONE',  ( 51.33645833381128654, 11.48647981204523738, 7.110556943749999803 ) ) ;
#3421 = DIRECTION ( 'NONE',  ( -1.000000000000000000, 0.000000000000000000, 0.000000000000000000 ) ) ;
#3422 = CARTESIAN_POINT ( 'NONE',  ( 50.54166666762258586, -11.59585481156724462, 7.300000000000000711 ) ) ;
#3423 = DIRECTION ( 'NONE',  ( 0.000000000000000000, 0.9396926207859082059, 0.3420201433256695456 ) ) ;
#3424 = CARTESIAN_POINT ( 'NONE',  ( -51.39343382648040404, -12.08222149833348169, 7.299999999999996270 ) ) ;
#3425 = ORIENTED_EDGE ( 'NONE', *, *, #2489, .F. ) ;
#3426 = CARTESIAN_POINT ( 'NONE',  ( -50.50520833381129648, 11.22971971806784808, 7.555278471875000790 ) ) ;
#3427 = CARTESIAN_POINT ( 'NONE',  ( -51.85416666666667140, -11.59585481156724462, 8.700000000000001066 ) ) ;
#3428 = CARTESIAN_POINT ( 'NONE',  ( 49.88078339633553071, -12.90305820061927555, 7.959465855949557245 ) ) ;
#3429 = CARTESIAN_POINT ( 'NONE',  ( -50.68750000095591446, -11.99999999999998224, 7.300000000000000711 ) ) ;
#3430 = FACE_OUTER_BOUND ( 'NONE', #2105, .T. ) ;
#3431 = CARTESIAN_POINT ( 'NONE',  ( -51.80312500047796220, -10.97295962409042147, 8.000000000000000000 ) ) ;
#3432 = ORIENTED_EDGE ( 'NONE', *, *, #3714, .T. ) ;
#3433 = EDGE_CURVE ( 'NONE', #1540, #3514, #6467, .T. ) ;
#3434 = VERTEX_POINT ( 'NONE', #3329 ) ;
#3435 = CARTESIAN_POINT ( 'NONE',  ( -51.40000000000001279, 11.87195062676370050, 8.816772125358983914 ) ) ;
#3436 = EDGE_CURVE ( 'NONE', #400, #2144, #6325, .T. ) ;
#3437 = CARTESIAN_POINT ( 'NONE',  ( -50.27187500047802615, 12.00000000000001776, 8.889443056249998421 ) ) ;
#3438 = EDGE_CURVE ( 'NONE', #1703, #4852, #6550, .T. ) ;
#3439 = CARTESIAN_POINT ( 'NONE',  ( 49.85592661420626115, 11.16268285950458328, 7.671389716886380938 ) ) ;
#3440 = CARTESIAN_POINT ( 'NONE',  ( -49.95833333428925016, 12.40414518843275538, 7.300000000000000711 ) ) ;
#3441 = CARTESIAN_POINT ( 'NONE',  ( -51.09583333333335986, 11.59585481156751996, 8.700000000000409628 ) ) ;
#3442 = VERTEX_POINT ( 'NONE', #1298 ) ;
#3443 = EDGE_CURVE ( 'NONE', #835, #2248, #4654, .T. ) ;
#3444 = CARTESIAN_POINT ( 'NONE',  ( 50.69479166714462082, 12.51352018795479815, 7.110556943749999803 ) ) ;
#3445 = CARTESIAN_POINT ( 'NONE',  ( 50.07499999999998863, 11.99999999999982236, 7.300000000000002487 ) ) ;
#3446 = CARTESIAN_POINT ( 'NONE',  ( 52.00000000000000000, 12.00000000000001776, 8.000000000000000000 ) ) ;
#3447 = CIRCLE ( 'NONE', #3758, 1.499999999999997780 ) ;
#3448 = CARTESIAN_POINT ( 'NONE',  ( -51.15526041666188917, 12.40305143843753477, 8.698105569437499796 ) ) ;
#3449 = CARTESIAN_POINT ( 'NONE',  ( -20.54999999999999361, 30.00000000000000711, 0.2782140559721967832 ) ) ;
#3450 =( BOUNDED_CURVE ( )  B_SPLINE_CURVE ( 2, ( #1808, #1731, #6376, #5841, #5329, #716, #2745 ),
 .UNSPECIFIED., .F., .F. ) 
 B_SPLINE_CURVE_WITH_KNOTS ( ( 3, 2, 2, 3 ),
 ( 0.7500000000000000000, 0.7777777777777777901, 0.8055555555555555802, 0.8270227993898298102 ),
 .UNSPECIFIED. ) 
 CURVE ( )  GEOMETRIC_REPRESENTATION_ITEM ( )  RATIONAL_B_SPLINE_CURVE ( ( 1.000000000000000000, 0.8660254037844387076, 1.000000000000000000, 0.8660254037844387076, 1.000000000000000000, 0.8964616483159161264, 0.9529564756415089821 ) ) 
 REPRESENTATION_ITEM ( '' )  );
#3451 = VERTEX_POINT ( 'NONE', #3289 ) ;
#3452 = CARTESIAN_POINT ( 'NONE',  ( 50.59270833381129506, -12.51352018795476262, 7.110556943749999803 ) ) ;
#3453 = CARTESIAN_POINT ( 'NONE',  ( 51.13229166714464213, -11.22971971806783742, 8.444721528124986776 ) ) ;
#3454 = CARTESIAN_POINT ( 'NONE',  ( 51.74479166714463219, 12.51352018795479815, 7.110556943749999803 ) ) ;
#3455 = CARTESIAN_POINT ( 'NONE',  ( -51.00000000000000000, 23.00000000000001421, -9.709577583891228159 ) ) ;
#3456 = CARTESIAN_POINT ( 'NONE',  ( 51.44310950253895953, -12.60213203502367030, 8.347641092508624183 ) ) ;
#3457 = DIRECTION ( 'NONE',  ( 0.000000000000000000, 0.000000000000000000, 1.000000000000000000 ) ) ;
#3458 = CARTESIAN_POINT ( 'NONE',  ( 51.38161271263705743, 12.28148615838532542, 7.110556943750031778 ) ) ;
#3459 = EDGE_CURVE ( 'NONE', #1776, #6593, #362, .T. ) ;
#3460 = ORIENTED_EDGE ( 'NONE', *, *, #3940, .T. ) ;
#3461 = CARTESIAN_POINT ( 'NONE',  ( -50.65104166714462508, 12.51352018795479815, 8.889443056249998421 ) ) ;
#3462 = CARTESIAN_POINT ( 'NONE',  ( 50.33750598047938496, 11.99992242122890218, 8.699999995701096722 ) ) ;
#3463 = CARTESIAN_POINT ( 'NONE',  ( -51.00000000000000000, -29.00000000000001421, -29.63602976573380587 ) ) ;
#3464 = CARTESIAN_POINT ( 'NONE',  ( 51.39999999999999147, -12.00815067340503184, 8.026943859230120992 ) ) ;
#3465 = ORIENTED_EDGE ( 'NONE', *, *, #3808, .F. ) ;
#3466 = VERTEX_POINT ( 'NONE', #5345 ) ;
#3467 = DIRECTION ( 'NONE',  ( 0.000000000000000000, -0.9396926207859082059, -0.3420201433256695456 ) ) ;
#3468 = CARTESIAN_POINT ( 'NONE',  ( -50.15520833381136612, 11.22971971806784808, 7.555278471875000790 ) ) ;
#3469 = CARTESIAN_POINT ( 'NONE',  ( 51.30000000095591162, 12.80829037686549299, 8.000000000000000000 ) ) ;
#3470 = CARTESIAN_POINT ( 'NONE',  ( 51.53442708332855204, -11.39542284234370761, 7.650947215281250102 ) ) ;
#3471 = CARTESIAN_POINT ( 'NONE',  ( -49.75416666762258444, 11.39378221735091223, 8.349999999999999645 ) ) ;
#3472 = CARTESIAN_POINT ( 'NONE',  ( -51.06666666666666288, 11.39378221735091579, 8.349999999999996092 ) ) ;
#3473 = VERTEX_POINT ( 'NONE', #3734 ) ;
#3474 = VECTOR ( 'NONE', #1901, 1000.000000000000000 ) ;
#3475 = VECTOR ( 'NONE', #2031, 1000.000000000000000 ) ;
#3476 = CARTESIAN_POINT ( 'NONE',  ( 51.19062500047795794, 12.00000000000001776, 8.889443056250000197 ) ) ;
#3477 = DIRECTION ( 'NONE',  ( 0.000000000000000000, 0.000000000000000000, 1.000000000000000000 ) ) ;
#3478 = CARTESIAN_POINT ( 'NONE',  ( -51.18442708332855062, 12.60457715765629239, 8.349052784718749010 ) ) ;
#3479 = EDGE_CURVE ( 'NONE', #697, #2011, #3195, .T. ) ;
#3480 = DIRECTION ( 'NONE',  ( -1.000000000000000000, 0.000000000000000000, 0.000000000000000000 ) ) ;
#3481 = EDGE_CURVE ( 'NONE', #2804, #1703, #126, .T. ) ;
#3482 = CARTESIAN_POINT ( 'NONE',  ( 50.94270833381129648, -12.51352018795476262, 7.110556943749999803 ) ) ;
#3483 = CARTESIAN_POINT ( 'NONE',  ( 51.07395833381130501, -11.22971971806783742, 7.555278471875014112 ) ) ;
#3484 = CARTESIAN_POINT ( 'NONE',  ( 51.36562500047795510, 12.00000000000001776, 7.110556943750000691 ) ) ;
#3485 = CARTESIAN_POINT ( 'NONE',  ( -50.22083333428924590, 12.60621778264912329, 8.349999999999999645 ) ) ;
#3486 = CARTESIAN_POINT ( 'NONE',  ( 49.84166666762257591, -11.59585481156724462, 7.300000000000000711 ) ) ;
#3487 = CARTESIAN_POINT ( 'NONE',  ( -50.42499999999993321, -12.00000000000091482, 8.700000000000002842 ) ) ;
#3488 =( BOUNDED_CURVE ( )  B_SPLINE_CURVE ( 2, ( #1596, #6614, #14, #5074, #1086, #5102, #1563 ),
 .UNSPECIFIED., .F., .F. ) 
 B_SPLINE_CURVE_WITH_KNOTS ( ( 3, 2, 2, 3 ),
 ( 0.2499999999999988898, 0.2777777777777769019, 0.3055555555555549696, 0.3333333333333329263 ),
 .UNSPECIFIED. ) 
 CURVE ( )  GEOMETRIC_REPRESENTATION_ITEM ( )  RATIONAL_B_SPLINE_CURVE ( ( 1.000000000000005329, 0.8660254037844333785, 1.000000000000000000, 0.8660254037844387076, 1.000000000000000000, 0.8660254037844405950, 0.9999999999999981126 ) ) 
 REPRESENTATION_ITEM ( '' )  );
#3489 = VERTEX_POINT ( 'NONE', #1676 ) ;
#3490 = VECTOR ( 'NONE', #3382, 1000.000000000000000 ) ;
#3491 = CARTESIAN_POINT ( 'NONE',  ( -49.98020833381129080, 12.77028028193218745, 8.444721528124999210 ) ) ;
#3492 =( NAMED_UNIT ( * ) SI_UNIT ( $, .STERADIAN. ) SOLID_ANGLE_UNIT ( ) );
#3493 = CARTESIAN_POINT ( 'NONE',  ( -49.90000000095591304, -11.19170962313450701, 8.000000000000000000 ) ) ;
#3494 = FACE_OUTER_BOUND ( 'NONE', #2683, .T. ) ;
#3495 = CARTESIAN_POINT ( 'NONE',  ( 51.24166666666666714, -11.39378221735087138, 8.350000000000003197 ) ) ;
#3496 = VERTEX_POINT ( 'NONE', #1713 ) ;
#3497 = AXIS2_PLACEMENT_3D ( 'NONE', #325, #4000, #3423 ) ;
#3498 = ORIENTED_EDGE ( 'NONE', *, *, #61, .T. ) ;
#3499 = CARTESIAN_POINT ( 'NONE',  ( 51.62192708332855062, 12.40305143843753477, 8.698105569437499796 ) ) ;
#3500 = CARTESIAN_POINT ( 'NONE',  ( -50.65104166714470324, 12.51352018795479815, 8.889443056249998421 ) ) ;
#3501 = CARTESIAN_POINT ( 'NONE',  ( 49.98020833381129080, 12.77028028193218745, 7.555278471875000790 ) ) ;
#3502 = VECTOR ( 'NONE', #6289, 1000.000000000000114 ) ;
#3503 = CARTESIAN_POINT ( 'NONE',  ( 51.85416666666667140, -11.59585481156724462, 7.300000000000000711 ) ) ;
#3504 = CARTESIAN_POINT ( 'NONE',  ( -50.22083333428924590, 12.60621778264912329, 8.349999999999999645 ) ) ;
#3505 = CARTESIAN_POINT ( 'NONE',  ( -50.49062500047795510, 12.00000000000001776, 7.110556943750000691 ) ) ;
#3506 = ORIENTED_EDGE ( 'NONE', *, *, #6478, .T. ) ;
#3507 = VECTOR ( 'NONE', #5756, 1000.000000000000000 ) ;
#3508 = CARTESIAN_POINT ( 'NONE',  ( 51.16145833381128938, -11.48647981204520363, 8.889443056249998421 ) ) ;
#3509 = CARTESIAN_POINT ( 'NONE',  ( 50.11145833381129222, 12.51352018795479815, 8.889443056249998421 ) ) ;
#3510 = CARTESIAN_POINT ( 'NONE',  ( -44.99999999999998579, 23.00000000000000355, 10.00000000000000178 ) ) ;
#3511 = CARTESIAN_POINT ( 'NONE',  ( -51.03750000095591588, 12.00000000000001776, 7.300000000000000711 ) ) ;
#3512 = CARTESIAN_POINT ( 'NONE',  ( 52.00000000000000000, -11.99999999999998224, 8.000000000000000000 ) ) ;
#3513 = CARTESIAN_POINT ( 'NONE',  ( 50.33750000095591304, -11.99999999999998224, 8.699999999999999289 ) ) ;
#3514 = VERTEX_POINT ( 'NONE', #3161 ) ;
#3515 = ADVANCED_FACE ( 'NONE', ( #6283 ), #734, .T. ) ;
#3516 = CARTESIAN_POINT ( 'NONE',  ( 51.49687500047795652, -11.99999999999998224, 8.889443056250000197 ) ) ;
#3517 = FACE_OUTER_BOUND ( 'NONE', #5898, .T. ) ;
#3518 = CARTESIAN_POINT ( 'NONE',  ( 50.24999999999999289, 12.00000000000001776, 8.699999999999999289 ) ) ;
#3519 = CARTESIAN_POINT ( 'NONE',  ( 3.750000000000003997, 33.00000000000000000, 1.900000000000000577 ) ) ;
#3520 = EDGE_CURVE ( 'NONE', #3451, #6413, #1751, .T. ) ;
#3521 = ADVANCED_FACE ( 'NONE', ( #2211 ), #4346, .F. ) ;
#3522 = CARTESIAN_POINT ( 'NONE',  ( 50.30833333428924448, -11.59585481156724462, 8.700000000000001066 ) ) ;
#3523 = CARTESIAN_POINT ( 'NONE',  ( 51.10312500047797357, 13.02704037590954655, 8.000000000000000000 ) ) ;
#3524 = ORIENTED_EDGE ( 'NONE', *, *, #2684, .T. ) ;
#3525 = CARTESIAN_POINT ( 'NONE',  ( -50.56354166714462650, 11.22971971806784808, 8.444721528124999210 ) ) ;
#3526 = CARTESIAN_POINT ( 'NONE',  ( -49.78333333428924590, -12.40414518843271985, 8.700000000000001066 ) ) ;
#3527 = CARTESIAN_POINT ( 'NONE',  ( 0.000000000000000000, 0.000000000000000000, 10.00000000000000000 ) ) ;
#3528 = CARTESIAN_POINT ( 'NONE',  ( 51.12500000000000000, -11.99999999999998224, 7.300000000000000711 ) ) ;
#3529 = VERTEX_POINT ( 'NONE', #5857 ) ;
#3530 = CIRCLE ( 'NONE', #6317, 1.000000000000000000 ) ;
#3531 = ORIENTED_EDGE ( 'NONE', *, *, #96, .F. ) ;
#3532 = CARTESIAN_POINT ( 'NONE',  ( 51.82609374999521634, 12.00000000000001776, 7.301894430562501093 ) ) ;
#3533 = CARTESIAN_POINT ( 'NONE',  ( -51.23437500047803184, 10.97295962409045877, 8.000000000000000000 ) ) ;
#3534 = CARTESIAN_POINT ( 'NONE',  ( 49.87083333428924448, 12.60621778264912329, 7.650000000000000355 ) ) ;
#3535 = CARTESIAN_POINT ( 'NONE',  ( 51.44583333333333286, -12.40414518843271985, 7.300000000000000711 ) ) ;
#3536 = CARTESIAN_POINT ( 'NONE',  ( -50.04583333428924874, 11.39378221735091223, 7.650000000000001243 ) ) ;
#3537 = CARTESIAN_POINT ( 'NONE',  ( -49.88078339633552361, 11.09694179938071734, 8.040534144050338838 ) ) ;
#3538 = VERTEX_POINT ( 'NONE', #4238 ) ;
#3539 = ADVANCED_FACE ( 'NONE', ( #4853 ), #5821, .F. ) ;
#3540 = CARTESIAN_POINT ( 'NONE',  ( 50.84062500047794941, -11.99999999999998224, 8.889443056250000197 ) ) ;
#3541 = CARTESIAN_POINT ( 'NONE',  ( 51.70104166714462224, 12.51352018795479815, 7.110556943749999803 ) ) ;
#3542 = LINE ( 'NONE', #1508, #5422 ) ;
#3543 = CARTESIAN_POINT ( 'NONE',  ( 51.29999999999998295, 12.00000000000025224, 8.699999999999995737 ) ) ;
#3544 = ORIENTED_EDGE ( 'NONE', *, *, #994, .T. ) ;
#3545 = CARTESIAN_POINT ( 'NONE',  ( 50.79687500047795368, -11.99999999999998224, 8.889443056250000197 ) ) ;
#3546 = CARTESIAN_POINT ( 'NONE',  ( 49.99999999999998579, 23.00000000000002487, -7.581222038939398722 ) ) ;
#3547 = CARTESIAN_POINT ( 'NONE',  ( 50.45416666666665861, 12.40414518843275538, 7.300000000000000711 ) ) ;
#3548 = DIRECTION ( 'NONE',  ( 0.000000000000000000, -1.000000000000000000, 0.000000000000000000 ) ) ;
#3549 = CARTESIAN_POINT ( 'NONE',  ( 51.32644283587229950, -11.39786796497629595, 8.347641092508624183 ) ) ;
#3550 = CARTESIAN_POINT ( 'NONE',  ( -51.09583333333333144, -12.40414518843271985, 8.700000000000001066 ) ) ;
#3551 = ORIENTED_EDGE ( 'NONE', *, *, #6595, .T. ) ;
#3552 = CARTESIAN_POINT ( 'NONE',  ( -50.95000000000002416, -12.00000000000043165, 7.300000000000002487 ) ) ;
#3553 = CARTESIAN_POINT ( 'NONE',  ( -50.04583333428924874, -12.60621778264908954, 7.650000000000001243 ) ) ;
#3554 = CARTESIAN_POINT ( 'NONE',  ( 50.86249999999960636, -11.19170962313371653, 8.000000000000000000 ) ) ;
#3555 = CARTESIAN_POINT ( 'NONE',  ( -49.99999999999999289, 12.83972920572568199, 8.377250297914372368 ) ) ;
#3556 = ADVANCED_FACE ( 'NONE', ( #2763 ), #5212, .F. ) ;
#3557 = ORIENTED_EDGE ( 'NONE', *, *, #876, .T. ) ;
#3558 = EDGE_CURVE ( 'NONE', #6147, #4104, #5494, .T. ) ;
#3559 = VERTEX_POINT ( 'NONE', #625 ) ;
#3560 = FACE_OUTER_BOUND ( 'NONE', #4806, .T. ) ;
#3561 = CARTESIAN_POINT ( 'NONE',  ( 49.95833333428925016, 12.40414518843275538, 8.700000000000001066 ) ) ;
#3562 = CARTESIAN_POINT ( 'NONE',  ( 50.65833333333333144, -12.60621778264908954, 8.349999999999999645 ) ) ;
#3563 = CARTESIAN_POINT ( 'NONE',  ( 50.99999999999999289, 23.00000000000001421, -10.70957758389122993 ) ) ;
#3564 = DIRECTION ( 'NONE',  ( -1.000000000000000000, 0.000000000000000000, 0.000000000000000000 ) ) ;
#3565 = EDGE_LOOP ( 'NONE', ( #5993, #3063, #4570, #489 ) ) ;
#3566 = CARTESIAN_POINT ( 'NONE',  ( 50.34479166714461229, -11.48647981204520363, 7.110556943749999803 ) ) ;
#3567 = CARTESIAN_POINT ( 'NONE',  ( 49.83703592025375428, 11.09694369580288331, 7.959427372266068446 ) ) ;
#3568 = DIRECTION ( 'NONE',  ( -1.000000000000000000, 0.000000000000000000, 0.000000000000000000 ) ) ;
#3569 = VECTOR ( 'NONE', #4951, 1000.000000000000000 ) ;
#3570 = PLANE ( 'NONE',  #4330 ) ;
#3571 = AXIS2_PLACEMENT_3D ( 'NONE', #5150, #1611, #4650 ) ;
#3572 = CARTESIAN_POINT ( 'NONE',  ( 50.51323675392275447, 12.00004806514223077, 7.300000003990494868 ) ) ;
#3573 = CARTESIAN_POINT ( 'NONE',  ( -50.95109374999521634, 12.00000000000001776, 7.301894430562501093 ) ) ;
#3574 = EDGE_CURVE ( 'NONE', #1240, #1014, #3796, .T. ) ;
#3575 = CARTESIAN_POINT ( 'NONE',  ( 51.12500000000000000, -11.99999999999998224, 7.300000000000000711 ) ) ;
#3576 = CARTESIAN_POINT ( 'NONE',  ( -50.33750000095591304, -11.99999999999998224, 7.300000000000000711 ) ) ;
#3577 = FACE_OUTER_BOUND ( 'NONE', #1865, .T. ) ;
#3578 = CARTESIAN_POINT ( 'NONE',  ( 50.69479166714462082, 12.51352018795479815, 7.110556943749999803 ) ) ;
#3579 = DIRECTION ( 'NONE',  ( 0.000000000000000000, 0.000000000000000000, 1.000000000000000000 ) ) ;
#3580 = CARTESIAN_POINT ( 'NONE',  ( 50.07227616920563662, -12.80284271336489788, 8.000000000000000000 ) ) ;
#3581 =( BOUNDED_CURVE ( )  B_SPLINE_CURVE ( 2, ( #1935, #452, #4558, #479, #3485, #6010, #6098 ),
 .UNSPECIFIED., .F., .F. ) 
 B_SPLINE_CURVE_WITH_KNOTS ( ( 3, 2, 2, 3 ),
 ( 0.6666666666666658525, 0.6944444444444438647, 0.7222222222222219878, 0.7500000000000000000 ),
 .UNSPECIFIED. ) 
 CURVE ( )  GEOMETRIC_REPRESENTATION_ITEM ( )  RATIONAL_B_SPLINE_CURVE ( ( 1.000000000000003775, 0.8660254037844349329, 1.000000000000000000, 0.8660254037844387076, 1.000000000000000000, 0.8660254037844387076, 1.000000000000000000 ) ) 
 REPRESENTATION_ITEM ( '' )  );
#3582 = CARTESIAN_POINT ( 'NONE',  ( -50.86249999999999716, -11.19170962313450701, 8.000000000000000000 ) ) ;
#3583 = VERTEX_POINT ( 'NONE', #4817 ) ;
#3584 = DIRECTION ( 'NONE',  ( 1.000000000000000000, 0.000000000000000000, 0.000000000000000000 ) ) ;
#3585 = CYLINDRICAL_SURFACE ( 'NONE', #881, 0.6999999999999992895 ) ;
#3586 = CARTESIAN_POINT ( 'NONE',  ( 52.00000000000000000, 12.00000000000001776, 8.000000000000000000 ) ) ;
#3587 = CARTESIAN_POINT ( 'NONE',  ( -50.92812500047795510, -13.02704037590954478, 8.000000000000000000 ) ) ;
#3588 = ORIENTED_EDGE ( 'NONE', *, *, #620, .F. ) ;
#3589 = ORIENTED_EDGE ( 'NONE', *, *, #6641, .T. ) ;
#3590 = ADVANCED_FACE ( 'NONE', ( #200, #2288 ), #95, .T. ) ;
#3591 = DIRECTION ( 'NONE',  ( -0.000000000000000000, -0.000000000000000000, 1.000000000000000000 ) ) ;
#3592 = CARTESIAN_POINT ( 'NONE',  ( 51.41394283605564652, 11.59857864313421416, 8.695282185334807679 ) ) ;
#3593 = CARTESIAN_POINT ( 'NONE',  ( -51.33645833381128654, 11.48647981204523738, 8.889443056249998421 ) ) ;
#3594 = EDGE_CURVE ( 'NONE', #3514, #1497, #2857, .T. ) ;
#3595 = CARTESIAN_POINT ( 'NONE',  ( 51.91250000000000142, -11.19170962313450701, 8.000000000000000000 ) ) ;
#3596 = EDGE_CURVE ( 'NONE', #2776, #6430, #5907, .T. ) ;
#3597 = CARTESIAN_POINT ( 'NONE',  ( -50.68749999999961631, 11.19170962313377693, 8.000000000000000000 ) ) ;
#3598 = CARTESIAN_POINT ( 'NONE',  ( 52.00000000000000000, 12.00000000000001776, 8.699999999999999289 ) ) ;
#3599 = ORIENTED_EDGE ( 'NONE', *, *, #3938, .F. ) ;
#3600 = ORIENTED_EDGE ( 'NONE', *, *, #1552, .T. ) ;
#3601 = CARTESIAN_POINT ( 'NONE',  ( 50.08229166714461655, -11.22971971806781255, 8.444721528125000987 ) ) ;
#3602 = VECTOR ( 'NONE', #3591, 1000.000000000000000 ) ;
#3603 = CARTESIAN_POINT ( 'NONE',  ( 51.23437500047796078, 10.97295962409045522, 8.000000000000000000 ) ) ;
#3604 = LINE ( 'NONE', #65, #42 ) ;
#3605 = CARTESIAN_POINT ( 'NONE',  ( -49.99999999999997158, 11.99140272695743192, 8.872278647929428885 ) ) ;
#3606 = DIRECTION ( 'NONE',  ( 0.000000000000000000, 0.000000000000000000, -1.000000000000000000 ) ) ;
#3607 = CARTESIAN_POINT ( 'NONE',  ( -51.03750000000000142, 11.19170962313454076, 8.000000000000000000 ) ) ;
#3608 = CARTESIAN_POINT ( 'NONE',  ( 51.39999999999999147, 12.01024198552258149, 6.526943859230120992 ) ) ;
#3609 = EDGE_LOOP ( 'NONE', ( #4121, #4509 ) ) ;
#3610 = PLANE ( 'NONE',  #695 ) ;
#3611 = CYLINDRICAL_SURFACE ( 'NONE', #4582, 4.999999999999997335 ) ;
#3612 = FACE_OUTER_BOUND ( 'NONE', #6649, .T. ) ;
#3613 = CARTESIAN_POINT ( 'NONE',  ( 3.750000000000003997, 30.00000000000001066, 1.900000000000000577 ) ) ;
#3614 = CARTESIAN_POINT ( 'NONE',  ( 51.03477616920563520, -11.99999999999998224, 8.695282185017244814 ) ) ;
#3615 = CARTESIAN_POINT ( 'NONE',  ( -51.36562500047795510, -11.99999999999998224, 8.889443056250000197 ) ) ;
#3616 = ORIENTED_EDGE ( 'NONE', *, *, #5727, .T. ) ;
#3617 =( BOUNDED_CURVE ( )  B_SPLINE_CURVE ( 2, ( #6322, #5786, #5277, #1167, #166, #2214, #2131, #1658, #3650 ),
 .UNSPECIFIED., .F., .F. ) 
 B_SPLINE_CURVE_WITH_KNOTS ( ( 3, 2, 2, 2, 3 ),
 ( 0.6124230993179303750, 0.6124274864299771304, 0.6415907000694998086, 0.6707539137090223758, 0.6999138940381590679 ),
 .UNSPECIFIED. ) 
 CURVE ( )  GEOMETRIC_REPRESENTATION_ITEM ( )  RATIONAL_B_SPLINE_CURVE ( ( 0.9999596976414533156, 0.9999798457888665615, 1.000000000000000000, 0.8660254037844387076, 1.000000000000000000, 0.8660254037844387076, 1.000000000000000000, 0.8660402574785055485, 0.9999702959055090101 ) ) 
 REPRESENTATION_ITEM ( '' )  );
#3618 = CARTESIAN_POINT ( 'NONE',  ( 51.29270833381129080, -12.51352018795476262, 7.110556943749999803 ) ) ;
#3619 = CARTESIAN_POINT ( 'NONE',  ( -50.89166666762258018, -11.59585481156724285, 8.700000000000004619 ) ) ;
#3620 = CARTESIAN_POINT ( 'NONE',  ( 50.99999999999999289, 23.00000000000001421, -9.709577583891228159 ) ) ;
#3621 = CARTESIAN_POINT ( 'NONE',  ( 50.92083333333295059, -11.59585481156698883, 8.700000000000919442 ) ) ;
#3622 = CARTESIAN_POINT ( 'NONE',  ( -50.46145833381128654, -11.48647981204520363, 7.110556943749999803 ) ) ;
#3623 = ORIENTED_EDGE ( 'NONE', *, *, #994, .F. ) ;
#3624 = ORIENTED_EDGE ( 'NONE', *, *, #6100, .T. ) ;
#3625 = CARTESIAN_POINT ( 'NONE',  ( 49.92916666762258160, 12.60621778264912329, 8.349999999999999645 ) ) ;
#3626 = CARTESIAN_POINT ( 'NONE',  ( 50.54895833381130643, 11.22971971806787117, 8.444721528124983223 ) ) ;
#3627 = AXIS2_PLACEMENT_3D ( 'NONE', #1724, #4489, #6633 ) ;
#3628 = CARTESIAN_POINT ( 'NONE',  ( 50.01776041666188632, -12.60457715765625863, 7.650947215281250102 ) ) ;
#3629 = CARTESIAN_POINT ( 'NONE',  ( 50.86233989959499979, 11.99998949403813597, 7.300000000188230587 ) ) ;
#3630 = DIRECTION ( 'NONE',  ( -1.000000000000000000, 0.000000000000000000, 0.000000000000000000 ) ) ;
#3631 = ORIENTED_EDGE ( 'NONE', *, *, #3025, .F. ) ;
#3632 = EDGE_CURVE ( 'NONE', #5554, #6496, #5962, .T. ) ;
#3633 = EDGE_CURVE ( 'NONE', #5289, #1849, #4386, .T. ) ;
#3634 = ORIENTED_EDGE ( 'NONE', *, *, #5647, .T. ) ;
#3635 = CARTESIAN_POINT ( 'NONE',  ( 49.93645833381128085, -12.51352018795476262, 7.110556943749999803 ) ) ;
#3636 = CARTESIAN_POINT ( 'NONE',  ( 51.03020833381129506, 12.77028028193218745, 7.555278471875000790 ) ) ;
#3637 = DIRECTION ( 'NONE',  ( 0.000000000000000000, -0.000000000000000000, 1.000000000000000000 ) ) ;
#3638 = CARTESIAN_POINT ( 'NONE',  ( 51.29999999999998295, 12.00000000000025224, 8.699999999999995737 ) ) ;
#3639 = CARTESIAN_POINT ( 'NONE',  ( -51.14687500047796220, 12.00000000000001776, 7.110556943750001579 ) ) ;
#3640 = CARTESIAN_POINT ( 'NONE',  ( -50.48442708332854778, 12.60457715765629239, 8.349052784718749010 ) ) ;
#3641 = CARTESIAN_POINT ( 'NONE',  ( 50.19166666666667709, 12.60621778264912152, 8.349999999999997868 ) ) ;
#3642 = ADVANCED_FACE ( 'NONE', ( #3406, #6529 ), #3883, .T. ) ;
#3643 = CARTESIAN_POINT ( 'NONE',  ( -13.64999999999999503, 28.00000000000000711, -30.00000000000000000 ) ) ;
#3644 = CARTESIAN_POINT ( 'NONE',  ( 50.40312500047794231, 13.02704037590958031, 8.000000000000000000 ) ) ;
#3645 = FACE_OUTER_BOUND ( 'NONE', #2293, .T. ) ;
#3646 = CARTESIAN_POINT ( 'NONE',  ( 50.04310950253896095, -12.60213203502367030, 8.347641092508624183 ) ) ;
#3647 = CARTESIAN_POINT ( 'NONE',  ( -50.13333333333332575, -11.39378221735087671, 8.349999999999999645 ) ) ;
#3648 = ORIENTED_EDGE ( 'NONE', *, *, #3950, .F. ) ;
#3649 = CARTESIAN_POINT ( 'NONE',  ( 51.85526041666189201, 12.40305143843753477, 7.301894430562501093 ) ) ;
#3650 = CARTESIAN_POINT ( 'NONE',  ( 50.33750598047938496, 11.99992242122890218, 8.699999995701096722 ) ) ;
#3651 = CARTESIAN_POINT ( 'NONE',  ( -45.00000000000000000, 29.00000000000001421, -30.00000000000000000 ) ) ;
#3652 = CARTESIAN_POINT ( 'NONE',  ( -50.22083333333333854, -11.59585481156724462, 7.299999999999999822 ) ) ;
#3653 = CARTESIAN_POINT ( 'NONE',  ( -50.97187500047801478, -11.99999999999998224, 8.889443056249998421 ) ) ;
#3654 = CARTESIAN_POINT ( 'NONE',  ( -50.31562500047795083, -11.99999999999998224, 8.889443056250000197 ) ) ;
#3655 = VERTEX_POINT ( 'NONE', #5480 ) ;
#3656 =( BOUNDED_CURVE ( )  B_SPLINE_CURVE ( 2, ( #2565, #4116, #5563, #4656, #3074, #2022, #4150 ),
 .UNSPECIFIED., .F., .F. ) 
 B_SPLINE_CURVE_WITH_KNOTS ( ( 3, 2, 2, 3 ),
 ( 0.7874067683771961423, 0.8165699819066266629, 0.8457331955461503403, 0.8672212132921792715 ),
 .UNSPECIFIED. ) 
 CURVE ( )  GEOMETRIC_REPRESENTATION_ITEM ( )  RATIONAL_B_SPLINE_CURVE ( ( 1.000000000000000000, 0.8660254037844387076, 1.000000000000000000, 0.8660254037844387076, 1.000000000000000000, 0.9012849359956870421, 0.9480401945247105555 ) ) 
 REPRESENTATION_ITEM ( '' )  );
#3657 = EDGE_LOOP ( 'NONE', ( #2069, #4502, #4024, #1033, #639, #2430, #5913, #4226 ) ) ;
#3658 = CARTESIAN_POINT ( 'NONE',  ( 50.33750000095591304, 12.00000000000001776, 8.699999999999999289 ) ) ;
#3659 = CARTESIAN_POINT ( 'NONE',  ( 50.19166666666666288, -11.39378221735087671, 8.349999999999999645 ) ) ;
#3660 = CARTESIAN_POINT ( 'NONE',  ( -19.54999999999999361, 33.00000000000000000, 1.278214055972197283 ) ) ;
#3661 = CARTESIAN_POINT ( 'NONE',  ( 51.00104166714469045, 12.51352018795479815, 7.110556943750000691 ) ) ;
#3662 = ORIENTED_EDGE ( 'NONE', *, *, #5123, .T. ) ;
#3663 = CARTESIAN_POINT ( 'NONE',  ( -50.05312500047797641, -10.97295962409045877, 8.000000000000000000 ) ) ;
#3664 = CARTESIAN_POINT ( 'NONE',  ( 50.76770833381129933, 12.51352018795479815, 8.889443056249998421 ) ) ;
#3665 = CARTESIAN_POINT ( 'NONE',  ( -50.68750000095591446, -11.99999999999998224, 7.300000000000000711 ) ) ;
#3666 = CARTESIAN_POINT ( 'NONE',  ( -49.99999999999999289, 11.32738710606782995, 8.281832383229414063 ) ) ;
#3667 = CARTESIAN_POINT ( 'NONE',  ( -51.46770833381129506, 12.51352018795479815, 7.110556943750000691 ) ) ;
#3668 = CARTESIAN_POINT ( 'NONE',  ( -51.82499999999999574, 12.00000000000001776, 8.699999999999999289 ) ) ;
#3669 = CARTESIAN_POINT ( 'NONE',  ( 49.82671645221543599, -12.93896974655977061, 8.116774444109633890 ) ) ;
#3670 = DIRECTION ( 'NONE',  ( 0.000000000000000000, 0.000000000000000000, -1.000000000000000000 ) ) ;
#3671 = CARTESIAN_POINT ( 'NONE',  ( -49.99999999999998579, -11.29411280283787988, 8.590919783987484237 ) ) ;
#3672 = DIRECTION ( 'NONE',  ( -0.000000000000000000, 1.000000000000000000, 0.000000000000000000 ) ) ;
#3673 = EDGE_CURVE ( 'NONE', #1607, #1240, #2457, .T. ) ;
#3674 = CARTESIAN_POINT ( 'NONE',  ( 50.24727616920563378, -11.19715728663506837, 8.000000000000000000 ) ) ;
#3675 = CARTESIAN_POINT ( 'NONE',  ( -51.48229166714462224, -11.22971971806781255, 7.555278471875000790 ) ) ;
#3676 = CIRCLE ( 'NONE', #1199, 1.499999999999999556 ) ;
#3677 = EDGE_LOOP ( 'NONE', ( #2347, #1347, #2143, #3914 ) ) ;
#3678 = CARTESIAN_POINT ( 'NONE',  ( 51.70942708332854920, 11.39542284234374137, 8.349052784718749010 ) ) ;
#3679 = CARTESIAN_POINT ( 'NONE',  ( 51.32187500047795936, -11.99999999999998224, 7.110556943750000691 ) ) ;
#3680 = CARTESIAN_POINT ( 'NONE',  ( 51.32916666762258728, 12.60621778264912329, 8.349999999999999645 ) ) ;
#3681 = FACE_OUTER_BOUND ( 'NONE', #1812, .T. ) ;
#3682 = CARTESIAN_POINT ( 'NONE',  ( -51.11770833381135049, -11.48647981204520363, 7.110556943750002468 ) ) ;
#3683 = CARTESIAN_POINT ( 'NONE',  ( -51.24895833381128796, -12.77028028193215548, 7.555278471875000790 ) ) ;
#3684 = ORIENTED_EDGE ( 'NONE', *, *, #2943, .T. ) ;
#3685 = B_SPLINE_CURVE_WITH_KNOTS ( 'NONE', 3,
 ( #111, #2232, #5914, #4292, #256, #1297, #3360, #785 ),
 .UNSPECIFIED., .F., .F.,
 ( 4, 2, 2, 4 ),
 ( 1.335508797264939838E-05, 0.0007963652814068596705, 0.001187870378123964807, 0.001579375474841069943 ),
 .UNSPECIFIED. ) ;
#3686 = ORIENTED_EDGE ( 'NONE', *, *, #3459, .T. ) ;
#3687 = EDGE_CURVE ( 'NONE', #4732, #2581, #836, .T. ) ;
#3688 = CARTESIAN_POINT ( 'NONE',  ( 50.59727616938898365, 12.80284271373162497, 8.000000000000000000 ) ) ;
#3689 = CARTESIAN_POINT ( 'NONE',  ( -51.80312500047796220, 13.02704037590958031, 8.000000000000000000 ) ) ;
#3690 = CARTESIAN_POINT ( 'NONE',  ( -50.48442708332854778, -11.39542284234370761, 8.349052784718749010 ) ) ;
#3691 = CARTESIAN_POINT ( 'NONE',  ( 51.65729166714461940, -12.77028028193215370, 7.555278471875000790 ) ) ;
#3692 = CARTESIAN_POINT ( 'NONE',  ( -49.10050506338830445, 30.00000000000000355, -8.161785944027805328 ) ) ;
#3693 = DIRECTION ( 'NONE',  ( 0.000000000000000000, 0.000000000000000000, 1.000000000000000000 ) ) ;
#3694 = ORIENTED_EDGE ( 'NONE', *, *, #2372, .T. ) ;
#3695 =( BOUNDED_CURVE ( )  B_SPLINE_CURVE ( 3, ( #2669, #1176, #2227, #5797 ),
 .UNSPECIFIED., .F., .F. ) 
 B_SPLINE_CURVE_WITH_KNOTS ( ( 4, 4 ),
 ( 3.141592653589793116, 4.712388980384688786 ),
 .UNSPECIFIED. ) 
 CURVE ( )  GEOMETRIC_REPRESENTATION_ITEM ( )  RATIONAL_B_SPLINE_CURVE ( ( 1.000000000000000000, 0.8047378541243652705, 0.8047378541243652705, 1.000000000000000000 ) ) 
 REPRESENTATION_ITEM ( '' )  );
#3696 = VECTOR ( 'NONE', #3138, 1000.000000000000000 ) ;
#3697 = ORIENTED_EDGE ( 'NONE', *, *, #469, .T. ) ;
#3698 = CARTESIAN_POINT ( 'NONE',  ( -49.99999999999995026, -12.72279832321731163, 7.975613250458905235 ) ) ;
#3699 = CARTESIAN_POINT ( 'NONE',  ( 50.59270833381129506, 11.48647981204523738, 7.110556943749999803 ) ) ;
#3700 = CARTESIAN_POINT ( 'NONE',  ( 49.99999999999997868, 11.32738710606783528, 7.718167616770700512 ) ) ;
#3701 = CARTESIAN_POINT ( 'NONE',  ( 50.00000000000000711, -11.14005881184447411, 8.124705104003480116 ) ) ;
#3702 = CARTESIAN_POINT ( 'NONE',  ( -51.23437500047796078, 10.97295962409045877, 8.000000000000000000 ) ) ;
#3703 = CARTESIAN_POINT ( 'NONE',  ( -50.36776041666188064, 11.39542284234374137, 8.349052784718749010 ) ) ;
#3704 = VECTOR ( 'NONE', #2952, 999.9999999999998863 ) ;
#3705 = DIRECTION ( 'NONE',  ( -0.000000000000000000, -0.000000000000000000, 1.000000000000000000 ) ) ;
#3706 = DIRECTION ( 'NONE',  ( -2.608170959167178502E-16, -0.9396926207859080948, -0.3420201433256694346 ) ) ;
#3707 = FACE_OUTER_BOUND ( 'NONE', #4194, .T. ) ;
#3708 = CARTESIAN_POINT ( 'NONE',  ( 51.39999999999999147, -11.10896298746702548, 8.121209919017662315 ) ) ;
#3709 = FACE_OUTER_BOUND ( 'NONE', #5773, .T. ) ;
#3710 = CARTESIAN_POINT ( 'NONE',  ( -51.77395833381128654, -11.22971971806781255, 8.444721528124999210 ) ) ;
#3711 = CARTESIAN_POINT ( 'NONE',  ( -50.71666666762258302, 11.59585481156728726, 7.299999999999983835 ) ) ;
#3712 = EDGE_CURVE ( 'NONE', #1128, #4945, #371, .T. ) ;
#3713 = ADVANCED_FACE ( 'NONE', ( #6497 ), #3952, .F. ) ;
#3714 = EDGE_CURVE ( 'NONE', #5334, #5967, #2931, .T. ) ;
#3715 = ORIENTED_EDGE ( 'NONE', *, *, #1381, .F. ) ;
#3716 = CARTESIAN_POINT ( 'NONE',  ( 50.83442708332854920, 12.60457715765629239, 7.650947215281250102 ) ) ;
#3717 = DIRECTION ( 'NONE',  ( -1.000000000000000000, 0.000000000000000000, 0.000000000000000000 ) ) ;
#3718 = CARTESIAN_POINT ( 'NONE',  ( 51.03020833381129506, -11.22971971806781255, 7.555278471875000790 ) ) ;
#3719 = DIRECTION ( 'NONE',  ( 0.000000000000000000, -1.000000000000000000, 0.000000000000000000 ) ) ;
#3720 = DIRECTION ( 'NONE',  ( 0.000000000000000000, 0.000000000000000000, 1.000000000000000000 ) ) ;
#3721 = CARTESIAN_POINT ( 'NONE',  ( -50.06770833381136043, -11.48647981204520363, 7.110556943750002468 ) ) ;
#3722 = CARTESIAN_POINT ( 'NONE',  ( -50.28645833381128938, -12.51352018795476262, 8.889443056249998421 ) ) ;
#3723 = ORIENTED_EDGE ( 'NONE', *, *, #6024, .F. ) ;
#3724 = ORIENTED_EDGE ( 'NONE', *, *, #4438, .F. ) ;
#3725 = ORIENTED_EDGE ( 'NONE', *, *, #5902, .F. ) ;
#3726 = CARTESIAN_POINT ( 'NONE',  ( 50.42227616938897228, 11.19715728626841056, 8.000000000000000000 ) ) ;
#3727 = CARTESIAN_POINT ( 'NONE',  ( -51.45312500047795368, 13.02704037590958031, 8.000000000000000000 ) ) ;
#3728 = CARTESIAN_POINT ( 'NONE',  ( -51.70942708332854920, -12.60457715765625863, 7.650947215281250990 ) ) ;
#3729 = CARTESIAN_POINT ( 'NONE',  ( 51.16145833381128938, -11.48647981204520363, 8.889443056249998421 ) ) ;
#3730 = DIRECTION ( 'NONE',  ( -1.000000000000000000, 0.000000000000000000, 0.000000000000000000 ) ) ;
#3731 = CARTESIAN_POINT ( 'NONE',  ( -50.02405801632011162, 11.54464604564503283, 7.388696184370232345 ) ) ;
#3732 = EDGE_LOOP ( 'NONE', ( #3929, #1399, #5927, #1858 ) ) ;
#3733 = ORIENTED_EDGE ( 'NONE', *, *, #222, .F. ) ;
#3734 = CARTESIAN_POINT ( 'NONE',  ( -51.39999999999999147, 11.83779489577617916, 7.319052495295172100 ) ) ;
#3735 = CARTESIAN_POINT ( 'NONE',  ( -50.33749999999998437, -12.80829037686545746, 8.000000000000000000 ) ) ;
#3736 = ORIENTED_EDGE ( 'NONE', *, *, #4140, .F. ) ;
#3737 = FACE_OUTER_BOUND ( 'NONE', #6213, .T. ) ;
#3738 = CARTESIAN_POINT ( 'NONE',  ( 50.92083333333295059, 12.40414518843301650, 8.700000000000914113 ) ) ;
#3739 = CARTESIAN_POINT ( 'NONE',  ( -51.20520833381129222, 11.22971971806784808, 7.555278471875000790 ) ) ;
#3740 = CARTESIAN_POINT ( 'NONE',  ( -50.28026041666188917, 11.59694856156249898, 7.301894430562501093 ) ) ;
#3741 = CARTESIAN_POINT ( 'NONE',  ( -50.59999999999998721, -11.99999999999974065, 7.300000000000002487 ) ) ;
#3742 = AXIS2_PLACEMENT_3D ( 'NONE', #3170, #5721, #2054 ) ;
#3743 = CARTESIAN_POINT ( 'NONE',  ( 49.99999999999998579, -29.99999999999998224, -30.00000000000000000 ) ) ;
#3744 = CARTESIAN_POINT ( 'NONE',  ( 51.26354166714468619, -12.77028028193215370, 7.555278471875000790 ) ) ;
#3745 = CARTESIAN_POINT ( 'NONE',  ( 51.44692708332855346, -12.40305143843749924, 7.301894430562501093 ) ) ;
#3746 = CARTESIAN_POINT ( 'NONE',  ( -51.16145833381128938, -11.48647981204520363, 7.110556943749999803 ) ) ;
#3747 = DIRECTION ( 'NONE',  ( 1.334402673828313339E-16, -1.000000000000000000, -0.000000000000000000 ) ) ;
#3748 = DIRECTION ( 'NONE',  ( -1.000000000000000000, 0.000000000000000000, 0.000000000000000000 ) ) ;
#3749 = CARTESIAN_POINT ( 'NONE',  ( 52.00000000000000000, 12.00000000000001776, 8.699999999999999289 ) ) ;
#3750 = DIRECTION ( 'NONE',  ( -1.000000000000000000, 0.000000000000000000, 0.000000000000000000 ) ) ;
#3751 = CARTESIAN_POINT ( 'NONE',  ( 51.78854166714462792, -11.22971971806781255, 8.444721528125000987 ) ) ;
#3752 = CYLINDRICAL_SURFACE ( 'NONE', #5502, 0.6999999999999992895 ) ;
#3753 = CARTESIAN_POINT ( 'NONE',  ( -50.62187500047802047, -11.99999999999998224, 8.889443056249998421 ) ) ;
#3754 = CARTESIAN_POINT ( 'NONE',  ( -50.62187500047796362, -11.99999999999998224, 8.889443056249998421 ) ) ;
#3755 = VERTEX_POINT ( 'NONE', #1405 ) ;
#3756 = ORIENTED_EDGE ( 'NONE', *, *, #6298, .T. ) ;
#3757 = VERTEX_POINT ( 'NONE', #4419 ) ;
#3758 = AXIS2_PLACEMENT_3D ( 'NONE', #475, #6155, #1549 ) ;
#3759 = CARTESIAN_POINT ( 'NONE',  ( 51.06394283605564510, 11.59857864313421416, 8.695282185334807679 ) ) ;
#3760 = EDGE_CURVE ( 'NONE', #5918, #6044, #2847, .T. ) ;
#3761 = CARTESIAN_POINT ( 'NONE',  ( -50.34479166714461229, 12.51352018795479815, 8.889443056249998421 ) ) ;
#3762 = CARTESIAN_POINT ( 'NONE',  ( -51.24276041666188064, -11.39542284234370761, 7.650947215281250102 ) ) ;
#3763 = CARTESIAN_POINT ( 'NONE',  ( 50.24999999999999289, -11.99999999999998224, 8.699999999999999289 ) ) ;
#3764 = CARTESIAN_POINT ( 'NONE',  ( -50.33020833381129222, -11.22971971806781255, 8.444721528124999210 ) ) ;
#3765 = CARTESIAN_POINT ( 'NONE',  ( 50.44687500047803042, 12.00000000000001776, 8.889443056250000197 ) ) ;
#3766 = CARTESIAN_POINT ( 'NONE',  ( 51.39999999999999147, -11.12211884029217757, 7.857053787243505560 ) ) ;
#3767 = EDGE_CURVE ( 'NONE', #4418, #1422, #1546, .T. ) ;
#3768 = ORIENTED_EDGE ( 'NONE', *, *, #556, .F. ) ;
#3769 = MANIFOLD_SOLID_BREP ( 'Cut-Extrude9', #3079 ) ;
#3770 = ORIENTED_EDGE ( 'NONE', *, *, #2068, .F. ) ;
#3771 = DIRECTION ( 'NONE',  ( 1.000000000000000000, 0.000000000000000000, 0.000000000000000000 ) ) ;
#3772 = CARTESIAN_POINT ( 'NONE',  ( -13.64999999999999503, 33.00000000000000000, -0.9217859440278046712 ) ) ;
#3773 = FACE_OUTER_BOUND ( 'NONE', #1822, .T. ) ;
#3774 = CARTESIAN_POINT ( 'NONE',  ( -51.61354166714462366, 11.22971971806784808, 8.444721528124999210 ) ) ;
#3775 = CARTESIAN_POINT ( 'NONE',  ( -50.54166666666666430, 12.60621778264912329, 7.650000000000000355 ) ) ;
#3776 = CARTESIAN_POINT ( 'NONE',  ( 51.45312500047795368, 13.02704037590958031, 8.000000000000000000 ) ) ;
#3777 = DIRECTION ( 'NONE',  ( 0.000000000000000000, 0.000000000000000000, -1.000000000000000000 ) ) ;
#3778 = CARTESIAN_POINT ( 'NONE',  ( 51.17604166714470182, -12.51352018795476440, 8.889443056250000197 ) ) ;
#3779 = ADVANCED_FACE ( 'NONE', ( #1946 ), #1257, .T. ) ;
#3780 = CARTESIAN_POINT ( 'NONE',  ( 51.15416666762258302, 11.39378221735091223, 7.650000000000000355 ) ) ;
#3781 = CARTESIAN_POINT ( 'NONE',  ( 51.70942708332854920, -12.60457715765625863, 8.349052784718749010 ) ) ;
#3782 = CARTESIAN_POINT ( 'NONE',  ( -50.86979166714462508, -12.51352018795476440, 7.110556943749999803 ) ) ;
#3783 = DIRECTION ( 'NONE',  ( 0.000000000000000000, 0.000000000000000000, 1.000000000000000000 ) ) ;
#3784 = AXIS2_PLACEMENT_3D ( 'NONE', #2030, #4092, #3584 ) ;
#3785 = ORIENTED_EDGE ( 'NONE', *, *, #1156, .F. ) ;
#3786 = CARTESIAN_POINT ( 'NONE',  ( 50.07609374999521634, 12.00000000000001776, 7.301894430562501093 ) ) ;
#3787 = DIRECTION ( 'NONE',  ( -1.000000000000000000, 0.000000000000000000, 0.000000000000000000 ) ) ;
#3788 = CARTESIAN_POINT ( 'NONE',  ( 50.06770833381129648, -11.48647981204520363, 8.889443056249998421 ) ) ;
#3789 = ORIENTED_EDGE ( 'NONE', *, *, #5314, .F. ) ;
#3790 = DIRECTION ( 'NONE',  ( 0.000000000000000000, 0.000000000000000000, 1.000000000000000000 ) ) ;
#3791 = CARTESIAN_POINT ( 'NONE',  ( -51.32916666762258728, 12.60621778264912329, 7.650000000000000355 ) ) ;
#3792 = VECTOR ( 'NONE', #3820, 1000.000000000000000 ) ;
#3793 = CARTESIAN_POINT ( 'NONE',  ( -50.15520833381134480, -12.77028028193215370, 7.555278471875000790 ) ) ;
#3794 = CARTESIAN_POINT ( 'NONE',  ( -50.47604166714462792, -12.51352018795476262, 7.110556943750000691 ) ) ;
#3795 = ORIENTED_EDGE ( 'NONE', *, *, #839, .F. ) ;
#3796 = CIRCLE ( 'NONE', #1749, 1.000000000000000000 ) ;
#3797 = VERTEX_POINT ( 'NONE', #2665 ) ;
#3798 = ORIENTED_EDGE ( 'NONE', *, *, #4831, .F. ) ;
#3799 = CARTESIAN_POINT ( 'NONE',  ( 50.80144283605564226, 11.39786796470131236, 7.652358907332596161 ) ) ;
#3800 = CARTESIAN_POINT ( 'NONE',  ( -50.43229166714461797, 12.77028028193218745, 7.555278471875000790 ) ) ;
#3801 = CYLINDRICAL_SURFACE ( 'NONE', #3319, 1.499999999999999556 ) ;
#3802 = CARTESIAN_POINT ( 'NONE',  ( 50.98645833381128512, -12.51352018795476262, 7.110556943749999803 ) ) ;
#3803 = CARTESIAN_POINT ( 'NONE',  ( -51.29270833381129080, -12.51352018795476262, 8.889443056249998421 ) ) ;
#3804 = LINE ( 'NONE', #693, #1862 ) ;
#3805 =( BOUNDED_CURVE ( )  B_SPLINE_CURVE ( 2, ( #3638, #628, #1643, #4145, #3198, #4682, #4615 ),
 .UNSPECIFIED., .F., .F. ) 
 B_SPLINE_CURVE_WITH_KNOTS ( ( 3, 2, 2, 3 ),
 ( 0.008782335732866608166, 0.009514243807974991085, 0.01024615188308337227, 0.01097805995819175519 ),
 .UNSPECIFIED. ) 
 CURVE ( )  GEOMETRIC_REPRESENTATION_ITEM ( )  RATIONAL_B_SPLINE_CURVE ( ( 0.9999999999999555911, 0.8660254037844831165, 1.000000000000000000, 0.8660254037844387076, 1.000000000000000000, 0.8660254037845758202, 0.9999999999998628875 ) ) 
 REPRESENTATION_ITEM ( '' )  );
#3806 = CARTESIAN_POINT ( 'NONE',  ( -50.14062500047796789, 12.00000000000001776, 7.110556943750028225 ) ) ;
#3807 = ORIENTED_EDGE ( 'NONE', *, *, #3140, .T. ) ;
#3808 = EDGE_CURVE ( 'NONE', #125, #6593, #667, .T. ) ;
#3809 = ORIENTED_EDGE ( 'NONE', *, *, #3984, .T. ) ;
#3810 = DIRECTION ( 'NONE',  ( 0.000000000000000000, 0.000000000000000000, 1.000000000000000000 ) ) ;
#3811 = FACE_OUTER_BOUND ( 'NONE', #624, .T. ) ;
#3812 = EDGE_CURVE ( 'NONE', #6199, #5138, #1104, .T. ) ;
#3813 = CARTESIAN_POINT ( 'NONE',  ( 51.81770833381129648, 12.51352018795479815, 8.889443056249998421 ) ) ;
#3814 = CARTESIAN_POINT ( 'NONE',  ( -51.21250000095592014, 12.00000000000001776, 8.699999999999999289 ) ) ;
#3815 = CARTESIAN_POINT ( 'NONE',  ( -51.59895833381128227, 11.22971971806784630, 7.555278471875000790 ) ) ;
#3816 = LINE ( 'NONE', #669, #2742 ) ;
#3817 = AXIS2_PLACEMENT_3D ( 'NONE', #6394, #1787, #2963 ) ;
#3818 = LINE ( 'NONE', #741, #4373 ) ;
#3819 = CARTESIAN_POINT ( 'NONE',  ( 51.23437500047802473, -13.02704037590954478, 8.000000000000000000 ) ) ;
#3820 = DIRECTION ( 'NONE',  ( -1.000000000000000000, -1.334402673828313339E-16, 0.000000000000000000 ) ) ;
#3821 = CARTESIAN_POINT ( 'NONE',  ( 50.28026041666188917, -12.40305143843749924, 8.698105569437499796 ) ) ;
#3822 = CARTESIAN_POINT ( 'NONE',  ( 51.39999999999999147, -12.00815067340503184, 6.526943859230120992 ) ) ;
#3823 = CARTESIAN_POINT ( 'NONE',  ( -50.80416666762258160, 11.39378221735091223, 8.349999999999999645 ) ) ;
#3824 = ORIENTED_EDGE ( 'NONE', *, *, #792, .T. ) ;
#3825 = CARTESIAN_POINT ( 'NONE',  ( 50.28026041666188917, 11.59694856156249898, 8.698105569437499796 ) ) ;
#3826 = CARTESIAN_POINT ( 'NONE',  ( -51.27083333333332149, -11.59585481156716291, 7.300000000000132161 ) ) ;
#3827 = VECTOR ( 'NONE', #6362, 1000.000000000000000 ) ;
#3828 = CARTESIAN_POINT ( 'NONE',  ( 50.65104166714462508, -11.48647981204520363, 7.110556943749999803 ) ) ;
#3829 = CARTESIAN_POINT ( 'NONE',  ( -51.39999999999999147, 12.00000000000001776, 6.499999999999999112 ) ) ;
#3830 = CARTESIAN_POINT ( 'NONE',  ( -50.68750000095591446, -11.99999999999998224, 7.300000000000000711 ) ) ;
#3831 = DIRECTION ( 'NONE',  ( 1.334402673828313339E-16, -1.000000000000000000, -0.000000000000000000 ) ) ;
#3832 = CARTESIAN_POINT ( 'NONE',  ( -50.15520833381128796, -12.77028028193215370, 7.555278471875000790 ) ) ;
#3833 = EDGE_LOOP ( 'NONE', ( #2905, #1063, #2897, #1201 ) ) ;
#3834 = VECTOR ( 'NONE', #1910, 1000.000000000000000 ) ;
#3835 = EDGE_CURVE ( 'NONE', #2456, #1531, #4740, .T. ) ;
#3836 = AXIS2_PLACEMENT_3D ( 'NONE', #3963, #3480, #6443 ) ;
#3837 = VERTEX_POINT ( 'NONE', #1587 ) ;
#3838 = CARTESIAN_POINT ( 'NONE',  ( 51.74479166714463219, -11.48647981204520363, 7.110556943749999803 ) ) ;
#3839 = CARTESIAN_POINT ( 'NONE',  ( -50.05312500047796220, 13.02704037590958031, 8.000000000000000000 ) ) ;
#3840 = CARTESIAN_POINT ( 'NONE',  ( -51.27192708332854920, -11.59694856156246701, 7.301894430562501093 ) ) ;
#3841 = CARTESIAN_POINT ( 'NONE',  ( 50.11145833381129222, -11.48647981204520363, 8.889443056249998421 ) ) ;
#3842 = CARTESIAN_POINT ( 'NONE',  ( -49.95104166714462224, -11.48647981204520363, 8.889443056249998421 ) ) ;
#3843 = CARTESIAN_POINT ( 'NONE',  ( 50.33750598047938496, 11.99992242122890218, 8.699999995701096722 ) ) ;
#3844 = CARTESIAN_POINT ( 'NONE',  ( -51.33645833381130075, 11.48647981204525514, 8.889443056249971775 ) ) ;
#3845 = ORIENTED_EDGE ( 'NONE', *, *, #845, .T. ) ;
#3846 = VERTEX_POINT ( 'NONE', #1516 ) ;
#3847 = DIRECTION ( 'NONE',  ( 0.000000000000000000, 0.000000000000000000, -1.000000000000000000 ) ) ;
#3848 = PLANE ( 'NONE',  #5105 ) ;
#3849 = CARTESIAN_POINT ( 'NONE',  ( 50.16249999999999432, -11.19170962313450701, 7.999999999999998224 ) ) ;
#3850 =( BOUNDED_CURVE ( )  B_SPLINE_CURVE ( 2, ( #6203, #3652, #2133, #6234, #5258, #3215, #4293 ),
 .UNSPECIFIED., .F., .T. ) 
 B_SPLINE_CURVE_WITH_KNOTS ( ( 3, 2, 2, 3 ),
 ( 0.02195645269274645525, 0.02268821285348800870, 0.02341997301422955521, 0.02415173317497110866 ),
 .UNSPECIFIED. ) 
 CURVE ( )  GEOMETRIC_REPRESENTATION_ITEM ( )  RATIONAL_B_SPLINE_CURVE ( ( 1.000000000000000000, 0.8660254037844385966, 1.000000000000000000, 0.8660254037844385966, 1.000000000000000000, 0.8660254037834437257, 1.000000000000994982 ) ) 
 REPRESENTATION_ITEM ( '' )  );
#3851 = CARTESIAN_POINT ( 'NONE',  ( -51.12500000095591446, 11.19170962313454076, 8.000000000000000000 ) ) ;
#3852 = CARTESIAN_POINT ( 'NONE',  ( -50.80416666666666714, 12.40414518843275538, 8.700000000000001066 ) ) ;
#3853 = EDGE_LOOP ( 'NONE', ( #4960, #2129, #1129, #3265 ) ) ;
#3854 = ADVANCED_FACE ( 'NONE', ( #600, #3612, #3107 ), #1075, .F. ) ;
#3855 = CARTESIAN_POINT ( 'NONE',  ( 50.42499999999993321, -12.00000000000091482, 7.300000000000002487 ) ) ;
#3856 = CARTESIAN_POINT ( 'NONE',  ( 50.47604166714469187, -12.51352018795476440, 8.889443056250000197 ) ) ;
#3857 = LINE ( 'NONE', #5901, #5284 ) ;
#3858 = CARTESIAN_POINT ( 'NONE',  ( 51.94276041666188348, -11.39542284234370761, 8.349052784718749010 ) ) ;
#3859 = CARTESIAN_POINT ( 'NONE',  ( -50.43229166714461797, -11.22971971806781255, 7.555278471875000790 ) ) ;
#3860 = CIRCLE ( 'NONE', #2452, 1.000000000000000000 ) ;
#3861 = PLANE ( 'NONE',  #5154 ) ;
#3862 = EDGE_CURVE ( 'NONE', #768, #2373, #4657, .T. ) ;
#3863 = VECTOR ( 'NONE', #783, 1000.000000000000000 ) ;
#3864 = CARTESIAN_POINT ( 'NONE',  ( 50.86979166714463219, -12.51352018795474841, 8.889443056249971775 ) ) ;
#3865 = CARTESIAN_POINT ( 'NONE',  ( 50.10526041666188490, 12.40305143843753477, 7.301894430562501093 ) ) ;
#3866 = DIRECTION ( 'NONE',  ( 0.000000000000000000, 0.000000000000000000, -1.000000000000000000 ) ) ;
#3867 = CARTESIAN_POINT ( 'NONE',  ( 51.47500000095590877, -12.80829037686545746, 8.000000000000000000 ) ) ;
#3868 = LINE ( 'NONE', #3829, #239 ) ;
#3869 = CARTESIAN_POINT ( 'NONE',  ( 3.750000000000003997, 28.00000000000001066, 0.9000000000000005773 ) ) ;
#3870 = CARTESIAN_POINT ( 'NONE',  ( 44.99999999999997868, -29.00000000000001421, -28.63602976573380943 ) ) ;
#3871 = CARTESIAN_POINT ( 'NONE',  ( -51.52604166714462508, -12.51352018795476262, 7.110556943750000691 ) ) ;
#3872 = VERTEX_POINT ( 'NONE', #4213 ) ;
#3873 = ORIENTED_EDGE ( 'NONE', *, *, #5727, .F. ) ;
#3874 = EDGE_CURVE ( 'NONE', #4890, #2992, #1550, .T. ) ;
#3875 = CARTESIAN_POINT ( 'NONE',  ( -50.75312500047795794, 13.02704037590958031, 8.000000000000000000 ) ) ;
#3876 = CARTESIAN_POINT ( 'NONE',  ( -50.39692708332855631, -12.40305143843749924, 8.698105569437499796 ) ) ;
#3877 = CARTESIAN_POINT ( 'NONE',  ( 50.31562500047795083, -11.99999999999998224, 7.110556943750000691 ) ) ;
#3878 = CARTESIAN_POINT ( 'NONE',  ( -49.98020833381129080, -11.22971971806781255, 8.444721528124999210 ) ) ;
#3879 = CARTESIAN_POINT ( 'NONE',  ( -51.21249999999999858, 12.80829037686549654, 8.000000000000001776 ) ) ;
#3880 = LINE ( 'NONE', #1496, #6558 ) ;
#3881 = ORIENTED_EDGE ( 'NONE', *, *, #1080, .T. ) ;
#3882 = ORIENTED_EDGE ( 'NONE', *, *, #5039, .F. ) ;
#3883 = PLANE ( 'NONE',  #2606 ) ;
#3884 = LINE ( 'NONE', #1165, #580 ) ;
#3885 = CARTESIAN_POINT ( 'NONE',  ( 50.30104166714462366, 12.51352018795479815, 7.110556943749999803 ) ) ;
#3886 = CARTESIAN_POINT ( 'NONE',  ( -50.54166666762258586, 12.40414518843275538, 8.700000000000001066 ) ) ;
#3887 = CARTESIAN_POINT ( 'NONE',  ( -50.22083333333333144, 12.40414518843275538, 7.300000000000000711 ) ) ;
#3888 = ORIENTED_EDGE ( 'NONE', *, *, #274, .F. ) ;
#3889 =( BOUNDED_CURVE ( )  B_SPLINE_CURVE ( 2, ( #4081, #2499, #4686, #2206, #3543 ),
 .UNSPECIFIED., .F., .F. ) 
 B_SPLINE_CURVE_WITH_KNOTS ( ( 3, 2, 3 ),
 ( 0.007533916141769478846, 0.008048955153560244380, 0.008782335732866608166 ),
 .UNSPECIFIED. ) 
 CURVE ( )  GEOMETRIC_REPRESENTATION_ITEM ( )  RATIONAL_B_SPLINE_CURVE ( ( 0.9439765058520229735, 0.9059122294931888364, 1.000000000000000000, 0.8660254037843946318, 1.000000000000044187 ) ) 
 REPRESENTATION_ITEM ( '' )  );
#3890 = CARTESIAN_POINT ( 'NONE',  ( 49.99999999999999289, -12.72183232898320249, 8.020073948950191323 ) ) ;
#3891 = LINE ( 'NONE', #2973, #6503 ) ;
#3892 = CARTESIAN_POINT ( 'NONE',  ( -45.00000000000000000, 29.00000000000001421, -8.525756178294006560 ) ) ;
#3893 = CARTESIAN_POINT ( 'NONE',  ( 50.89276041666187922, -11.39542284234370761, 8.349052784718749010 ) ) ;
#3894 = CARTESIAN_POINT ( 'NONE',  ( -51.29999999999997584, 12.00000000000024869, 7.300000000000002487 ) ) ;
#3895 = LINE ( 'NONE', #2944, #5219 ) ;
#3896 = EDGE_CURVE ( 'NONE', #808, #1238, #2237, .T. ) ;
#3897 = CARTESIAN_POINT ( 'NONE',  ( 49.10050506338831866, 30.00000000000002132, -8.161785944027799999 ) ) ;
#3898 = CARTESIAN_POINT ( 'NONE',  ( 51.82499999999999574, 12.00000000000001776, 7.300000000000000711 ) ) ;
#3899 = FACE_OUTER_BOUND ( 'NONE', #4733, .T. ) ;
#3900 = CARTESIAN_POINT ( 'NONE',  ( 51.62083333428924448, -11.39378221735087671, 7.650000000000000355 ) ) ;
#3901 = ORIENTED_EDGE ( 'NONE', *, *, #618, .T. ) ;
#3902 = CARTESIAN_POINT ( 'NONE',  ( 36.38000000000001677, 29.99999999999999645, -7.161785944027813322 ) ) ;
#3903 = CARTESIAN_POINT ( 'NONE',  ( -50.72395833381130359, -11.22971971806783920, 8.444721528124983223 ) ) ;
#3904 = CARTESIAN_POINT ( 'NONE',  ( -19.54999999999999361, 28.00000000000000711, -0.9217859440278045602 ) ) ;
#3905 = CARTESIAN_POINT ( 'NONE',  ( -50.73854166714462366, -11.22971971806781255, 7.555278471875000790 ) ) ;
#3906 = ORIENTED_EDGE ( 'NONE', *, *, #4251, .F. ) ;
#3907 = EDGE_LOOP ( 'NONE', ( #5407, #3255, #2930, #2043 ) ) ;
#3908 = VECTOR ( 'NONE', #3370, 1000.000000000000114 ) ;
#3909 = CARTESIAN_POINT ( 'NONE',  ( -51.08854166714462508, 12.77028028193218745, 7.555278471875000790 ) ) ;
#3910 = CARTESIAN_POINT ( 'NONE',  ( -51.94166666666666288, -11.39378221735087671, 7.650000000000000355 ) ) ;
#3911 = CARTESIAN_POINT ( 'NONE',  ( 50.14062500047795368, -11.99999999999998224, 8.889443056250000197 ) ) ;
#3912 = CARTESIAN_POINT ( 'NONE',  ( -51.50416666762257734, -12.60621778264908954, 8.349999999999999645 ) ) ;
#3913 = DIRECTION ( 'NONE',  ( 0.000000000000000000, 0.000000000000000000, -1.000000000000000000 ) ) ;
#3914 = ORIENTED_EDGE ( 'NONE', *, *, #4349, .T. ) ;
#3915 = ORIENTED_EDGE ( 'NONE', *, *, #6135, .F. ) ;
#3916 = CARTESIAN_POINT ( 'NONE',  ( -49.99996648686923351, 11.83820319020480127, 7.318955366851708888 ) ) ;
#3917 = CARTESIAN_POINT ( 'NONE',  ( -50.02052893763643482, 12.92885000037776244, 7.829929280764628352 ) ) ;
#3918 = CARTESIAN_POINT ( 'NONE',  ( 50.79687500047795368, 12.00000000000001776, 8.889443056250000197 ) ) ;
#3919 = CARTESIAN_POINT ( 'NONE',  ( -49.98020833381129080, 12.77028028193218745, 8.444721528124999210 ) ) ;
#3920 = CARTESIAN_POINT ( 'NONE',  ( -50.16979166714462224, 11.48647981204523560, 7.110556943749999803 ) ) ;
#3921 = EDGE_LOOP ( 'NONE', ( #5514, #402, #3623, #94 ) ) ;
#3922 = CARTESIAN_POINT ( 'NONE',  ( 50.63645833381128369, 11.48647981204523738, 7.110556943749999803 ) ) ;
#3923 = DIRECTION ( 'NONE',  ( -0.000000000000000000, -0.000000000000000000, 1.000000000000000000 ) ) ;
#3924 = CARTESIAN_POINT ( 'NONE',  ( 35.00000000000001421, 20.00000000000001421, -8.673132741738013962 ) ) ;
#3925 = CARTESIAN_POINT ( 'NONE',  ( -50.05312500047796220, -10.97295962409042147, 8.000000000000000000 ) ) ;
#3926 = CARTESIAN_POINT ( 'NONE',  ( -44.99999999999998579, 28.00000000000000355, 10.00000000000000178 ) ) ;
#3927 =( BOUNDED_CURVE ( )  B_SPLINE_CURVE ( 2, ( #6133, #3621, #4666, #3554, #985, #5733, #4094 ),
 .UNSPECIFIED., .F., .F. ) 
 B_SPLINE_CURVE_WITH_KNOTS ( ( 3, 2, 2, 3 ),
 ( 0.01317392754246161923, 0.01390575600621902011, 0.01463758446997642272, 0.01536941293373382360 ),
 .UNSPECIFIED. ) 
 CURVE ( )  GEOMETRIC_REPRESENTATION_ITEM ( )  RATIONAL_B_SPLINE_CURVE ( ( 1.000000000000077272, 0.8660254037843613251, 1.000000000000000000, 0.8660254037844387076, 1.000000000000000000, 0.8660254037817544104, 1.000000000002684297 ) ) 
 REPRESENTATION_ITEM ( '' )  );
#3928 = VECTOR ( 'NONE', #3923, 1000.000000000000000 ) ;
#3929 = ORIENTED_EDGE ( 'NONE', *, *, #3122, .T. ) ;
#3930 = CARTESIAN_POINT ( 'NONE',  ( 44.99999999999998579, 30.00000000000002132, -8.161785944027805328 ) ) ;
#3931 = CARTESIAN_POINT ( 'NONE',  ( 51.65729166714461940, 11.22971971806784808, 7.555278471875000790 ) ) ;
#3932 = CARTESIAN_POINT ( 'NONE',  ( 51.99999999999999289, 12.01024198552258149, 6.526943859230120992 ) ) ;
#3933 = CARTESIAN_POINT ( 'NONE',  ( 49.78333333428924590, -12.40414518843271985, 7.300000000000000711 ) ) ;
#3934 = DIRECTION ( 'NONE',  ( 0.000000000000000000, 0.3420201433256695456, -0.9396926207859082059 ) ) ;
#3935 = CARTESIAN_POINT ( 'NONE',  ( -50.43229166714463219, -11.22971971806783920, 7.555278471875015001 ) ) ;
#3936 = CARTESIAN_POINT ( 'NONE',  ( 51.16145833381130359, 12.51352018795477861, 8.889443056249968222 ) ) ;
#3937 = CARTESIAN_POINT ( 'NONE',  ( -49.84735538829205836, -12.86714286183448408, 8.197919699577397523 ) ) ;
#3938 = EDGE_CURVE ( 'NONE', #1631, #1404, #5529, .T. ) ;
#3939 = ADVANCED_FACE ( 'NONE', ( #3707 ), #4282, .F. ) ;
#3940 = EDGE_CURVE ( 'NONE', #18, #1467, #5867, .T. ) ;
#3941 = VECTOR ( 'NONE', #4254, 999.9999999999998863 ) ;
#3942 = ORIENTED_EDGE ( 'NONE', *, *, #3443, .T. ) ;
#3943 = CARTESIAN_POINT ( 'NONE',  ( -50.21354166714462508, 11.22971971806784808, 8.444721528124999210 ) ) ;
#3944 = CARTESIAN_POINT ( 'NONE',  ( -50.16359374999522203, -11.19389712312494822, 8.000000000000000000 ) ) ;
#3945 = CARTESIAN_POINT ( 'NONE',  ( 50.16979166714462224, -12.51352018795476440, 8.889443056249998421 ) ) ;
#3946 = CARTESIAN_POINT ( 'NONE',  ( -51.32916666762258728, -11.39378221735087671, 7.650000000000000355 ) ) ;
#3947 = DIRECTION ( 'NONE',  ( 1.000000000000000000, 0.000000000000000000, -0.000000000000000000 ) ) ;
#3948 = CARTESIAN_POINT ( 'NONE',  ( -50.19895833381129790, 11.22971971806786939, 7.555278471875015001 ) ) ;
#3949 = EDGE_LOOP ( 'NONE', ( #6170, #4954, #223, #715 ) ) ;
#3950 = EDGE_CURVE ( 'NONE', #1014, #5918, #2433, .T. ) ;
#3951 = ORIENTED_EDGE ( 'NONE', *, *, #2454, .T. ) ;
#3952 = CYLINDRICAL_SURFACE ( 'NONE', #791, 0.6999999999999992895 ) ;
#3953 = CARTESIAN_POINT ( 'NONE',  ( -50.73854166714469471, 12.77028028193218745, 7.555278471875000790 ) ) ;
#3954 = CARTESIAN_POINT ( 'NONE',  ( 50.50520833381129648, 11.22971971806784630, 8.444721528124999210 ) ) ;
#3955 = CARTESIAN_POINT ( 'NONE',  ( -50.92083333428924874, 12.60621778264912329, 8.349999999999999645 ) ) ;
#3956 = CARTESIAN_POINT ( 'NONE',  ( -51.03750000000000853, 11.19170962313454787, 8.000000000000000000 ) ) ;
#3957 = VECTOR ( 'NONE', #1933, 1000.000000000000000 ) ;
#3958 = VERTEX_POINT ( 'NONE', #5557 ) ;
#3959 = CARTESIAN_POINT ( 'NONE',  ( 50.43229166714461797, 12.77028028193218745, 8.444721528125000987 ) ) ;
#3960 = CARTESIAN_POINT ( 'NONE',  ( 51.38750231796742440, -12.00003210545325594, 8.700000000000001066 ) ) ;
#3961 = CARTESIAN_POINT ( 'NONE',  ( -50.97916666762257876, 12.60621778264912329, 7.650000000000000355 ) ) ;
#3962 = CARTESIAN_POINT ( 'NONE',  ( -51.65109374999521208, 12.00000000000001776, 7.301894430562501093 ) ) ;
#3963 = CARTESIAN_POINT ( 'NONE',  ( 52.00000000000000000, -11.99999999999998224, 8.000000000000000000 ) ) ;
#3964 = CARTESIAN_POINT ( 'NONE',  ( 51.14687500047796220, -11.99999999999998224, 8.889443056250000197 ) ) ;
#3965 = CARTESIAN_POINT ( 'NONE',  ( 51.99999999999999289, 30.00000000000001776, 1.278214055972198837 ) ) ;
#3966 = CARTESIAN_POINT ( 'NONE',  ( 51.86145833381129222, 12.51352018795479815, 8.889443056249998421 ) ) ;
#3967 = DIRECTION ( 'NONE',  ( 1.000000000000000000, 0.000000000000000000, 0.000000000000000000 ) ) ;
#3968 = CARTESIAN_POINT ( 'NONE',  ( 50.68750000095591446, -11.99999999999998224, 8.699999999999999289 ) ) ;
#3969 = CARTESIAN_POINT ( 'NONE',  ( 52.00000000000000000, 12.00000000000001776, 8.000000000000000000 ) ) ;
#3970 = CARTESIAN_POINT ( 'NONE',  ( 49.99999999999998579, 12.87788115970780467, 7.857053787243417631 ) ) ;
#3971 =( BOUNDED_CURVE ( )  B_SPLINE_CURVE ( 2, ( #3093, #996, #3060, #523, #495, #5144, #4739, #6182, #2554, #2010, #25, #5236, #2075, #622, #2682, #3661, #5675, #1570, #4609, #1062, #3127, #554, #1094, #4676, #60, #2112, #4167, #6212, #1606, #3158, #5207, #589, #4234, #3302, #3765, #2863, #2171, #5889, #5341, #4849, #4886, #730, #5412, #656, #231, #6278, #6389, #5853, #4269, #1745, #2793 ),
 .UNSPECIFIED., .F., .F. ) 
 B_SPLINE_CURVE_WITH_KNOTS ( ( 3, 2, 2, 2, 2, 2, 2, 2, 2, 2, 2, 2, 2, 2, 2, 2, 2, 2, 2, 2, 2, 2, 2, 2, 2, 3 ),
 ( 0.2231258487602258422, 0.2333058751538870934, 0.2624691095481255232, 0.2916323439423639807, 0.3207955783366024383, 0.3499588127308408403, 0.3791220471250792423, 0.4082852815193177554, 0.4374485159135561574, 0.4666117503077945594, 0.4957749847020330725, 0.5249382190962714745, 0.5541014534905099875, 0.5832646878847483896, 0.6124279222789867916, 0.6415911566732253046, 0.6707543910674635956, 0.6999176254617021087, 0.7290808598559406217, 0.7582440942501789127, 0.7874073286444174258, 0.8165705630386559388, 0.8457337974328944519, 0.8748970318271327429, 0.9040602662213712559, 0.9230434742218844857 ),
 .UNSPECIFIED. ) 
 CURVE ( )  GEOMETRIC_REPRESENTATION_ITEM ( )  RATIONAL_B_SPLINE_CURVE ( ( 0.9391165034666260070, 0.9532334134438815720, 1.000000000000000000, 0.8660254037844387076, 1.000000000000000000, 0.8660254037844387076, 1.000000000000000000, 0.8660254037844387076, 1.000000000000000000, 0.8660254037844387076, 1.000000000000000000, 0.8660254037844387076, 1.000000000000000000, 0.8660254037844387076, 1.000000000000000000, 0.8660254037844387076, 1.000000000000000000, 0.8660254037844387076, 1.000000000000000000, 0.8660254037844387076, 1.000000000000000000, 0.8660254037844387076, 1.000000000000000000, 0.8660254037844387076, 1.000000000000000000, 0.8660254037844387076, 1.000000000000000000, 0.8660254037844387076, 1.000000000000000000, 0.8660254037844387076, 1.000000000000000000, 0.8660254037844387076, 1.000000000000000000, 0.8660254037844387076, 1.000000000000000000, 0.8660254037844387076, 1.000000000000000000, 0.8660254037844387076, 1.000000000000000000, 0.8660254037844387076, 1.000000000000000000, 0.8660254037844387076, 1.000000000000000000, 0.8660254037844387076, 1.000000000000000000, 0.8660254037844387076, 1.000000000000000000, 0.8660254037844387076, 1.000000000000000000, 0.9127919903408509006, 0.9391165034664488154 ) ) 
 REPRESENTATION_ITEM ( '' )  );
#3972 = EDGE_LOOP ( 'NONE', ( #4485, #4075, #6656, #1311 ) ) ;
#3973 = CARTESIAN_POINT ( 'NONE',  ( -50.38854166714462934, 12.77028028193218745, 7.555278471875000790 ) ) ;
#3974 = CARTESIAN_POINT ( 'NONE',  ( 51.99999999999999289, 30.00000000000001776, -1.921785944027806003 ) ) ;
#3975 = CARTESIAN_POINT ( 'NONE',  ( -49.81250000095591446, -11.99999999999998224, 8.699999999999999289 ) ) ;
#3976 = CARTESIAN_POINT ( 'NONE',  ( 50.95000000095590309, 12.80829037686549299, 8.000000000000000000 ) ) ;
#3977 = FACE_OUTER_BOUND ( 'NONE', #2509, .T. ) ;
#3978 = EDGE_LOOP ( 'NONE', ( #2137, #6237, #1197, #857 ) ) ;
#3979 = ORIENTED_EDGE ( 'NONE', *, *, #3020, .F. ) ;
#3980 = CARTESIAN_POINT ( 'NONE',  ( -51.39999999999998437, 12.51172035390603732, 8.727496549620433086 ) ) ;
#3981 = EDGE_CURVE ( 'NONE', #2580, #5953, #6537, .T. ) ;
#3982 = CARTESIAN_POINT ( 'NONE',  ( -51.14687500047803326, 12.00000000000001776, 7.110556943750001579 ) ) ;
#3983 = CARTESIAN_POINT ( 'NONE',  ( 51.65000000095592014, 12.80829037686549299, 8.000000000000000000 ) ) ;
#3984 = EDGE_CURVE ( 'NONE', #1375, #2310, #345, .T. ) ;
#3985 = CARTESIAN_POINT ( 'NONE',  ( -50.00000000000001421, -12.36502313165105882, 8.706471501087955644 ) ) ;
#3986 = CARTESIAN_POINT ( 'NONE',  ( -50.78229166714461940, 12.77028028193218745, 7.555278471875000790 ) ) ;
#3987 = ORIENTED_EDGE ( 'NONE', *, *, #3183, .F. ) ;
#3988 = CARTESIAN_POINT ( 'NONE',  ( 51.67187500047795368, 12.00000000000001776, 7.110556943750000691 ) ) ;
#3989 = CARTESIAN_POINT ( 'NONE',  ( -51.99999999999999289, -29.99999999999999645, 10.00000000000000000 ) ) ;
#3990 = DIRECTION ( 'NONE',  ( -0.000000000000000000, -0.000000000000000000, 1.000000000000000000 ) ) ;
#3991 = VECTOR ( 'NONE', #637, 1000.000000000000000 ) ;
#3992 = CARTESIAN_POINT ( 'NONE',  ( -51.12609374999521350, 12.00000000000001776, 8.698105569437499796 ) ) ;
#3993 = CARTESIAN_POINT ( 'NONE',  ( -51.39999999999999147, -11.99999999999998224, 6.500000000000003553 ) ) ;
#3994 = ORIENTED_EDGE ( 'NONE', *, *, #5405, .F. ) ;
#3995 = CARTESIAN_POINT ( 'NONE',  ( 51.70104166714462224, -11.48647981204520363, 7.110556943749999803 ) ) ;
#3996 = CARTESIAN_POINT ( 'NONE',  ( 50.75312500047796505, -10.97295962409045345, 8.000000000000000000 ) ) ;
#3997 = CARTESIAN_POINT ( 'NONE',  ( 51.59895833381128227, 11.22971971806784630, 8.444721528124999210 ) ) ;
#3998 = CARTESIAN_POINT ( 'NONE',  ( 49.99999999999997868, 12.75353261204845801, 8.368915686282434763 ) ) ;
#3999 = CARTESIAN_POINT ( 'NONE',  ( 51.35560950253896806, -11.59857864331752353, 8.695282185017244814 ) ) ;
#4000 = DIRECTION ( 'NONE',  ( 0.000000000000000000, 0.3420201433256695456, -0.9396926207859082059 ) ) ;
#4001 = LINE ( 'NONE', #2380, #54 ) ;
#4002 = EDGE_LOOP ( 'NONE', ( #6019, #4442, #1888, #3756 ) ) ;
#4003 = CARTESIAN_POINT ( 'NONE',  ( -50.03854166714462082, 12.77028028193218745, 7.555278471875000790 ) ) ;
#4004 = CARTESIAN_POINT ( 'NONE',  ( -50.16250000095591588, -11.99999999999998224, 8.699999999999999289 ) ) ;
#4005 = PLANE ( 'NONE',  #4843 ) ;
#4006 = EDGE_LOOP ( 'NONE', ( #1592, #5047, #2744, #5926 ) ) ;
#4007 = ORIENTED_EDGE ( 'NONE', *, *, #1552, .F. ) ;
#4008 = CARTESIAN_POINT ( 'NONE',  ( 51.73859374999521776, 11.19389712312498020, 8.000000000000000000 ) ) ;
#4009 = CARTESIAN_POINT ( 'NONE',  ( 52.00000000000000000, 12.00000000000001776, 8.000000000000000000 ) ) ;
#4010 = CARTESIAN_POINT ( 'NONE',  ( 50.03854166714462082, 12.77028028193218745, 8.444721528125000987 ) ) ;
#4011 = CARTESIAN_POINT ( 'NONE',  ( 50.01014495630494139, -12.65719582482025629, 7.742085420235851778 ) ) ;
#4012 = DIRECTION ( 'NONE',  ( 0.000000000000000000, 0.000000000000000000, 1.000000000000000000 ) ) ;
#4013 = PLANE ( 'NONE',  #1266 ) ;
#4014 = VERTEX_POINT ( 'NONE', #6506 ) ;
#4015 = VECTOR ( 'NONE', #1578, 1000.000000000000000 ) ;
#4016 = EDGE_CURVE ( 'NONE', #1228, #2762, #4563, .T. ) ;
#4017 = AXIS2_PLACEMENT_3D ( 'NONE', #1202, #1164, #4712 ) ;
#4018 = EDGE_CURVE ( 'NONE', #3193, #26, #1774, .T. ) ;
#4019 = EDGE_CURVE ( 'NONE', #2785, #4374, #3891, .T. ) ;
#4020 = CARTESIAN_POINT ( 'NONE',  ( 50.49062500047795510, 12.00000000000001776, 8.889443056250000197 ) ) ;
#4021 = DIRECTION ( 'NONE',  ( 1.000000000000000000, 1.334402673828313339E-16, 0.000000000000000000 ) ) ;
#4022 = CARTESIAN_POINT ( 'NONE',  ( 36.38000000000000256, -19.99999999999998224, -26.00000000000001066 ) ) ;
#4023 = CARTESIAN_POINT ( 'NONE',  ( -50.80526041666188775, 12.40305143843753477, 8.698105569437499796 ) ) ;
#4024 = ORIENTED_EDGE ( 'NONE', *, *, #5123, .F. ) ;
#4025 = CARTESIAN_POINT ( 'NONE',  ( 50.27187500047795510, -11.99999999999998224, 7.110556943750000691 ) ) ;
#4026 = CARTESIAN_POINT ( 'NONE',  ( 50.34479166714463361, -11.48647981204522139, 7.110556943750029113 ) ) ;
#4027 = CARTESIAN_POINT ( 'NONE',  ( 51.01562500047795368, 12.00000000000001776, 7.110556943750000691 ) ) ;
#4028 = CARTESIAN_POINT ( 'NONE',  ( -33.19999999999999574, 5.000000000000018652, -26.00000000000001066 ) ) ;
#4029 = CARTESIAN_POINT ( 'NONE',  ( 49.98750000095591162, -11.99999999999998224, 8.699999999999999289 ) ) ;
#4030 = CARTESIAN_POINT ( 'NONE',  ( 51.04479166714463645, 12.51352018795477861, 7.110556943750031778 ) ) ;
#4031 = ORIENTED_EDGE ( 'NONE', *, *, #1411, .T. ) ;
#4032 = CARTESIAN_POINT ( 'NONE',  ( -50.82604166714462934, 11.48647981204523738, 7.110556943750000691 ) ) ;
#4033 = EDGE_CURVE ( 'NONE', #4492, #5599, #825, .T. ) ;
#4034 = CARTESIAN_POINT ( 'NONE',  ( -50.19166666762258444, -11.59585481156724462, 8.700000000000001066 ) ) ;
#4035 = CARTESIAN_POINT ( 'NONE',  ( 51.39999999999999147, 12.01024198552258149, 8.026943859230120992 ) ) ;
#4036 = CARTESIAN_POINT ( 'NONE',  ( -3.449999999999995737, 28.00000000000001066, -1.599999999999998979 ) ) ;
#4037 = ORIENTED_EDGE ( 'NONE', *, *, #4830, .T. ) ;
#4038 = VECTOR ( 'NONE', #465, 1000.000000000000000 ) ;
#4039 = EDGE_LOOP ( 'NONE', ( #843, #1945, #434, #5643 ) ) ;
#4040 =( NAMED_UNIT ( * ) PLANE_ANGLE_UNIT ( ) SI_UNIT ( $, .RADIAN. ) );
#4041 = CARTESIAN_POINT ( 'NONE',  ( -51.00104166714469045, 12.51352018795479815, 8.889443056249998421 ) ) ;
#4042 = CARTESIAN_POINT ( 'NONE',  ( 50.16250000095591588, 12.00000000000001776, 7.300000000000000711 ) ) ;
#4043 = AXIS2_PLACEMENT_3D ( 'NONE', #1753, #1790, #4819 ) ;
#4044 = CARTESIAN_POINT ( 'NONE',  ( 49.99125214585279764, -12.70879181634908583, 7.968185583646808290 ) ) ;
#4045 = DIRECTION ( 'NONE',  ( 0.000000000000000000, 0.000000000000000000, 1.000000000000000000 ) ) ;
#4046 = CARTESIAN_POINT ( 'NONE',  ( -49.96562500047794941, 12.00000000000001776, 8.889443056250000197 ) ) ;
#4047 = VERTEX_POINT ( 'NONE', #2367 ) ;
#4048 = CARTESIAN_POINT ( 'NONE',  ( 50.78229166714461940, -11.22971971806781255, 8.444721528125000987 ) ) ;
#4049 = CARTESIAN_POINT ( 'NONE',  ( 51.58437500047795510, 10.97295962409045522, 8.000000000000000000 ) ) ;
#4050 = DIRECTION ( 'NONE',  ( -1.000000000000000000, 0.000000000000000000, 0.000000000000000000 ) ) ;
#4051 = CARTESIAN_POINT ( 'NONE',  ( 4.750000000000004441, 28.00000000000001066, -0.5999999999999963141 ) ) ;
#4052 = CARTESIAN_POINT ( 'NONE',  ( -51.53442708332855204, 12.60457715765629239, 8.349052784718749010 ) ) ;
#4053 = CARTESIAN_POINT ( 'NONE',  ( 50.24999999999999289, 12.00000000000001776, 8.699999999999999289 ) ) ;
#4054 = CARTESIAN_POINT ( 'NONE',  ( 51.38020833381129648, -11.22971971806781255, 7.555278471875000790 ) ) ;
#4055 = CARTESIAN_POINT ( 'NONE',  ( 51.39999999999999147, 12.01024198552258149, 9.526943859230120992 ) ) ;
#4056 = CARTESIAN_POINT ( 'NONE',  ( 51.45312500047795368, 13.02704037590958031, 8.000000000000000000 ) ) ;
#4057 = CARTESIAN_POINT ( 'NONE',  ( -51.00000000000000000, 29.00000000000001421, -7.525756178294009224 ) ) ;
#4058 = CARTESIAN_POINT ( 'NONE',  ( 51.67644283587230092, -11.39786796497629595, 8.347641092508624183 ) ) ;
#4059 = CARTESIAN_POINT ( 'NONE',  ( -50.45526041666188632, -11.59694856156246701, 8.698105569437499796 ) ) ;
#4060 = EDGE_CURVE ( 'NONE', #16, #1430, #3414, .T. ) ;
#4061 = ORIENTED_EDGE ( 'NONE', *, *, #4339, .T. ) ;
#4062 = CARTESIAN_POINT ( 'NONE',  ( -51.00833333428924732, -11.59585481156724818, 7.299999999999995381 ) ) ;
#4063 = CARTESIAN_POINT ( 'NONE',  ( -50.92083333428924874, -11.39378221735087671, 8.349999999999999645 ) ) ;
#4064 = DIRECTION ( 'NONE',  ( 0.000000000000000000, 0.000000000000000000, -1.000000000000000000 ) ) ;
#4065 = CARTESIAN_POINT ( 'NONE',  ( 51.27083333333332149, -11.59585481156716291, 8.699999999999873168 ) ) ;
#4066 = ORIENTED_EDGE ( 'NONE', *, *, #4391, .F. ) ;
#4067 = VECTOR ( 'NONE', #5626, 1000.000000000000000 ) ;
#4068 = ORIENTED_EDGE ( 'NONE', *, *, #2985, .F. ) ;
#4069 = CARTESIAN_POINT ( 'NONE',  ( 51.99999999999999289, 12.01024198552258149, 8.026943859230120992 ) ) ;
#4070 = CARTESIAN_POINT ( 'NONE',  ( 49.98750000095591162, 12.00000000000001776, 8.699999999999999289 ) ) ;
#4071 = CARTESIAN_POINT ( 'NONE',  ( 50.89166666666665861, -11.39378221735087671, 8.349999999999999645 ) ) ;
#4072 = CARTESIAN_POINT ( 'NONE',  ( -49.73797891994326648, 11.31754643871071764, 8.155747027848210706 ) ) ;
#4073 = DIRECTION ( 'NONE',  ( 1.000000000000000000, 1.334402673828313339E-16, 0.000000000000000000 ) ) ;
#4074 = ORIENTED_EDGE ( 'NONE', *, *, #578, .T. ) ;
#4075 = ORIENTED_EDGE ( 'NONE', *, *, #6560, .F. ) ;
#4076 = CARTESIAN_POINT ( 'NONE',  ( 50.49062500047795510, -11.99999999999998224, 8.889443056250000197 ) ) ;
#4077 = CARTESIAN_POINT ( 'NONE',  ( 49.84735538829207258, 11.13285713816553901, 7.802080300422500336 ) ) ;
#4078 = CYLINDRICAL_SURFACE ( 'NONE', #2626, 0.6999999999999992895 ) ;
#4079 = CARTESIAN_POINT ( 'NONE',  ( -50.95000000095590309, 12.80829037686549299, 8.000000000000000000 ) ) ;
#4080 = CARTESIAN_POINT ( 'NONE',  ( -51.38859374999522345, 11.19389712312498020, 8.000000000000000000 ) ) ;
#4081 = CARTESIAN_POINT ( 'NONE',  ( 51.39999999999999147, 11.31626028344115298, 7.849999999999997868 ) ) ;
#4082 = CARTESIAN_POINT ( 'NONE',  ( 50.88437500047795936, -13.02704037590954478, 8.000000000000000000 ) ) ;
#4083 = CARTESIAN_POINT ( 'NONE',  ( 51.99999999999999289, 28.00000000000001776, -1.921785944027806003 ) ) ;
#4084 = CARTESIAN_POINT ( 'NONE',  ( -49.99999999999998579, -11.16027079427422031, 8.377250297914219601 ) ) ;
#4085 = CARTESIAN_POINT ( 'NONE',  ( -45.00000000000000000, 29.00000000000001421, -7.525756178294009224 ) ) ;
#4086 = CARTESIAN_POINT ( 'NONE',  ( 49.86810950253896380, -11.39786796497629595, 7.652358907491377593 ) ) ;
#4087 = CARTESIAN_POINT ( 'NONE',  ( -51.38750000000000284, -12.80829037686545746, 8.000000000000000000 ) ) ;
#4088 = EDGE_CURVE ( 'NONE', #582, #2272, #4520, .T. ) ;
#4089 = EDGE_CURVE ( 'NONE', #4889, #4524, #2076, .T. ) ;
#4090 = ORIENTED_EDGE ( 'NONE', *, *, #1614, .F. ) ;
#4091 =( BOUNDED_CURVE ( )  B_SPLINE_CURVE ( 2, ( #2875, #2805, #4354 ),
 .UNSPECIFIED., .F., .F. ) 
 B_SPLINE_CURVE_WITH_KNOTS ( ( 3, 3 ),
 ( 0.1682449020631310854, 0.1749766067322782170 ),
 .UNSPECIFIED. ) 
 CURVE ( )  GEOMETRIC_REPRESENTATION_ITEM ( )  RATIONAL_B_SPLINE_CURVE ( ( 0.9524132558329780895, 0.9690559244833868435, 0.9999754236126098261 ) ) 
 REPRESENTATION_ITEM ( '' )  );
#4092 = DIRECTION ( 'NONE',  ( 0.000000000000000000, -0.000000000000000000, 1.000000000000000000 ) ) ;
#4093 = CARTESIAN_POINT ( 'NONE',  ( -50.36666666762257449, -12.40414518843272695, 7.300000000000012257 ) ) ;
#4094 = CARTESIAN_POINT ( 'NONE',  ( 50.77499999999899671, -12.00000000001403677, 7.300000000000002487 ) ) ;
#4095 = FACE_OUTER_BOUND ( 'NONE', #3978, .T. ) ;
#4096 = ORIENTED_EDGE ( 'NONE', *, *, #1200, .T. ) ;
#4097 = ORIENTED_EDGE ( 'NONE', *, *, #6135, .T. ) ;
#4098 = LINE ( 'NONE', #1532, #4786 ) ;
#4099 = CARTESIAN_POINT ( 'NONE',  ( 50.77500000095591304, 11.19170962313454076, 8.000000000000000000 ) ) ;
#4100 = CARTESIAN_POINT ( 'NONE',  ( -51.48229166714462224, 12.77028028193218745, 7.555278471875000790 ) ) ;
#4101 = CARTESIAN_POINT ( 'NONE',  ( 51.03750000000000142, -12.80829037686545746, 8.000000000000000000 ) ) ;
#4102 = CARTESIAN_POINT ( 'NONE',  ( -51.49687500047795652, -11.99999999999998224, 7.110556943750001579 ) ) ;
#4103 = CARTESIAN_POINT ( 'NONE',  ( -50.07499999999998863, -12.00000000000018474, 8.700000000000002842 ) ) ;
#4104 = VERTEX_POINT ( 'NONE', #5458 ) ;
#4105 = AXIS2_PLACEMENT_3D ( 'NONE', #5878, #1222, #6415 ) ;
#4106 = EDGE_LOOP ( 'NONE', ( #6419, #5230, #1345, #4518 ) ) ;
#4107 = CARTESIAN_POINT ( 'NONE',  ( 50.16979166714462224, -12.51352018795476440, 8.889443056249998421 ) ) ;
#4108 = CARTESIAN_POINT ( 'NONE',  ( 51.26354166714462934, 11.22971971806784808, 7.555278471875000790 ) ) ;
#4109 = VECTOR ( 'NONE', #3630, 1000.000000000000000 ) ;
#4110 = CARTESIAN_POINT ( 'NONE',  ( -51.21250000095592014, 12.00000000000001776, 8.699999999999999289 ) ) ;
#4111 = DIRECTION ( 'NONE',  ( 0.000000000000000000, 0.000000000000000000, 1.000000000000000000 ) ) ;
#4112 = CARTESIAN_POINT ( 'NONE',  ( -51.56249999999999289, 12.80829037686549299, 8.000000000000000000 ) ) ;
#4113 = CARTESIAN_POINT ( 'NONE',  ( -35.99999999999999289, 14.00000000000001776, -12.98530969228705878 ) ) ;
#4114 = EDGE_CURVE ( 'NONE', #4335, #5953, #906, .T. ) ;
#4115 = CARTESIAN_POINT ( 'NONE',  ( 49.99999999999998579, 23.00000000000002487, -30.00000000000000000 ) ) ;
#4116 = CARTESIAN_POINT ( 'NONE',  ( 50.13333333428924732, -12.40414518843271985, 7.300000000000000711 ) ) ;
#4117 = CARTESIAN_POINT ( 'NONE',  ( 49.89110302253678952, 11.13284890573823738, 7.802116372501571639 ) ) ;
#4118 = CARTESIAN_POINT ( 'NONE',  ( 50.86233989959494295, -12.00001050596186225, 7.300000000188231475 ) ) ;
#4119 = CARTESIAN_POINT ( 'NONE',  ( 44.99999999999999289, 23.00000000000001421, -30.00000000000000000 ) ) ;
#4120 = CARTESIAN_POINT ( 'NONE',  ( -50.19166666666666288, -11.39378221735087671, 7.650000000000000355 ) ) ;
#4121 = ORIENTED_EDGE ( 'NONE', *, *, #5005, .F. ) ;
#4122 = CARTESIAN_POINT ( 'NONE',  ( -35.99999999999999289, 14.00000000000001954, -20.00000000000000711 ) ) ;
#4123 = CARTESIAN_POINT ( 'NONE',  ( -50.83333333333293069, -11.39378221735028696, 8.350000000000340705 ) ) ;
#4124 = CARTESIAN_POINT ( 'NONE',  ( 51.37791465619993403, -12.74188116698660345, 8.115024125600687199 ) ) ;
#4125 = DIRECTION ( 'NONE',  ( 0.000000000000000000, 0.000000000000000000, -1.000000000000000000 ) ) ;
#4126 = CARTESIAN_POINT ( 'NONE',  ( -50.98645833381128512, -12.51352018795476262, 8.889443056249998421 ) ) ;
#4127 = EDGE_CURVE ( 'NONE', #6413, #18, #5306, .T. ) ;
#4128 = ORIENTED_EDGE ( 'NONE', *, *, #4624, .F. ) ;
#4129 = ADVANCED_FACE ( 'NONE', ( #1927 ), #810, .F. ) ;
#4130 = VECTOR ( 'NONE', #718, 1000.000000000000000 ) ;
#4131 =( BOUNDED_CURVE ( )  B_SPLINE_CURVE ( 2, ( #146, #2194, #4257, #6303, #391, #1004, #6153 ),
 .UNSPECIFIED., .F., .F. ) 
 B_SPLINE_CURVE_WITH_KNOTS ( ( 3, 2, 2, 3 ),
 ( 0.7874067683772036919, 0.8165699819066344345, 0.8457331955461583339, 0.8672212133831672665 ),
 .UNSPECIFIED. ) 
 CURVE ( )  GEOMETRIC_REPRESENTATION_ITEM ( )  RATIONAL_B_SPLINE_CURVE ( ( 1.000000000000000000, 0.8660254037844387076, 1.000000000000000000, 0.8660254037844387076, 1.000000000000000000, 0.9012849355777290405, 0.9480401949206322954 ) ) 
 REPRESENTATION_ITEM ( '' )  );
#4132 = AXIS2_PLACEMENT_3D ( 'NONE', #4426, #6473, #1867 ) ;
#4133 = ORIENTED_EDGE ( 'NONE', *, *, #1528, .F. ) ;
#4134 = CYLINDRICAL_SURFACE ( 'NONE', #3322, 0.6999999999999992895 ) ;
#4135 = CARTESIAN_POINT ( 'NONE',  ( 50.27916666762258302, 12.60621778264912329, 8.349999999999999645 ) ) ;
#4136 = CARTESIAN_POINT ( 'NONE',  ( -51.77395833381128654, 12.77028028193218745, 8.444721528124999210 ) ) ;
#4137 = CARTESIAN_POINT ( 'NONE',  ( 50.36666666666666714, -12.60621778264908954, 7.650000000000000355 ) ) ;
#4138 = CARTESIAN_POINT ( 'NONE',  ( -51.40937500047795794, -10.97295962409042325, 8.000000000000000000 ) ) ;
#4139 = CARTESIAN_POINT ( 'NONE',  ( 52.00000000000000000, 12.00000000000001776, 8.000000000000000000 ) ) ;
#4140 = EDGE_CURVE ( 'NONE', #4628, #789, #3542, .T. ) ;
#4141 = ORIENTED_EDGE ( 'NONE', *, *, #3687, .T. ) ;
#4142 = CARTESIAN_POINT ( 'NONE',  ( 50.98645833381128512, -12.51352018795476262, 7.110556943749999803 ) ) ;
#4143 = CARTESIAN_POINT ( 'NONE',  ( 50.47604166714462792, 11.48647981204523560, 8.889443056249998421 ) ) ;
#4144 = CARTESIAN_POINT ( 'NONE',  ( -52.00000000000000000, -22.99999999999999645, -27.45220836013658428 ) ) ;
#4145 = CARTESIAN_POINT ( 'NONE',  ( 51.21249999999998437, 12.80829037686549299, 8.000000000000000000 ) ) ;
#4146 = CARTESIAN_POINT ( 'NONE',  ( -51.81770833381129648, 12.51352018795479815, 7.110556943750000691 ) ) ;
#4147 = CARTESIAN_POINT ( 'NONE',  ( -50.57192708332854636, 12.40305143843753477, 7.301894430562501093 ) ) ;
#4148 = CARTESIAN_POINT ( 'NONE',  ( -51.39999999999999147, -11.73289460129138817, 8.827043301210915516 ) ) ;
#4149 = AXIS2_PLACEMENT_3D ( 'NONE', #2599, #4556, #37 ) ;
#4150 = CARTESIAN_POINT ( 'NONE',  ( 50.00108797182263487, -12.18748525719509956, 8.674444067633690025 ) ) ;
#4151 = CARTESIAN_POINT ( 'NONE',  ( -49.99999999999998579, -29.99999999999999645, -30.00000000000000000 ) ) ;
#4152 = CARTESIAN_POINT ( 'NONE',  ( -35.99999999999999289, 19.00000000000001776, -11.16545852095604374 ) ) ;
#4153 = CARTESIAN_POINT ( 'NONE',  ( 49.75144283587230376, -12.60213203502367030, 7.652358907491377593 ) ) ;
#4154 = CARTESIAN_POINT ( 'NONE',  ( -50.22083333333333144, -11.59585481156724462, 7.300000000000000711 ) ) ;
#4155 = ORIENTED_EDGE ( 'NONE', *, *, #5615, .T. ) ;
#4156 = CARTESIAN_POINT ( 'NONE',  ( 51.03859374999522203, 11.19389712312498020, 8.000000000000000000 ) ) ;
#4157 = CARTESIAN_POINT ( 'NONE',  ( 50.77499999999898961, 11.99999999998594191, 7.299999999999998934 ) ) ;
#4158 = CARTESIAN_POINT ( 'NONE',  ( -51.03750000095591588, -11.99999999999998224, 7.300000000000000711 ) ) ;
#4159 = DIRECTION ( 'NONE',  ( 0.000000000000000000, -1.000000000000000000, 0.000000000000000000 ) ) ;
#4160 = CARTESIAN_POINT ( 'NONE',  ( -51.51145833381128369, -11.48647981204520363, 7.110556943749999803 ) ) ;
#4161 = ORIENTED_EDGE ( 'NONE', *, *, #6178, .T. ) ;
#4162 = ORIENTED_EDGE ( 'NONE', *, *, #3938, .T. ) ;
#4163 = CARTESIAN_POINT ( 'NONE',  ( 51.53060950272232077, 11.59857864313421416, 7.304717814665191433 ) ) ;
#4164 = CARTESIAN_POINT ( 'NONE',  ( 50.66562500047798068, 12.00000000000001776, 7.110556943750031778 ) ) ;
#4165 = CARTESIAN_POINT ( 'NONE',  ( 50.04583333333333428, -12.40414518843271985, 7.300000000000000711 ) ) ;
#4166 = LINE ( 'NONE', #5206, #4361 ) ;
#4167 = CARTESIAN_POINT ( 'NONE',  ( 50.68020833381135759, 12.77028028193218745, 7.555278471875000790 ) ) ;
#4168 = VERTEX_POINT ( 'NONE', #5589 ) ;
#4169 =( BOUNDED_SURFACE ( )  B_SPLINE_SURFACE ( 1, 2, ( 
 ( #1168, #4146, #5182, #2118, #2594, #6251, #101, #5151, #3774, #1679, #4242, #2084, #4278, #3667, #6323, #2215, #629, #2660, #1069, #530, #5826, #3702, #3739, #6189, #3639, #4651, #31, #561, #1134, #1579, #2627, #5682, #6220, #3165, #1612, #5752, #5278, #2178, #4683, #3199, #4178, #1717, #5715, #5216, #4717, #3100, #2149, #4206, #6287, #1644, #2725, #2691, #5787, #167, #4747, #130, #664, #4784, #6469, #2800, #5311, #5419, #4820, #4928, #3919, #5349, #6360, #4856, #240, #5931, #2291 ),
 ( #5859, #3409, #2903, #2838, #203, #308, #5965, #737, #1755, #4350, #6397, #1315, #1791, #2766, #3309, #2871, #4958, #5896, #3814, #1861, #772, #3851, #2363, #1280, #1828, #4422, #1244, #3346, #3955, #5385, #3378, #341, #4893, #276, #2329, #1207, #3269, #1352, #4388, #6434, #2253, #3886, #806, #5454, #841, #2394, #4454, #6500, #1895, #701, #4314, #2428, #3504, #1474, #2009, #494, #6085, #2553, #3536, #900, #5552, #3440, #6591, #5483, #3000, #5584, #3032, #6623, #3471, #1382, #4072 ) ),
 .UNSPECIFIED., .F., .F., .F. ) 
 B_SPLINE_SURFACE_WITH_KNOTS ( ( 2, 2 ),
 ( 3, 2, 2, 2, 2, 2, 2, 2, 2, 2, 2, 2, 2, 2, 2, 2, 2, 2, 2, 2, 2, 2, 2, 2, 2, 2, 2, 2, 2, 2, 2, 2, 2, 2, 2, 3 ),
 ( 0.000000000000000000, 1.000000000000000000 ),
 ( 0.000000000000000000, 0.02777777777777777624, 0.05555555555555555247, 0.08333333333333332871, 0.1111111111111111049, 0.1388888888888888951, 0.1666666666666666574, 0.1944444444444444475, 0.2222222222222222099, 0.2500000000000000000, 0.2777777777777777901, 0.3055555555555555802, 0.3333333333333333148, 0.3611111111111111049, 0.3888888888888888951, 0.4166666666666666852, 0.4444444444444444198, 0.4722222222222222099, 0.5000000000000000000, 0.5277777777777777901, 0.5555555555555555802, 0.5833333333333333703, 0.6111111111111111605, 0.6388888888888888395, 0.6666666666666666297, 0.6944444444444444198, 0.7222222222222222099, 0.7500000000000000000, 0.7777777777777777901, 0.8055555555555555802, 0.8333333333333333703, 0.8611111111111111605, 0.8888888888888888395, 0.9166666666666666297, 0.9444444444444444198, 0.9524937176379195680 ),
 .UNSPECIFIED. ) 
 GEOMETRIC_REPRESENTATION_ITEM ( )  RATIONAL_B_SPLINE_SURFACE ( (
 ( 1.000000000000000000, 0.8660254037844387076, 1.000000000000000000, 0.8660254037844387076, 1.000000000000000000, 0.8660254037844387076, 1.000000000000000000, 0.8660254037844387076, 1.000000000000000000, 0.8660254037844387076, 1.000000000000000000, 0.8660254037844387076, 1.000000000000000000, 0.8660254037844387076, 1.000000000000000000, 0.8660254037844387076, 1.000000000000000000, 0.8660254037844387076, 1.000000000000000000, 0.8660254037844387076, 1.000000000000000000, 0.8660254037844387076, 1.000000000000000000, 0.8660254037844387076, 1.000000000000000000, 0.8660254037844387076, 1.000000000000000000, 0.8660254037844387076, 1.000000000000000000, 0.8660254037844387076, 1.000000000000000000, 0.8660254037844387076, 1.000000000000000000, 0.8660254037844387076, 1.000000000000000000, 0.8660254037844387076, 1.000000000000000000, 0.8660254037844387076, 1.000000000000000000, 0.8660254037844387076, 1.000000000000000000, 0.8660254037844387076, 1.000000000000000000, 0.8660254037844387076, 1.000000000000000000, 0.8660254037844387076, 1.000000000000000000, 0.8660254037844387076, 1.000000000000000000, 0.8660254037844387076, 1.000000000000000000, 0.8660254037844387076, 1.000000000000000000, 0.8660254037844387076, 1.000000000000000000, 0.8660254037844387076, 1.000000000000000000, 0.8660254037844387076, 1.000000000000000000, 0.8660254037844387076, 1.000000000000000000, 0.8660254037844387076, 1.000000000000000000, 0.8660254037844387076, 1.000000000000000000, 0.8660254037844387076, 1.000000000000000000, 0.8660254037844387076, 1.000000000000000000, 0.9611776674667154019, 0.9448547272943517150),
 ( 1.000000000000000000, 0.8660254037844387076, 1.000000000000000000, 0.8660254037844387076, 1.000000000000000000, 0.8660254037844387076, 1.000000000000000000, 0.8660254037844387076, 1.000000000000000000, 0.8660254037844387076, 1.000000000000000000, 0.8660254037844387076, 1.000000000000000000, 0.8660254037844387076, 1.000000000000000000, 0.8660254037844387076, 1.000000000000000000, 0.8660254037844387076, 1.000000000000000000, 0.8660254037844387076, 1.000000000000000000, 0.8660254037844387076, 1.000000000000000000, 0.8660254037844387076, 1.000000000000000000, 0.8660254037844387076, 1.000000000000000000, 0.8660254037844387076, 1.000000000000000000, 0.8660254037844387076, 1.000000000000000000, 0.8660254037844387076, 1.000000000000000000, 0.8660254037844387076, 1.000000000000000000, 0.8660254037844387076, 1.000000000000000000, 0.8660254037844387076, 1.000000000000000000, 0.8660254037844387076, 1.000000000000000000, 0.8660254037844387076, 1.000000000000000000, 0.8660254037844387076, 1.000000000000000000, 0.8660254037844387076, 1.000000000000000000, 0.8660254037844387076, 1.000000000000000000, 0.8660254037844387076, 1.000000000000000000, 0.8660254037844387076, 1.000000000000000000, 0.8660254037844387076, 1.000000000000000000, 0.8660254037844387076, 1.000000000000000000, 0.8660254037844387076, 1.000000000000000000, 0.8660254037844387076, 1.000000000000000000, 0.8660254037844387076, 1.000000000000000000, 0.8660254037844387076, 1.000000000000000000, 0.8660254037844387076, 1.000000000000000000, 0.8660254037844387076, 1.000000000000000000, 0.9611776674667154019, 0.9448547272943517150) ) ) 
 REPRESENTATION_ITEM ( '' )  SURFACE ( )  );
#4170 = AXIS2_PLACEMENT_3D ( 'NONE', #1907, #6546, #6292 ) ;
#4171 = EDGE_CURVE ( 'NONE', #4852, #3655, #3110, .T. ) ;
#4172 = CARTESIAN_POINT ( 'NONE',  ( 50.66562500047795936, -11.99999999999998224, 7.110556943750000691 ) ) ;
#4173 = ADVANCED_FACE ( 'NONE', ( #2014 ), #4078, .F. ) ;
#4174 = CARTESIAN_POINT ( 'NONE',  ( 51.11770833381128654, 12.51352018795479815, 8.889443056249998421 ) ) ;
#4175 = ORIENTED_EDGE ( 'NONE', *, *, #3558, .T. ) ;
#4176 = DIRECTION ( 'NONE',  ( 1.334402673828313339E-16, -1.000000000000000000, -0.000000000000000000 ) ) ;
#4177 = CARTESIAN_POINT ( 'NONE',  ( -44.99999999999999289, -22.99999999999999645, 10.00000000000000178 ) ) ;
#4178 = CARTESIAN_POINT ( 'NONE',  ( -50.68020833381128654, 12.77028028193218745, 8.444721528124999210 ) ) ;
#4179 = CARTESIAN_POINT ( 'NONE',  ( -50.13442708332854636, 12.60457715765629239, 8.349052784718749010 ) ) ;
#4180 = CARTESIAN_POINT ( 'NONE',  ( -49.99999999999997158, 12.67913424157580415, 7.529164300473639493 ) ) ;
#4181 = CARTESIAN_POINT ( 'NONE',  ( 50.36667040150620522, -12.40417105753736493, 8.699955193396412767 ) ) ;
#4182 = CARTESIAN_POINT ( 'NONE',  ( 50.22812500047795936, 10.97295962409045522, 8.000000000000000000 ) ) ;
#4183 = CARTESIAN_POINT ( 'NONE',  ( 50.68750066303795165, -12.00000917407775702, 8.699999999999999289 ) ) ;
#4184 = CARTESIAN_POINT ( 'NONE',  ( 51.06394283587230376, -12.40142135668244094, 8.695282185017244814 ) ) ;
#4185 = CARTESIAN_POINT ( 'NONE',  ( -51.71562500047794941, -11.99999999999998224, 8.889443056250000197 ) ) ;
#4186 = ORIENTED_EDGE ( 'NONE', *, *, #5192, .F. ) ;
#4187 = CARTESIAN_POINT ( 'NONE',  ( 51.24276041666188064, 12.60457715765629239, 8.349052784718749010 ) ) ;
#4188 = CARTESIAN_POINT ( 'NONE',  ( 51.49687500047795652, -11.99999999999998224, 8.889443056250000197 ) ) ;
#4189 = CARTESIAN_POINT ( 'NONE',  ( 51.27083333428925016, 12.60621778264912329, 7.650000000000000355 ) ) ;
#4190 = DIRECTION ( 'NONE',  ( 1.000000000000000000, 0.000000000000000000, 0.000000000000000000 ) ) ;
#4191 = CARTESIAN_POINT ( 'NONE',  ( -51.17604166714468761, -12.51352018795476262, 7.110556943750002468 ) ) ;
#4192 = CARTESIAN_POINT ( 'NONE',  ( -50.78229166714461940, -11.22971971806781255, 7.555278471875000790 ) ) ;
#4193 = VERTEX_POINT ( 'NONE', #6187 ) ;
#4194 = EDGE_LOOP ( 'NONE', ( #199, #1871, #988, #234 ) ) ;
#4195 = CARTESIAN_POINT ( 'NONE',  ( 51.15144283605564368, 11.39786796470131236, 7.652358907332596161 ) ) ;
#4196 = CARTESIAN_POINT ( 'NONE',  ( 50.95000000000003126, 11.99999999999956124, 8.700000000000002842 ) ) ;
#4197 = CARTESIAN_POINT ( 'NONE',  ( 51.74479166714463219, -11.48647981204520363, 7.110556943749999803 ) ) ;
#4198 = LINE ( 'NONE', #5235, #1659 ) ;
#4199 = CARTESIAN_POINT ( 'NONE',  ( 51.99999999999999289, 30.00000000000001776, -1.599999999999997202 ) ) ;
#4200 = ORIENTED_EDGE ( 'NONE', *, *, #4685, .T. ) ;
#4201 = EDGE_LOOP ( 'NONE', ( #1354, #5270, #733, #142 ) ) ;
#4202 = DIRECTION ( 'NONE',  ( 0.000000000000000000, 0.000000000000000000, -1.000000000000000000 ) ) ;
#4203 = CARTESIAN_POINT ( 'NONE',  ( 50.21354166714462508, 11.22971971806784808, 7.555278471875000790 ) ) ;
#4204 = CARTESIAN_POINT ( 'NONE',  ( 49.99999999999999289, 11.63497686834888079, 7.293528498912085212 ) ) ;
#4205 = DIRECTION ( 'NONE',  ( 0.000000000000000000, 0.000000000000000000, -1.000000000000000000 ) ) ;
#4206 = CARTESIAN_POINT ( 'NONE',  ( -50.47604166714462792, 11.48647981204523738, 7.110556943750000691 ) ) ;
#4207 = CARTESIAN_POINT ( 'NONE',  ( -50.60109374999521492, 12.00000000000001776, 7.301894430562501093 ) ) ;
#4208 = EDGE_CURVE ( 'NONE', #3757, #2165, #4614, .T. ) ;
#4209 = EDGE_CURVE ( 'NONE', #1437, #400, #3038, .T. ) ;
#4210 = EDGE_CURVE ( 'NONE', #5967, #4628, #2956, .T. ) ;
#4211 = LINE ( 'NONE', #5155, #5863 ) ;
#4212 = FACE_BOUND ( 'NONE', #3907, .T. ) ;
#4213 = CARTESIAN_POINT ( 'NONE',  ( -50.42499999999993321, 11.99999999999907985, 8.699999999999999289 ) ) ;
#4214 = CARTESIAN_POINT ( 'NONE',  ( 50.60000000095591588, -11.19170962313450701, 8.000000000000000000 ) ) ;
#4215 = CARTESIAN_POINT ( 'NONE',  ( 49.83894283587230234, -11.59857864331752353, 7.304717814982755186 ) ) ;
#4216 = CARTESIAN_POINT ( 'NONE',  ( -51.68645833381129506, -12.51352018795476262, 8.889443056249998421 ) ) ;
#4217 = DIRECTION ( 'NONE',  ( -1.000000000000000000, 0.000000000000000000, 1.734723475976807094E-15 ) ) ;
#4218 = VECTOR ( 'NONE', #4826, 1000.000000000000000 ) ;
#4219 = VERTEX_POINT ( 'NONE', #2558 ) ;
#4220 = CARTESIAN_POINT ( 'NONE',  ( 50.89276041666187922, 12.60457715765629239, 8.349052784718749010 ) ) ;
#4221 = CARTESIAN_POINT ( 'NONE',  ( 51.23437500047796078, -13.02704037590954478, 8.000000000000000000 ) ) ;
#4222 = CARTESIAN_POINT ( 'NONE',  ( -45.00000000000000000, 29.00000000000001421, -7.525756178294009224 ) ) ;
#4223 = DIRECTION ( 'NONE',  ( 0.000000000000000000, 0.000000000000000000, -1.000000000000000000 ) ) ;
#4224 = CARTESIAN_POINT ( 'NONE',  ( -50.09687500047801478, -11.99999999999998224, 7.110556943750001579 ) ) ;
#4225 = CARTESIAN_POINT ( 'NONE',  ( -51.39479166714462366, -11.48647981204520363, 8.889443056249998421 ) ) ;
#4226 = ORIENTED_EDGE ( 'NONE', *, *, #1795, .T. ) ;
#4227 = ORIENTED_EDGE ( 'NONE', *, *, #878, .T. ) ;
#4228 = EDGE_CURVE ( 'NONE', #2795, #1672, #3604, .T. ) ;
#4229 = CARTESIAN_POINT ( 'NONE',  ( 50.71394283605565079, 11.59857864313421416, 8.695282185334807679 ) ) ;
#4230 = LINE ( 'NONE', #5204, #374 ) ;
#4231 = CARTESIAN_POINT ( 'NONE',  ( -51.56359374999522061, -11.19389712312494822, 8.000000000000000000 ) ) ;
#4232 = CARTESIAN_POINT ( 'NONE',  ( 51.59895833381128227, -12.77028028193215548, 8.444721528124999210 ) ) ;
#4233 = FACE_OUTER_BOUND ( 'NONE', #5783, .T. ) ;
#4234 = CARTESIAN_POINT ( 'NONE',  ( 50.50520833381136043, 11.22971971806784630, 8.444721528124999210 ) ) ;
#4235 = EDGE_LOOP ( 'NONE', ( #3460, #4161, #5421, #5479, #6309, #4061, #2198, #4599 ) ) ;
#4236 = AXIS2_PLACEMENT_3D ( 'NONE', #6328, #1721, #2770 ) ;
#4237 = VERTEX_POINT ( 'NONE', #1544 ) ;
#4238 = CARTESIAN_POINT ( 'NONE',  ( 50.86233989959494295, -12.00001050596186225, 7.300000000188231475 ) ) ;
#4239 = CARTESIAN_POINT ( 'NONE',  ( -13.64999999999999503, 30.00000000000000711, 0.2782140559721945072 ) ) ;
#4240 = CARTESIAN_POINT ( 'NONE',  ( -49.99999999999997868, 25.92893218813452449, -6.515177904274259468 ) ) ;
#4241 = CARTESIAN_POINT ( 'NONE',  ( 51.29999999999998295, -11.99999999999975131, 8.700000000000002842 ) ) ;
#4242 = CARTESIAN_POINT ( 'NONE',  ( -51.55520833381128654, 11.22971971806784808, 7.555278471875000790 ) ) ;
#4243 = CARTESIAN_POINT ( 'NONE',  ( -51.12500000000000000, 12.00000000000001776, 8.699999999999999289 ) ) ;
#4244 = DIRECTION ( 'NONE',  ( -2.608170959167178502E-16, 0.9396926207859080948, 0.3420201433256694346 ) ) ;
#4245 = CARTESIAN_POINT ( 'NONE',  ( 50.45416666762258728, -12.60621778264908954, 7.650000000000000355 ) ) ;
#4246 = CARTESIAN_POINT ( 'NONE',  ( 50.70937500047803326, -10.97295962409042147, 8.000000000000000000 ) ) ;
#4247 = CARTESIAN_POINT ( 'NONE',  ( -44.99999999999999289, -22.99999999999999645, -30.00000000000000000 ) ) ;
#4248 = CARTESIAN_POINT ( 'NONE',  ( 50.86359374999521776, -11.19389712312494822, 8.000000000000000000 ) ) ;
#4249 = CARTESIAN_POINT ( 'NONE',  ( -51.30729166714462508, -12.77028028193215370, 8.444721528125000987 ) ) ;
#4250 = DIRECTION ( 'NONE',  ( -1.000000000000000000, 0.000000000000000000, 0.000000000000000000 ) ) ;
#4251 = EDGE_CURVE ( 'NONE', #1404, #1672, #6630, .T. ) ;
#4252 = ORIENTED_EDGE ( 'NONE', *, *, #1247, .T. ) ;
#4253 = CARTESIAN_POINT ( 'NONE',  ( 50.22192708332855915, 12.40305143843753477, 8.698105569437499796 ) ) ;
#4254 = DIRECTION ( 'NONE',  ( -0.000000000000000000, 0.9396926207859082059, 0.3420201433256695456 ) ) ;
#4255 = EDGE_CURVE ( 'NONE', #6488, #3755, #2514, .T. ) ;
#4256 = DIRECTION ( 'NONE',  ( 0.000000000000000000, -0.000000000000000000, 1.000000000000000000 ) ) ;
#4257 = CARTESIAN_POINT ( 'NONE',  ( 50.10416666762257876, 11.39378221735091223, 7.650000000000000355 ) ) ;
#4258 = CARTESIAN_POINT ( 'NONE',  ( -50.98645833381131354, -12.51352018795474486, 8.889443056249969999 ) ) ;
#4259 = LINE ( 'NONE', #5768, #4372 ) ;
#4260 = CARTESIAN_POINT ( 'NONE',  ( -51.30729166714462508, -12.77028028193215370, 8.444721528125000987 ) ) ;
#4261 = ORIENTED_EDGE ( 'NONE', *, *, #4089, .F. ) ;
#4262 = VERTEX_POINT ( 'NONE', #1067 ) ;
#4263 = ORIENTED_EDGE ( 'NONE', *, *, #2282, .F. ) ;
#4264 = CARTESIAN_POINT ( 'NONE',  ( 50.27644283605564368, 12.60213203529872317, 8.347641092667403839 ) ) ;
#4265 = CARTESIAN_POINT ( 'NONE',  ( -50.14062500047795368, 12.00000000000001776, 7.110556943750000691 ) ) ;
#4266 = CARTESIAN_POINT ( 'NONE',  ( -50.92192708332855489, -11.59694856156246701, 7.301894430562501093 ) ) ;
#4267 = CARTESIAN_POINT ( 'NONE',  ( 51.89062500047795368, -11.99999999999998224, 8.889443056250000197 ) ) ;
#4268 = CARTESIAN_POINT ( 'NONE',  ( -50.47604166714462792, -12.51352018795476262, 7.110556943750000691 ) ) ;
#4269 = CARTESIAN_POINT ( 'NONE',  ( 50.03854166714468477, 12.77028028193218745, 8.444721528125000987 ) ) ;
#4270 =( BOUNDED_CURVE ( )  B_SPLINE_CURVE ( 3, ( #4152, #2601, #5188, #4692 ),
 .UNSPECIFIED., .F., .F. ) 
 B_SPLINE_CURVE_WITH_KNOTS ( ( 4, 4 ),
 ( 4.712388980384688786, 6.283185307179586232 ),
 .UNSPECIFIED. ) 
 CURVE ( )  GEOMETRIC_REPRESENTATION_ITEM ( )  RATIONAL_B_SPLINE_CURVE ( ( 1.000000000000000000, 0.8047378541243648264, 0.8047378541243648264, 1.000000000000000000 ) ) 
 REPRESENTATION_ITEM ( '' )  );
#4271 = FACE_OUTER_BOUND ( 'NONE', #2823, .T. ) ;
#4272 = ORIENTED_EDGE ( 'NONE', *, *, #4670, .T. ) ;
#4273 = EDGE_LOOP ( 'NONE', ( #3634, #5855, #4946, #5515 ) ) ;
#4274 = CARTESIAN_POINT ( 'NONE',  ( -50.14062500047797499, -11.99999999999998224, 7.110556943750030001 ) ) ;
#4275 = CARTESIAN_POINT ( 'NONE',  ( -50.36666666666667425, -12.60621778264908954, 8.349999999999999645 ) ) ;
#4276 = CARTESIAN_POINT ( 'NONE',  ( 51.43854166714462650, 12.77028028193218745, 8.444721528125000987 ) ) ;
#4277 = CARTESIAN_POINT ( 'NONE',  ( 50.86249999999960636, 12.80829037686627991, 8.000000000000000000 ) ) ;
#4278 = CARTESIAN_POINT ( 'NONE',  ( -51.49687500047795652, 12.00000000000001776, 7.110556943750001579 ) ) ;
#4279 = CARTESIAN_POINT ( 'NONE',  ( -50.10416666666666430, 12.40414518843275538, 8.700000000000001066 ) ) ;
#4280 = CARTESIAN_POINT ( 'NONE',  ( 51.51145833381128369, 12.51352018795479815, 8.889443056249998421 ) ) ;
#4281 = DIRECTION ( 'NONE',  ( 0.000000000000000000, -1.000000000000000000, 0.000000000000000000 ) ) ;
#4282 = CYLINDRICAL_SURFACE ( 'NONE', #4236, 0.6999999999999992895 ) ;
#4283 = LINE ( 'NONE', #3416, #2398 ) ;
#4284 = CARTESIAN_POINT ( 'NONE',  ( 51.06776041666188348, -12.60457715765625863, 7.650947215281250102 ) ) ;
#4285 = DIRECTION ( 'NONE',  ( -1.000000000000000000, 0.000000000000000000, 0.000000000000000000 ) ) ;
#4286 = CARTESIAN_POINT ( 'NONE',  ( 51.40000242597918145, 11.83665577146236458, 8.680674144328442310 ) ) ;
#4287 = EDGE_LOOP ( 'NONE', ( #5040, #4842, #6342, #2207, #5131, #86, #3881, #5387 ) ) ;
#4288 = CARTESIAN_POINT ( 'NONE',  ( 50.71666666666666856, 11.39378221735091223, 7.650000000000000355 ) ) ;
#4289 = DIRECTION ( 'NONE',  ( -0.000000000000000000, -0.000000000000000000, 1.000000000000000000 ) ) ;
#4290 = CARTESIAN_POINT ( 'NONE',  ( 50.33020833381129222, -11.22971971806781255, 7.555278471875000790 ) ) ;
#4291 = ORIENTED_EDGE ( 'NONE', *, *, #3767, .T. ) ;
#4292 = CARTESIAN_POINT ( 'NONE',  ( 51.39999999999999147, -12.12804937323625154, 7.183227874640993882 ) ) ;
#4293 = CARTESIAN_POINT ( 'NONE',  ( -50.07499999999998863, -12.00000000000018474, 8.700000000000002842 ) ) ;
#4294 = CARTESIAN_POINT ( 'NONE',  ( 50.65833333333295485, -12.60621778264966864, 8.350000000000335376 ) ) ;
#4295 = CARTESIAN_POINT ( 'NONE',  ( -51.20520833381129222, -12.77028028193215370, 7.555278471875000790 ) ) ;
#4296 = ADVANCED_FACE ( 'NONE', ( #3068 ), #6599, .F. ) ;
#4297 = VERTEX_POINT ( 'NONE', #4144 ) ;
#4298 = EDGE_CURVE ( 'NONE', #579, #2484, #4967, .T. ) ;
#4299 = ORIENTED_EDGE ( 'NONE', *, *, #6478, .F. ) ;
#4300 = ORIENTED_EDGE ( 'NONE', *, *, #989, .T. ) ;
#4301 = VECTOR ( 'NONE', #2470, 1000.000000000000114 ) ;
#4302 = DIRECTION ( 'NONE',  ( 0.000000000000000000, 0.000000000000000000, 1.000000000000000000 ) ) ;
#4303 = CARTESIAN_POINT ( 'NONE',  ( -50.95729166714461655, 11.22971971806784808, 8.444721528125000987 ) ) ;
#4304 = CARTESIAN_POINT ( 'NONE',  ( -51.62192708332855062, -11.59694856156246701, 7.301894430562501093 ) ) ;
#4305 = CARTESIAN_POINT ( 'NONE',  ( 50.10416666666666430, -11.59585481156724462, 7.300000000000000711 ) ) ;
#4306 = CARTESIAN_POINT ( 'NONE',  ( -51.73750000095591162, -11.99999999999998224, 7.300000000000000711 ) ) ;
#4307 = PLANE ( 'NONE',  #5608 ) ;
#4308 = CARTESIAN_POINT ( 'NONE',  ( -50.84062500047797073, 12.00000000000001776, 7.110556943750028225 ) ) ;
#4309 = ORIENTED_EDGE ( 'NONE', *, *, #5864, .T. ) ;
#4310 = ORIENTED_EDGE ( 'NONE', *, *, #2524, .F. ) ;
#4311 = CARTESIAN_POINT ( 'NONE',  ( 51.39999999999999858, 11.33627141757315648, 7.586851219392980461 ) ) ;
#4312 = CARTESIAN_POINT ( 'NONE',  ( -35.99999999999999289, 19.00000000000001776, -9.037102976004216970 ) ) ;
#4313 = CARTESIAN_POINT ( 'NONE',  ( -47.92893218813451028, 28.00000000000000355, -5.761370867608389901 ) ) ;
#4314 = CARTESIAN_POINT ( 'NONE',  ( -50.27916666762258302, 12.60621778264912329, 7.650000000000000355 ) ) ;
#4315 = CARTESIAN_POINT ( 'NONE',  ( -51.68645833381129506, 11.48647981204523738, 8.889443056249998421 ) ) ;
#4316 = CARTESIAN_POINT ( 'NONE',  ( 50.30833333333333002, -12.60621778264908777, 8.349999999999997868 ) ) ;
#4317 = DIRECTION ( 'NONE',  ( 1.000000000000000000, 0.000000000000000000, 0.000000000000000000 ) ) ;
#4318 = CARTESIAN_POINT ( 'NONE',  ( 50.59270833381135901, -12.51352018795476262, 7.110556943750000691 ) ) ;
#4319 = CARTESIAN_POINT ( 'NONE',  ( -51.00000000000000000, 29.00000000000001421, -30.00000000000000000 ) ) ;
#4320 = CARTESIAN_POINT ( 'NONE',  ( 50.33859374999522629, -12.80610287687501803, 8.000000000000000000 ) ) ;
#4321 = EDGE_CURVE ( 'NONE', #4014, #5070, #279, .T. ) ;
#4322 = FACE_OUTER_BOUND ( 'NONE', #3087, .T. ) ;
#4323 = DIRECTION ( 'NONE',  ( 0.000000000000000000, 0.000000000000000000, 1.000000000000000000 ) ) ;
#4324 = VECTOR ( 'NONE', #643, 1000.000000000000000 ) ;
#4325 = ORIENTED_EDGE ( 'NONE', *, *, #4508, .F. ) ;
#4326 = CARTESIAN_POINT ( 'NONE',  ( 50.01014495630493428, 11.34280417517974549, 7.742085420235848225 ) ) ;
#4327 = DIRECTION ( 'NONE',  ( 0.000000000000000000, 0.000000000000000000, 1.000000000000000000 ) ) ;
#4328 = CARTESIAN_POINT ( 'NONE',  ( 50.15520833381128796, -12.77028028193215548, 8.444721528124999210 ) ) ;
#4329 = CARTESIAN_POINT ( 'NONE',  ( -51.36562500047796931, -11.99999999999998224, 8.889443056249969999 ) ) ;
#4330 = AXIS2_PLACEMENT_3D ( 'NONE', #4581, #6034, #2497 ) ;
#4331 = CARTESIAN_POINT ( 'NONE',  ( -50.97916666666669272, -12.40414518843284419, 7.300000000000217426 ) ) ;
#4332 = CARTESIAN_POINT ( 'NONE',  ( -50.33020833381129222, -11.22971971806781255, 8.444721528124999210 ) ) ;
#4333 = ORIENTED_EDGE ( 'NONE', *, *, #889, .T. ) ;
#4334 = ORIENTED_EDGE ( 'NONE', *, *, #5486, .F. ) ;
#4335 = VERTEX_POINT ( 'NONE', #2592 ) ;
#4336 = CARTESIAN_POINT ( 'NONE',  ( 50.88894283605565505, 12.40142135686582314, 7.304717814665191433 ) ) ;
#4337 = CARTESIAN_POINT ( 'NONE',  ( -50.69479166714462082, 12.51352018795479815, 8.889443056249998421 ) ) ;
#4338 = CARTESIAN_POINT ( 'NONE',  ( 51.39999999999999147, -12.00815067340503184, 8.026943859230120992 ) ) ;
#4339 = EDGE_CURVE ( 'NONE', #2011, #4732, #2319, .T. ) ;
#4340 = LINE ( 'NONE', #6459, #4443 ) ;
#4341 = CARTESIAN_POINT ( 'NONE',  ( -51.47500000095590877, -12.80829037686545746, 8.000000000000000000 ) ) ;
#4342 = PLANE ( 'NONE',  #2057 ) ;
#4343 = CARTESIAN_POINT ( 'NONE',  ( -50.81145833381130217, 12.51352018795478216, 7.110556943750029113 ) ) ;
#4344 = ORIENTED_EDGE ( 'NONE', *, *, #3181, .T. ) ;
#4345 = ORIENTED_EDGE ( 'NONE', *, *, #274, .T. ) ;
#4346 = PLANE ( 'NONE',  #1964 ) ;
#4347 = CARTESIAN_POINT ( 'NONE',  ( 49.99999999999998579, -12.68314058669670175, 7.847019488603834247 ) ) ;
#4348 = CARTESIAN_POINT ( 'NONE',  ( 51.03020833381129506, 12.77028028193218745, 7.555278471875000790 ) ) ;
#4349 = EDGE_CURVE ( 'NONE', #1566, #1260, #5468, .T. ) ;
#4350 = CARTESIAN_POINT ( 'NONE',  ( -51.47500000095590877, 11.19170962313454076, 8.000000000000000000 ) ) ;
#4351 = CARTESIAN_POINT ( 'NONE',  ( -50.60000000000000142, 12.00000000000001776, 7.300000000000000711 ) ) ;
#4352 = ORIENTED_EDGE ( 'NONE', *, *, #2710, .F. ) ;
#4353 =( BOUNDED_CURVE ( )  B_SPLINE_CURVE ( 3, ( #1991, #4585, #1581, #532 ),
 .UNSPECIFIED., .F., .F. ) 
 B_SPLINE_CURVE_WITH_KNOTS ( ( 4, 4 ),
 ( 0.000000000000000000, 1.570796326794898112 ),
 .UNSPECIFIED. ) 
 CURVE ( )  GEOMETRIC_REPRESENTATION_ITEM ( )  RATIONAL_B_SPLINE_CURVE ( ( 1.000000000000000000, 0.8047378541243646044, 0.8047378541243646044, 1.000000000000000000 ) ) 
 REPRESENTATION_ITEM ( '' )  );
#4354 = CARTESIAN_POINT ( 'NONE',  ( 51.38750463519299672, 11.99993578909923286, 8.699999997054970180 ) ) ;
#4355 = CARTESIAN_POINT ( 'NONE',  ( 50.92083333428924874, -11.39378221735087671, 7.650000000000000355 ) ) ;
#4356 = CARTESIAN_POINT ( 'NONE',  ( 51.05937500047801336, -10.97295962409042147, 8.000000000000000000 ) ) ;
#4357 = CARTESIAN_POINT ( 'NONE',  ( 50.24999999999999289, 12.00000000000001776, 8.699999999999999289 ) ) ;
#4358 = CARTESIAN_POINT ( 'NONE',  ( 50.77609374999521918, -11.99999999999998224, 7.301894430562501093 ) ) ;
#4359 = DIRECTION ( 'NONE',  ( 1.334402673828313339E-16, -1.000000000000000000, -0.000000000000000000 ) ) ;
#4360 = CARTESIAN_POINT ( 'NONE',  ( 51.39999999999999858, 12.08285576398643002, 8.776363073233452994 ) ) ;
#4361 = VECTOR ( 'NONE', #4708, 1000.000000000000000 ) ;
#4362 = DIRECTION ( 'NONE',  ( -1.000000000000000000, 0.000000000000000000, 0.000000000000000000 ) ) ;
#4363 = CARTESIAN_POINT ( 'NONE',  ( 50.97916666666666430, 11.59585481156727838, 8.700000000000001066 ) ) ;
#4364 = DIRECTION ( 'NONE',  ( 1.334402673828313339E-16, -1.000000000000000000, -0.000000000000000000 ) ) ;
#4365 = AXIS2_PLACEMENT_3D ( 'NONE', #272, #2327, #1313 ) ;
#4366 = CARTESIAN_POINT ( 'NONE',  ( 51.65000000095592014, -11.19170962313450701, 8.000000000000000000 ) ) ;
#4367 = ORIENTED_EDGE ( 'NONE', *, *, #1698, .T. ) ;
#4368 = CARTESIAN_POINT ( 'NONE',  ( 50.99999999999999289, 22.09831107200983880, -11.03776551424705588 ) ) ;
#4369 = CARTESIAN_POINT ( 'NONE',  ( 50.99999999999999289, -26.51471862576144289, -27.73146132173476985 ) ) ;
#4370 = CARTESIAN_POINT ( 'NONE',  ( -51.35104166714462082, -11.48647981204520363, 8.889443056249998421 ) ) ;
#4371 = ORIENTED_EDGE ( 'NONE', *, *, #1698, .F. ) ;
#4372 = VECTOR ( 'NONE', #1183, 1000.000000000000000 ) ;
#4373 = VECTOR ( 'NONE', #3706, 1000.000000000000114 ) ;
#4374 = VERTEX_POINT ( 'NONE', #165 ) ;
#4375 = DIRECTION ( 'NONE',  ( 0.000000000000000000, -0.9396926207859082059, -0.3420201433256695456 ) ) ;
#4376 = CARTESIAN_POINT ( 'NONE',  ( -50.86979166714462508, 11.48647981204523560, 7.110556943749999803 ) ) ;
#4377 = CARTESIAN_POINT ( 'NONE',  ( -50.51359374999521634, -11.19389712312494822, 8.000000000000000000 ) ) ;
#4378 = CARTESIAN_POINT ( 'NONE',  ( 50.34479166714461229, -11.48647981204520363, 7.110556943749999803 ) ) ;
#4379 = CARTESIAN_POINT ( 'NONE',  ( -50.94270833381129648, -12.51352018795476262, 8.889443056249998421 ) ) ;
#4380 = CARTESIAN_POINT ( 'NONE',  ( -20.54999999999999361, 33.00000000000000000, -0.9217859440278044492 ) ) ;
#4381 = CARTESIAN_POINT ( 'NONE',  ( -50.11145833381130643, 12.51352018795478216, 7.110556943750029113 ) ) ;
#4382 = ORIENTED_EDGE ( 'NONE', *, *, #839, .T. ) ;
#4383 = ORIENTED_EDGE ( 'NONE', *, *, #2454, .F. ) ;
#4384 = CARTESIAN_POINT ( 'NONE',  ( 52.00000000000000000, -11.99999999999998224, 8.000000000000000000 ) ) ;
#4385 = CARTESIAN_POINT ( 'NONE',  ( 49.99999999999999289, -12.36502313165119382, 7.293528498912127844 ) ) ;
#4386 = B_SPLINE_CURVE_WITH_KNOTS ( 'NONE', 3,
 ( #1377, #1920, #403, #3435, #5516, #4451, #5928, #3980 ),
 .UNSPECIFIED., .F., .F.,
 ( 4, 2, 2, 4 ),
 ( 1.335508797260677230E-05, 0.0007963652814067755364, 0.001187870378123860940, 0.001579375474840946560 ),
 .UNSPECIFIED. ) ;
#4387 = CARTESIAN_POINT ( 'NONE',  ( 51.15416666762258302, 11.39378221735091223, 7.650000000000000355 ) ) ;
#4388 = CARTESIAN_POINT ( 'NONE',  ( -50.62916666762257734, 12.60621778264912329, 7.650000000000000355 ) ) ;
#4389 = CARTESIAN_POINT ( 'NONE',  ( -50.33750000000000568, 11.19170962313454076, 8.000000000000000000 ) ) ;
#4390 = ORIENTED_EDGE ( 'NONE', *, *, #2020, .F. ) ;
#4391 = EDGE_CURVE ( 'NONE', #6585, #4524, #5687, .T. ) ;
#4392 = EDGE_CURVE ( 'NONE', #2749, #2515, #5635, .T. ) ;
#4393 = ADVANCED_FACE ( 'NONE', ( #3737 ), #5384, .T. ) ;
#4394 = CARTESIAN_POINT ( 'NONE',  ( 51.89062500047795368, 12.00000000000001776, 8.889443056250000197 ) ) ;
#4395 = CARTESIAN_POINT ( 'NONE',  ( 50.50520833381136043, -12.77028028193215548, 8.444721528124999210 ) ) ;
#4396 = CARTESIAN_POINT ( 'NONE',  ( 50.13442708332854636, -11.39542284234370761, 7.650947215281250102 ) ) ;
#4397 = CARTESIAN_POINT ( 'NONE',  ( -50.19895833381128369, -12.77028028193215548, 7.555278471875000790 ) ) ;
#4398 =( BOUNDED_CURVE ( )  B_SPLINE_CURVE ( 3, ( #2563, #6665, #2050, #4113 ),
 .UNSPECIFIED., .F., .F. ) 
 B_SPLINE_CURVE_WITH_KNOTS ( ( 4, 4 ),
 ( 3.141592653589793116, 4.712388980384687009 ),
 .UNSPECIFIED. ) 
 CURVE ( )  GEOMETRIC_REPRESENTATION_ITEM ( )  RATIONAL_B_SPLINE_CURVE ( ( 1.000000000000000000, 0.8047378541243654926, 0.8047378541243654926, 1.000000000000000000 ) ) 
 REPRESENTATION_ITEM ( '' )  );
#4399 = CIRCLE ( 'NONE', #942, 1.499999999999997780 ) ;
#4400 = CARTESIAN_POINT ( 'NONE',  ( 50.43229166714463219, -11.22971971806783742, 8.444721528124986776 ) ) ;
#4401 = CARTESIAN_POINT ( 'NONE',  ( 51.73749999999999716, 11.19170962313454076, 8.000000000000000000 ) ) ;
#4402 = CYLINDRICAL_SURFACE ( 'NONE', #2560, 0.6999999999999992895 ) ;
#4403 = CARTESIAN_POINT ( 'NONE',  ( 50.30104166714462366, -11.48647981204520363, 7.110556943749999803 ) ) ;
#4404 = DIRECTION ( 'NONE',  ( 0.000000000000000000, 0.9396926207859082059, 0.3420201433256695456 ) ) ;
#4405 = CARTESIAN_POINT ( 'NONE',  ( -50.75312500047796505, -10.97295962409045877, 8.000000000000000000 ) ) ;
#4406 = CARTESIAN_POINT ( 'NONE',  ( 51.33645833381130075, 11.48647981204525514, 7.110556943750031778 ) ) ;
#4407 = CARTESIAN_POINT ( 'NONE',  ( -50.68020833381128654, -11.22971971806781255, 8.444721528124999210 ) ) ;
#4408 = ORIENTED_EDGE ( 'NONE', *, *, #2688, .F. ) ;
#4409 = ORIENTED_EDGE ( 'NONE', *, *, #4033, .T. ) ;
#4410 = CARTESIAN_POINT ( 'NONE',  ( -51.58437500047795510, 10.97295962409045877, 8.000000000000000000 ) ) ;
#4411 = CARTESIAN_POINT ( 'NONE',  ( -51.91250000000000142, -11.19170962313450701, 8.000000000000000000 ) ) ;
#4412 = CARTESIAN_POINT ( 'NONE',  ( 50.57083333428924732, 12.60621778264912329, 7.650000000000000355 ) ) ;
#4413 = EDGE_CURVE ( 'NONE', #1573, #4889, #5785, .T. ) ;
#4414 = CARTESIAN_POINT ( 'NONE',  ( -49.84735391946530569, -12.86714797328833804, 8.197897303501671118 ) ) ;
#4415 = CARTESIAN_POINT ( 'NONE',  ( 51.39999999999999147, 12.01024198552258149, 8.026943859230120992 ) ) ;
#4416 = CARTESIAN_POINT ( 'NONE',  ( -50.16979166714464355, 11.48647981204525159, 7.110556943750029113 ) ) ;
#4417 = VERTEX_POINT ( 'NONE', #5750 ) ;
#4418 = VERTEX_POINT ( 'NONE', #2724 ) ;
#4419 = CARTESIAN_POINT ( 'NONE',  ( -34.99999999999999289, 13.00000000000001599, -13.34927992655326001 ) ) ;
#4420 = CARTESIAN_POINT ( 'NONE',  ( -50.88437500047803042, 10.97295962409045877, 8.000000000000000000 ) ) ;
#4421 = CARTESIAN_POINT ( 'NONE',  ( 50.44687500047795936, 12.00000000000001776, 8.889443056250000197 ) ) ;
#4422 = CARTESIAN_POINT ( 'NONE',  ( -51.00833333428924732, 12.40414518843275538, 7.300000000000000711 ) ) ;
#4423 = CARTESIAN_POINT ( 'NONE',  ( -51.74479166714463219, 12.51352018795479815, 8.889443056249998421 ) ) ;
#4424 = ORIENTED_EDGE ( 'NONE', *, *, #4791, .F. ) ;
#4425 = CARTESIAN_POINT ( 'NONE',  ( 50.24999999999999289, -11.99999999999998224, 8.699999999999999289 ) ) ;
#4426 = CARTESIAN_POINT ( 'NONE',  ( 52.00000000000000000, 12.00000000000001776, 8.000000000000000000 ) ) ;
#4427 = DIRECTION ( 'NONE',  ( -1.000000000000000000, 0.000000000000000000, -0.000000000000000000 ) ) ;
#4428 = ADVANCED_FACE ( 'NONE', ( #3773 ), #177, .T. ) ;
#4429 = CARTESIAN_POINT ( 'NONE',  ( -50.63645833381128369, -12.51352018795476262, 8.889443056249998421 ) ) ;
#4430 = ADVANCED_FACE ( 'NONE', ( #5232 ), #2753, .F. ) ;
#4431 = CARTESIAN_POINT ( 'NONE',  ( 51.99999999999999289, -22.99999999999997868, 10.00000000000000000 ) ) ;
#4432 = EDGE_CURVE ( 'NONE', #4912, #549, #6345, .T. ) ;
#4433 = CARTESIAN_POINT ( 'NONE',  ( 50.00108797172592290, 11.81251474502437837, 8.674444068251537132 ) ) ;
#4434 = CARTESIAN_POINT ( 'NONE',  ( 51.68645833381129506, 11.48647981204523738, 7.110556943749999803 ) ) ;
#4435 = CARTESIAN_POINT ( 'NONE',  ( -50.77499999999898961, 11.99999999998594369, 8.699999999999999289 ) ) ;
#4436 = CARTESIAN_POINT ( 'NONE',  ( 51.09583333428924590, -12.60621778264908954, 8.349999999999999645 ) ) ;
#4437 = CARTESIAN_POINT ( 'NONE',  ( -52.00000000000000000, 30.00000000000001776, -7.161785944027805328 ) ) ;
#4438 = EDGE_CURVE ( 'NONE', #6050, #3757, #1633, .T. ) ;
#4439 = CARTESIAN_POINT ( 'NONE',  ( -50.34479166714463361, -11.48647981204522139, 8.889443056249969999 ) ) ;
#4440 = CARTESIAN_POINT ( 'NONE',  ( -19.54999999999999361, 33.00000000000000000, 1.278214055972197061 ) ) ;
#4441 = CARTESIAN_POINT ( 'NONE',  ( -49.82671645221540047, -12.93896974655975995, 7.883225555890255976 ) ) ;
#4442 = ORIENTED_EDGE ( 'NONE', *, *, #1839, .F. ) ;
#4443 = VECTOR ( 'NONE', #829, 1000.000000000000000 ) ;
#4444 = CARTESIAN_POINT ( 'NONE',  ( -50.06770833381129648, 12.51352018795479815, 7.110556943750000691 ) ) ;
#4445 = CARTESIAN_POINT ( 'NONE',  ( -49.99125214585277632, -12.70879181634908583, 8.031814416353114439 ) ) ;
#4446 = CARTESIAN_POINT ( 'NONE',  ( 50.68750132532770181, 11.99998165185912846, 8.699999999759532088 ) ) ;
#4447 = CARTESIAN_POINT ( 'NONE',  ( -50.54166666762258586, -11.59585481156724462, 8.700000000000001066 ) ) ;
#4448 = DIRECTION ( 'NONE',  ( 0.000000000000000000, -1.000000000000000000, 0.000000000000000000 ) ) ;
#4449 = ORIENTED_EDGE ( 'NONE', *, *, #2110, .F. ) ;
#4450 = VERTEX_POINT ( 'NONE', #3297 ) ;
#4451 = CARTESIAN_POINT ( 'NONE',  ( -51.39999999999998437, 12.26710539870856920, 8.827043301210926174 ) ) ;
#4452 = CARTESIAN_POINT ( 'NONE',  ( -50.38854166714469329, 12.77028028193218745, 7.555278471875000790 ) ) ;
#4453 = CARTESIAN_POINT ( 'NONE',  ( 50.06770833381129648, 12.51352018795479815, 8.889443056249998421 ) ) ;
#4454 = CARTESIAN_POINT ( 'NONE',  ( -50.39583333428925016, 11.39378221735091223, 7.650000000000001243 ) ) ;
#4455 = CARTESIAN_POINT ( 'NONE',  ( -50.11145833381129222, 12.51352018795479815, 7.110556943749999803 ) ) ;
#4456 = ORIENTED_EDGE ( 'NONE', *, *, #1042, .F. ) ;
#4457 = CARTESIAN_POINT ( 'NONE',  ( 51.81770833381129648, 12.51352018795479815, 8.889443056249998421 ) ) ;
#4458 = CARTESIAN_POINT ( 'NONE',  ( 50.59999999999998721, -11.99999999999974420, 8.699999999999999289 ) ) ;
#4459 = FACE_OUTER_BOUND ( 'NONE', #903, .T. ) ;
#4460 = CARTESIAN_POINT ( 'NONE',  ( -51.47609374999522203, 12.00000000000001776, 8.698105569437499796 ) ) ;
#4461 = CARTESIAN_POINT ( 'NONE',  ( 50.19166666762258444, -11.59585481156724462, 7.300000000000000711 ) ) ;
#4462 = CARTESIAN_POINT ( 'NONE',  ( 51.00104166714462650, -11.48647981204520363, 7.110556943749999803 ) ) ;
#4463 = CARTESIAN_POINT ( 'NONE',  ( 51.39999999999999858, -11.48827964609387209, 7.272503450379631751 ) ) ;
#4464 = CARTESIAN_POINT ( 'NONE',  ( 50.00905120630971368, 11.34102076030584527, 7.741385524283415975 ) ) ;
#4465 = DIRECTION ( 'NONE',  ( 0.000000000000000000, 0.000000000000000000, 1.000000000000000000 ) ) ;
#4466 = CARTESIAN_POINT ( 'NONE',  ( 51.70560950253897659, -11.59857864331752353, 8.695282185017244814 ) ) ;
#4467 = DIRECTION ( 'NONE',  ( 0.000000000000000000, 0.000000000000000000, 1.000000000000000000 ) ) ;
#4468 = CARTESIAN_POINT ( 'NONE',  ( 51.03749912693133695, -11.99998789058271598, 8.699999999895258185 ) ) ;
#4469 = EDGE_CURVE ( 'NONE', #1747, #512, #5336, .T. ) ;
#4470 = AXIS2_PLACEMENT_3D ( 'NONE', #3312, #2255, #1318 ) ;
#4471 = ADVANCED_FACE ( 'NONE', ( #760 ), #863, .T. ) ;
#4472 = ORIENTED_EDGE ( 'NONE', *, *, #5573, .F. ) ;
#4473 = CARTESIAN_POINT ( 'NONE',  ( -51.00104166714462650, 12.51352018795479815, 8.889443056249998421 ) ) ;
#4474 = CARTESIAN_POINT ( 'NONE',  ( 49.96562500047794941, -11.99999999999998224, 7.110556943750000691 ) ) ;
#4475 = CARTESIAN_POINT ( 'NONE',  ( -50.83333333428924306, -12.40414518843271985, 8.700000000000001066 ) ) ;
#4476 = CARTESIAN_POINT ( 'NONE',  ( -52.00000000000000000, 23.00000000000001776, -10.70957758389122816 ) ) ;
#4477 = CARTESIAN_POINT ( 'NONE',  ( 52.00000000000000000, -29.99999999999998224, -30.00000000000000000 ) ) ;
#4478 = ORIENTED_EDGE ( 'NONE', *, *, #5880, .T. ) ;
#4479 = VERTEX_POINT ( 'NONE', #631 ) ;
#4480 = CARTESIAN_POINT ( 'NONE',  ( -49.99999999999997158, -12.33863366831070785, 7.360969978572692973 ) ) ;
#4481 = CARTESIAN_POINT ( 'NONE',  ( -51.32187500047803042, 12.00000000000001776, 8.889443056249998421 ) ) ;
#4482 = CARTESIAN_POINT ( 'NONE',  ( 49.84735391946531280, 11.13285202671168328, 7.802102696498224965 ) ) ;
#4483 = FACE_OUTER_BOUND ( 'NONE', #271, .T. ) ;
#4484 = CARTESIAN_POINT ( 'NONE',  ( -50.05312500047796220, 13.02704037590958031, 8.000000000000000000 ) ) ;
#4485 = ORIENTED_EDGE ( 'NONE', *, *, #6256, .F. ) ;
#4486 = CARTESIAN_POINT ( 'NONE',  ( 49.88078592025376423, 11.09694369580288331, 7.959427372266068446 ) ) ;
#4487 = CARTESIAN_POINT ( 'NONE',  ( -52.00000000000000000, -19.99999999999998579, -23.23194211238614315 ) ) ;
#4488 = LINE ( 'NONE', #4022, #2285 ) ;
#4489 = DIRECTION ( 'NONE',  ( 1.000000000000000000, -2.775557561562891844E-16, 0.000000000000000000 ) ) ;
#4490 = DIRECTION ( 'NONE',  ( 4.956352788505164007E-17, 1.000000000000000000, 0.000000000000000000 ) ) ;
#4491 =( BOUNDED_CURVE ( )  B_SPLINE_CURVE ( 2, ( #1833, #1321, #3780, #1760, #5425, #848, #2877, #4790, #2258 ),
 .UNSPECIFIED., .F., .F. ) 
 B_SPLINE_CURVE_WITH_KNOTS ( ( 3, 2, 2, 2, 3 ),
 ( 0.2624766111473781915, 0.2916321363952271151, 0.3207953500347498488, 0.3499585636742725825, 0.3499590681727234864 ),
 .UNSPECIFIED. ) 
 CURVE ( )  GEOMETRIC_REPRESENTATION_ITEM ( )  RATIONAL_B_SPLINE_CURVE ( ( 0.9999293783169708183, 0.8660607239375186506, 1.000000000000000000, 0.8660254037844387076, 1.000000000000000000, 0.8660254037844387076, 1.000000000000000000, 0.9999976823550007499, 0.9999953647901880238 ) ) 
 REPRESENTATION_ITEM ( '' )  );
#4492 = VERTEX_POINT ( 'NONE', #36 ) ;
#4493 = CARTESIAN_POINT ( 'NONE',  ( 51.11770833381128654, -11.48647981204520363, 8.889443056249998421 ) ) ;
#4494 = CARTESIAN_POINT ( 'NONE',  ( 50.89895833381130075, -12.77028028193213061, 8.444721528124984999 ) ) ;
#4495 = CARTESIAN_POINT ( 'NONE',  ( 51.77395833381128654, 12.77028028193218745, 7.555278471875000790 ) ) ;
#4496 = CARTESIAN_POINT ( 'NONE',  ( 51.39999999999999147, 12.01024198552258149, 8.026943859230120992 ) ) ;
#4497 = VECTOR ( 'NONE', #5873, 1000.000000000000000 ) ;
#4498 = CARTESIAN_POINT ( 'NONE',  ( 49.95833333428925016, -11.59585481156724462, 8.700000000000001066 ) ) ;
#4499 = PLANE ( 'NONE',  #3497 ) ;
#4500 = CYLINDRICAL_SURFACE ( 'NONE', #4998, 1.499999999999997780 ) ;
#4501 = VECTOR ( 'NONE', #1363, 1000.000000000000114 ) ;
#4502 = ORIENTED_EDGE ( 'NONE', *, *, #2653, .T. ) ;
#4503 = ADVANCED_FACE ( 'NONE', ( #4621 ), #2152, .F. ) ;
#4504 = CARTESIAN_POINT ( 'NONE',  ( -50.12604166714463361, 11.48647981204523738, 7.110556943750000691 ) ) ;
#4505 = CARTESIAN_POINT ( 'NONE',  ( -50.60000000095591588, -11.19170962313450701, 8.000000000000000000 ) ) ;
#4506 = CYLINDRICAL_SURFACE ( 'NONE', #3249, 1.000000000000000000 ) ;
#4507 = CARTESIAN_POINT ( 'NONE',  ( -51.89062500047795368, -11.99999999999998224, 7.110556943750000691 ) ) ;
#4508 = EDGE_CURVE ( 'NONE', #4418, #4479, #4211, .T. ) ;
#4509 = ORIENTED_EDGE ( 'NONE', *, *, #4620, .F. ) ;
#4510 = EDGE_CURVE ( 'NONE', #1767, #4297, #5623, .T. ) ;
#4511 = EDGE_LOOP ( 'NONE', ( #5580, #4677, #6449, #3600 ) ) ;
#4512 = CARTESIAN_POINT ( 'NONE',  ( 51.76776041666187922, 11.39542284234374137, 7.650947215281250102 ) ) ;
#4513 = CARTESIAN_POINT ( 'NONE',  ( -50.85520833381136896, 11.22971971806784808, 7.555278471875000790 ) ) ;
#4514 = CARTESIAN_POINT ( 'NONE',  ( 50.09687500047795794, 12.00000000000001776, 8.889443056250000197 ) ) ;
#4515 = CARTESIAN_POINT ( 'NONE',  ( 49.98093251965154593, -12.73697456594100252, 8.091685958371504839 ) ) ;
#4516 = DIRECTION ( 'NONE',  ( -1.334402673828313339E-16, 1.000000000000000000, 0.000000000000000000 ) ) ;
#4517 = CARTESIAN_POINT ( 'NONE',  ( -50.89895833381128654, 11.22971971806784630, 7.555278471875000790 ) ) ;
#4518 = ORIENTED_EDGE ( 'NONE', *, *, #2446, .F. ) ;
#4519 = CARTESIAN_POINT ( 'NONE',  ( 50.89895833381128654, 11.22971971806784630, 8.444721528124999210 ) ) ;
#4520 = LINE ( 'NONE', #1832, #5968 ) ;
#4521 = CYLINDRICAL_SURFACE ( 'NONE', #5506, 0.6999999999999992895 ) ;
#4522 = CARTESIAN_POINT ( 'NONE',  ( -50.83442708332854920, 12.60457715765629239, 8.349052784718749010 ) ) ;
#4523 = CARTESIAN_POINT ( 'NONE',  ( -50.48333333333333428, -11.39378221735087671, 8.349999999999997868 ) ) ;
#4524 = VERTEX_POINT ( 'NONE', #5124 ) ;
#4525 = CARTESIAN_POINT ( 'NONE',  ( 50.41770833381128369, -11.48647981204520363, 8.889443056249998421 ) ) ;
#4526 = EDGE_CURVE ( 'NONE', #934, #5381, #6253, .T. ) ;
#4527 = CARTESIAN_POINT ( 'NONE',  ( 51.07395833381128369, 12.77028028193218745, 7.555278471875000790 ) ) ;
#4528 = CARTESIAN_POINT ( 'NONE',  ( -50.77499999999898961, -12.00000000001404032, 8.699999999999999289 ) ) ;
#4529 = CARTESIAN_POINT ( 'NONE',  ( 51.18060950253897090, -12.40142135668244094, 7.304717814982755186 ) ) ;
#4530 =( BOUNDED_SURFACE ( )  B_SPLINE_SURFACE ( 1, 2, ( 
 ( #4394, #1831, #5423, #4931, #315, #2366, #5790, #1170, #5281, #6326, #4787, #170, #2217, #4280, #1719, #3776, #5829, #1209, #3275, #5315, #2972, #905, #5457, #1386, #3476, #3037, #6032, #6472, #846, #3004, #5086, #2465, #871, #5489, #4519, #1479, #1414, #970, #6567, #470, #1956, #3444, #5523, #3922, #412, #1445, #1985, #2527, #4020, #445, #3959, #1866, #4550, #2909, #6505, #2939, #5969, #5028, #6059, #1355, #3413, #3509, #2495, #6002, #4961, #4993, #379, #5556, #2432, #344, #1899, #4486, #2399 ),
 ( #938, #4457, #6536, #1926, #5058, #3541, #3988, #6089, #6598, #4049, #5588, #1576, #6119, #4648, #1542, #5709, #5618, #3162, #3097, #2080, #4108, #3603, #5242, #6247, #1036, #4174, #6659, #6217, #3636, #2045, #6186, #1097, #1609, #2591, #2115, #28, #1000, #3664, #5749, #5213, #2013, #3066, #1641, #3699, #5679, #558, #1507, #4143, #97, #1066, #593, #5648, #5148, #3130, #5178, #527, #4203, #2623, #2146, #4680, #6150, #5118, #64, #2656, #4713, #1131, #3196, #626, #4579, #6629, #4077, #3567, #498 ) ),
 .UNSPECIFIED., .F., .F., .F. ) 
 B_SPLINE_SURFACE_WITH_KNOTS ( ( 2, 2 ),
 ( 3, 2, 2, 2, 2, 2, 2, 2, 2, 2, 2, 2, 2, 2, 2, 2, 2, 2, 2, 2, 2, 2, 2, 2, 2, 2, 2, 2, 2, 2, 2, 2, 2, 2, 2, 2, 3 ),
 ( 0.000000000000000000, 1.000000000000000000 ),
 ( 0.000000000000000000, 0.02777777777777777624, 0.05555555555555555247, 0.08333333333333332871, 0.1111111111111111049, 0.1388888888888888951, 0.1666666666666666574, 0.1944444444444444475, 0.2222222222222222099, 0.2500000000000000000, 0.2777777777777777901, 0.3055555555555555802, 0.3333333333333333148, 0.3611111111111111049, 0.3888888888888888951, 0.4166666666666666852, 0.4444444444444444198, 0.4722222222222222099, 0.5000000000000000000, 0.5277777777777777901, 0.5555555555555555802, 0.5833333333333333703, 0.6111111111111111605, 0.6388888888888888395, 0.6666666666666666297, 0.6944444444444444198, 0.7222222222222222099, 0.7500000000000000000, 0.7777777777777777901, 0.8055555555555555802, 0.8333333333333333703, 0.8611111111111111605, 0.8888888888888888395, 0.9166666666666666297, 0.9444444444444444198, 0.9524930397729872711, 0.9620179701707171072 ),
 .UNSPECIFIED. ) 
 GEOMETRIC_REPRESENTATION_ITEM ( )  RATIONAL_B_SPLINE_SURFACE ( (
 ( 1.000000000000000000, 0.8660254037844387076, 1.000000000000000000, 0.8660254037844387076, 1.000000000000000000, 0.8660254037844387076, 1.000000000000000000, 0.8660254037844387076, 1.000000000000000000, 0.8660254037844387076, 1.000000000000000000, 0.8660254037844387076, 1.000000000000000000, 0.8660254037844387076, 1.000000000000000000, 0.8660254037844387076, 1.000000000000000000, 0.8660254037844387076, 1.000000000000000000, 0.8660254037844387076, 1.000000000000000000, 0.8660254037844387076, 1.000000000000000000, 0.8660254037844387076, 1.000000000000000000, 0.8660254037844387076, 1.000000000000000000, 0.8660254037844387076, 1.000000000000000000, 0.8660254037844387076, 1.000000000000000000, 0.8660254037844387076, 1.000000000000000000, 0.8660254037844387076, 1.000000000000000000, 0.8660254037844387076, 1.000000000000000000, 0.8660254037844387076, 1.000000000000000000, 0.8660254037844387076, 1.000000000000000000, 0.8660254037844387076, 1.000000000000000000, 0.8660254037844387076, 1.000000000000000000, 0.8660254037844387076, 1.000000000000000000, 0.8660254037844387076, 1.000000000000000000, 0.8660254037844387076, 1.000000000000000000, 0.8660254037844387076, 1.000000000000000000, 0.8660254037844387076, 1.000000000000000000, 0.8660254037844387076, 1.000000000000000000, 0.8660254037844387076, 1.000000000000000000, 0.8660254037844387076, 1.000000000000000000, 0.8660254037844387076, 1.000000000000000000, 0.8660254037844387076, 1.000000000000000000, 0.8660254037844387076, 1.000000000000000000, 0.8660254037844387076, 1.000000000000000000, 0.9611809368672166176, 0.9448574767080362147, 0.9448574767080362147, 0.9448574767080362147),
 ( 1.000000000000000000, 0.8660254037844387076, 1.000000000000000000, 0.8660254037844387076, 1.000000000000000000, 0.8660254037844387076, 1.000000000000000000, 0.8660254037844387076, 1.000000000000000000, 0.8660254037844387076, 1.000000000000000000, 0.8660254037844387076, 1.000000000000000000, 0.8660254037844387076, 1.000000000000000000, 0.8660254037844387076, 1.000000000000000000, 0.8660254037844387076, 1.000000000000000000, 0.8660254037844387076, 1.000000000000000000, 0.8660254037844387076, 1.000000000000000000, 0.8660254037844387076, 1.000000000000000000, 0.8660254037844387076, 1.000000000000000000, 0.8660254037844387076, 1.000000000000000000, 0.8660254037844387076, 1.000000000000000000, 0.8660254037844387076, 1.000000000000000000, 0.8660254037844387076, 1.000000000000000000, 0.8660254037844387076, 1.000000000000000000, 0.8660254037844387076, 1.000000000000000000, 0.8660254037844387076, 1.000000000000000000, 0.8660254037844387076, 1.000000000000000000, 0.8660254037844387076, 1.000000000000000000, 0.8660254037844387076, 1.000000000000000000, 0.8660254037844387076, 1.000000000000000000, 0.8660254037844387076, 1.000000000000000000, 0.8660254037844387076, 1.000000000000000000, 0.8660254037844387076, 1.000000000000000000, 0.8660254037844387076, 1.000000000000000000, 0.8660254037844387076, 1.000000000000000000, 0.8660254037844387076, 1.000000000000000000, 0.8660254037844387076, 1.000000000000000000, 0.8660254037844387076, 1.000000000000000000, 0.8660254037844387076, 1.000000000000000000, 0.8660254037844387076, 1.000000000000000000, 0.9611809368672166176, 0.9448574767080362147, 0.9448574767080362147, 0.9448574767080362147) ) ) 
 REPRESENTATION_ITEM ( '' )  SURFACE ( )  );
#4531 = CARTESIAN_POINT ( 'NONE',  ( 51.21120863763306374, -12.00008753071588075, 7.300000012195945409 ) ) ;
#4532 = ORIENTED_EDGE ( 'NONE', *, *, #5880, .F. ) ;
#4533 = CARTESIAN_POINT ( 'NONE',  ( -50.27187500047795510, 12.00000000000001776, 8.889443056249998421 ) ) ;
#4534 = CARTESIAN_POINT ( 'NONE',  ( -51.15416666762258302, -12.60621778264908954, 8.349999999999999645 ) ) ;
#4535 = CARTESIAN_POINT ( 'NONE',  ( 50.86249917529949016, 11.99998855936900100, 7.300000000000000711 ) ) ;
#4536 = CARTESIAN_POINT ( 'NONE',  ( -51.77395833381128654, -11.22971971806781255, 8.444721528124999210 ) ) ;
#4537 = ORIENTED_EDGE ( 'NONE', *, *, #3633, .F. ) ;
#4538 = EDGE_LOOP ( 'NONE', ( #3979, #3723, #2986, #2709 ) ) ;
#4539 = CARTESIAN_POINT ( 'NONE',  ( 50.63026041666187638, 11.59694856156249898, 8.698105569437499796 ) ) ;
#4540 = EDGE_CURVE ( 'NONE', #5138, #2453, #5244, .T. ) ;
#4541 = CARTESIAN_POINT ( 'NONE',  ( -51.35104166714469898, 12.51352018795479815, 8.889443056249998421 ) ) ;
#4542 = CARTESIAN_POINT ( 'NONE',  ( 50.19166666762258444, 12.40414518843275538, 7.300000000000000711 ) ) ;
#4543 = CARTESIAN_POINT ( 'NONE',  ( 51.12500000000000000, -11.99999999999998224, 7.300000000000000711 ) ) ;
#4544 = CARTESIAN_POINT ( 'NONE',  ( -50.74583333333228552, 11.59585481156221576, 8.699999999992556354 ) ) ;
#4545 = DIRECTION ( 'NONE',  ( -1.000000000000000000, 0.000000000000000000, 0.000000000000000000 ) ) ;
#4546 = ORIENTED_EDGE ( 'NONE', *, *, #4888, .F. ) ;
#4547 = VECTOR ( 'NONE', #1051, 1000.000000000000000 ) ;
#4548 = CARTESIAN_POINT ( 'NONE',  ( 51.27812500047794941, -13.02704037590954478, 8.000000000000000000 ) ) ;
#4549 = EDGE_CURVE ( 'NONE', #6245, #4492, #3412, .T. ) ;
#4550 = CARTESIAN_POINT ( 'NONE',  ( 50.37395833381128796, 12.77028028193218745, 7.555278471875000790 ) ) ;
#4551 = CARTESIAN_POINT ( 'NONE',  ( 50.42499999999993321, -12.00000000000091482, 7.300000000000002487 ) ) ;
#4552 = CARTESIAN_POINT ( 'NONE',  ( -51.39999999999999858, -11.91531738958846098, 7.222925634952281904 ) ) ;
#4553 = DIRECTION ( 'NONE',  ( 0.000000000000000000, -1.000000000000000000, 0.000000000000000000 ) ) ;
#4554 = CARTESIAN_POINT ( 'NONE',  ( 51.06666666666666288, -12.60621778264909310, 7.649999999999997691 ) ) ;
#4555 = CARTESIAN_POINT ( 'NONE',  ( 51.67187500047795368, -11.99999999999998224, 7.110556943750000691 ) ) ;
#4556 = DIRECTION ( 'NONE',  ( -1.000000000000000000, 0.000000000000000000, 0.000000000000000000 ) ) ;
#4557 = CARTESIAN_POINT ( 'NONE',  ( 50.30833333333333002, 11.39378221735091223, 8.349999999999999645 ) ) ;
#4558 = CARTESIAN_POINT ( 'NONE',  ( -50.27916666762258302, 12.60621778264912329, 7.650000000000000355 ) ) ;
#4559 = CARTESIAN_POINT ( 'NONE',  ( 50.39583333428925016, -12.60621778264908954, 8.349999999999999645 ) ) ;
#4560 = CARTESIAN_POINT ( 'NONE',  ( -51.79583333333333428, -12.40414518843271985, 8.700000000000001066 ) ) ;
#4561 = CARTESIAN_POINT ( 'NONE',  ( 50.89895833381130075, 11.22971971806787117, 8.444721528124983223 ) ) ;
#4562 = EDGE_CURVE ( 'NONE', #5953, #1375, #2180, .T. ) ;
#4563 = CIRCLE ( 'NONE', #4777, 1.500000000000001332 ) ;
#4564 = ORIENTED_EDGE ( 'NONE', *, *, #3520, .T. ) ;
#4565 =( BOUNDED_CURVE ( )  B_SPLINE_CURVE ( 2, ( #4053, #5122, #3641, #5685, #1071, #504, #1483 ),
 .UNSPECIFIED., .F., .F. ) 
 B_SPLINE_CURVE_WITH_KNOTS ( ( 3, 2, 2, 3 ),
 ( 0.02195645269274526870, 0.02268821285348673888, 0.02341997301422820560, 0.02415173317496967578 ),
 .UNSPECIFIED. ) 
 CURVE ( )  GEOMETRIC_REPRESENTATION_ITEM ( )  RATIONAL_B_SPLINE_CURVE ( ( 0.9999999999999993339, 0.8660254037844391517, 0.9999999999999998890, 0.8660254037844385966, 0.9999999999999998890, 0.8660254037834463903, 1.000000000000992095 ) ) 
 REPRESENTATION_ITEM ( '' )  );
#4566 = CARTESIAN_POINT ( 'NONE',  ( -50.09687500047795794, 12.00000000000001776, 7.110556943750001579 ) ) ;
#4567 = CARTESIAN_POINT ( 'NONE',  ( -50.33750000095591304, -11.99999999999998224, 7.300000000000000711 ) ) ;
#4568 = CARTESIAN_POINT ( 'NONE',  ( -51.00104166714468334, -11.48647981204520363, 8.889443056249998421 ) ) ;
#4569 = FACE_BOUND ( 'NONE', #4201, .T. ) ;
#4570 = ORIENTED_EDGE ( 'NONE', *, *, #4670, .F. ) ;
#4571 = ORIENTED_EDGE ( 'NONE', *, *, #4060, .F. ) ;
#4572 = LINE ( 'NONE', #4603, #3173 ) ;
#4573 = CARTESIAN_POINT ( 'NONE',  ( 50.83333333428924306, 11.59585481156727838, 7.300000000000000711 ) ) ;
#4574 = CARTESIAN_POINT ( 'NONE',  ( 51.35833333333333428, -12.60621778264908954, 8.349999999999999645 ) ) ;
#4575 = CARTESIAN_POINT ( 'NONE',  ( -51.39999999999999858, 12.87788115970779579, 8.142946212756649871 ) ) ;
#4576 = CARTESIAN_POINT ( 'NONE',  ( -51.12500000000000000, 12.00000000000001776, 8.699999999999999289 ) ) ;
#4577 = EDGE_LOOP ( 'NONE', ( #6596, #968, #3901, #3845 ) ) ;
#4578 = CARTESIAN_POINT ( 'NONE',  ( 51.59895833381128227, -12.77028028193215548, 8.444721528124999210 ) ) ;
#4579 = CARTESIAN_POINT ( 'NONE',  ( 49.86354166714463076, 11.22971971806784808, 7.555278471875000790 ) ) ;
#4580 = CARTESIAN_POINT ( 'NONE',  ( -50.54166666762257876, -11.59585481156723219, 8.699999999999976197 ) ) ;
#4581 = CARTESIAN_POINT ( 'NONE',  ( -51.39999999999999147, -11.99999999999998224, 8.000000000000000000 ) ) ;
#4582 = AXIS2_PLACEMENT_3D ( 'NONE', #6635, #5656, #3012 ) ;
#4583 = CARTESIAN_POINT ( 'NONE',  ( -51.00942708332854636, 11.39542284234374137, 7.650947215281250990 ) ) ;
#4584 = EDGE_CURVE ( 'NONE', #3583, #808, #3294, .T. ) ;
#4585 = CARTESIAN_POINT ( 'NONE',  ( 47.92893218813453160, -27.99999999999998934, -26.14370398651577077 ) ) ;
#4586 = EDGE_CURVE ( 'NONE', #1857, #5967, #1102, .T. ) ;
#4587 = EDGE_CURVE ( 'NONE', #6430, #3559, #1600, .T. ) ;
#4588 = CARTESIAN_POINT ( 'NONE',  ( 50.47604166714462792, -12.51352018795476440, 8.889443056249998421 ) ) ;
#4589 = DIRECTION ( 'NONE',  ( 0.000000000000000000, 0.000000000000000000, 1.000000000000000000 ) ) ;
#4590 = CARTESIAN_POINT ( 'NONE',  ( 50.37395833381128796, 12.77028028193218745, 7.555278471875000790 ) ) ;
#4591 = CARTESIAN_POINT ( 'NONE',  ( 50.00108797172592290, 11.81251474502437837, 8.674444068251537132 ) ) ;
#4592 = CARTESIAN_POINT ( 'NONE',  ( 50.80416666762258160, -12.60621778264908954, 7.650000000000000355 ) ) ;
#4593 = CARTESIAN_POINT ( 'NONE',  ( -50.94999999999999574, -11.99999999999998224, 7.300000000000000711 ) ) ;
#4594 = ORIENTED_EDGE ( 'NONE', *, *, #6214, .F. ) ;
#4595 = CARTESIAN_POINT ( 'NONE',  ( -50.06358676765554350, 11.84185361360658639, 8.699999999999954881 ) ) ;
#4596 = CARTESIAN_POINT ( 'NONE',  ( -50.45416666762258728, -12.60621778264908954, 8.349999999999999645 ) ) ;
#4597 = FACE_OUTER_BOUND ( 'NONE', #6022, .T. ) ;
#4598 = CARTESIAN_POINT ( 'NONE',  ( 4.750000000000004441, 33.00000000000000000, 0.9000000000000004663 ) ) ;
#4599 = ORIENTED_EDGE ( 'NONE', *, *, #4127, .T. ) ;
#4600 =( BOUNDED_CURVE ( )  B_SPLINE_CURVE ( 2, ( #3116, #1561, #4631, #1115, #1627, #574, #6131 ),
 .UNSPECIFIED., .F., .F. ) 
 B_SPLINE_CURVE_WITH_KNOTS ( ( 3, 2, 2, 3 ),
 ( 0.02195645269274636158, 0.02268821285348790809, 0.02341997301422945113, 0.02415173317497099764 ),
 .UNSPECIFIED. ) 
 CURVE ( )  GEOMETRIC_REPRESENTATION_ITEM ( )  RATIONAL_B_SPLINE_CURVE ( ( 1.000000000000000000, 0.8660254037844387076, 1.000000000000000000, 0.8660254037844387076, 1.000000000000000000, 0.8660254037834453911, 1.000000000000993206 ) ) 
 REPRESENTATION_ITEM ( '' )  );
#4601 = AXIS2_PLACEMENT_3D ( 'NONE', #2734, #536, #5758 ) ;
#4602 = ORIENTED_EDGE ( 'NONE', *, *, #4391, .T. ) ;
#4603 = CARTESIAN_POINT ( 'NONE',  ( 52.00000000000000000, 12.00000000000001776, 7.300000000000000711 ) ) ;
#4604 = ADVANCED_FACE ( 'NONE', ( #2632, #1551, #5220 ), #3610, .F. ) ;
#4605 = CARTESIAN_POINT ( 'NONE',  ( 50.74583333428924448, 11.39378221735091223, 8.349999999999999645 ) ) ;
#4606 = CARTESIAN_POINT ( 'NONE',  ( 51.12500000000000000, 12.00000000000001776, 7.300000000000000711 ) ) ;
#4607 = CARTESIAN_POINT ( 'NONE',  ( 51.24166666666666714, -11.39378221735087671, 8.349999999999999645 ) ) ;
#4608 = LINE ( 'NONE', #5613, #4038 ) ;
#4609 = CARTESIAN_POINT ( 'NONE',  ( 50.91354166714469187, 11.22971971806784808, 7.555278471875000790 ) ) ;
#4610 = ORIENTED_EDGE ( 'NONE', *, *, #4321, .T. ) ;
#4611 = ORIENTED_EDGE ( 'NONE', *, *, #4549, .F. ) ;
#4612 = CARTESIAN_POINT ( 'NONE',  ( 50.19895833381128369, -12.77028028193215548, 8.444721528124999210 ) ) ;
#4613 = CARTESIAN_POINT ( 'NONE',  ( 49.99999999999999289, -11.48827964609393781, 7.272503450379583789 ) ) ;
#4614 = LINE ( 'NONE', #559, #378 ) ;
#4615 = CARTESIAN_POINT ( 'NONE',  ( 51.12500000000000000, 12.00000000000001776, 7.300000000000000711 ) ) ;
#4616 = DIRECTION ( 'NONE',  ( 0.000000000000000000, -1.000000000000000000, 0.000000000000000000 ) ) ;
#4617 = CARTESIAN_POINT ( 'NONE',  ( -50.39692708332855631, 11.59694856156249898, 8.698105569437499796 ) ) ;
#4618 = CARTESIAN_POINT ( 'NONE',  ( 50.95000000000003126, -12.00000000000043698, 8.699999999999999289 ) ) ;
#4619 = VECTOR ( 'NONE', #5090, 1000.000000000000000 ) ;
#4620 = EDGE_CURVE ( 'NONE', #1088, #5381, #2966, .T. ) ;
#4621 = FACE_OUTER_BOUND ( 'NONE', #6343, .T. ) ;
#4622 = CARTESIAN_POINT ( 'NONE',  ( 52.00000000000000000, -11.99999999999998224, 7.300000000000000711 ) ) ;
#4623 = CARTESIAN_POINT ( 'NONE',  ( -19.54999999999999361, 33.00000000000000000, -1.921785944027805337 ) ) ;
#4624 = EDGE_CURVE ( 'NONE', #2239, #3655, #4823, .T. ) ;
#4625 = EDGE_CURVE ( 'NONE', #26, #1566, #1072, .T. ) ;
#4626 = CARTESIAN_POINT ( 'NONE',  ( 49.89727616920563946, -11.19715728663506837, 8.000000000000000000 ) ) ;
#4627 = CARTESIAN_POINT ( 'NONE',  ( -50.77499999999999858, -11.99999999999998224, 8.699999999999999289 ) ) ;
#4628 = VERTEX_POINT ( 'NONE', #5353 ) ;
#4629 = EDGE_CURVE ( 'NONE', #3442, #2831, #238, .T. ) ;
#4630 = CARTESIAN_POINT ( 'NONE',  ( 49.99999999999998579, 12.87788115970780467, 7.857053787243417631 ) ) ;
#4631 = CARTESIAN_POINT ( 'NONE',  ( -50.19166666666666288, 12.60621778264912329, 7.650000000000000355 ) ) ;
#4632 = CYLINDRICAL_SURFACE ( 'NONE', #5185, 0.6999999999999992895 ) ;
#4633 = B_SPLINE_CURVE_WITH_KNOTS ( 'NONE', 3,
 ( #4658, #3708, #2696, #634, #5285, #6195 ),
 .UNSPECIFIED., .F., .F.,
 ( 4, 2, 4 ),
 ( 0.000000000000000000, 0.0007849531050022215623, 0.001569906210004443125 ),
 .UNSPECIFIED. ) ;
#4634 = PLANE ( 'NONE',  #2637 ) ;
#4635 = CARTESIAN_POINT ( 'NONE',  ( -49.90729166714462650, -12.77028028193215370, 8.444721528125000987 ) ) ;
#4636 = ORIENTED_EDGE ( 'NONE', *, *, #5908, .F. ) ;
#4637 = VERTEX_POINT ( 'NONE', #3741 ) ;
#4638 = FACE_OUTER_BOUND ( 'NONE', #3949, .T. ) ;
#4639 = CARTESIAN_POINT ( 'NONE',  ( 51.64727616938898080, 12.80284271373162497, 8.000000000000000000 ) ) ;
#4640 = CARTESIAN_POINT ( 'NONE',  ( 50.72395833381130359, 12.77028028193216080, 7.555278471875015889 ) ) ;
#4641 = CARTESIAN_POINT ( 'NONE',  ( 50.39583333333333570, -12.40414518843271985, 7.300000000000000711 ) ) ;
#4642 = CARTESIAN_POINT ( 'NONE',  ( -51.81770833381129648, -11.48647981204520363, 7.110556943750000691 ) ) ;
#4643 = CARTESIAN_POINT ( 'NONE',  ( 52.00000000000000000, -11.99999999999998224, 8.000000000000000000 ) ) ;
#4644 = ORIENTED_EDGE ( 'NONE', *, *, #614, .T. ) ;
#4645 =( BOUNDED_CURVE ( )  B_SPLINE_CURVE ( 2, ( #1820, #6351, #5817, #3879, #1308, #5015, #6048 ),
 .UNSPECIFIED., .F., .F. ) 
 B_SPLINE_CURVE_WITH_KNOTS ( ( 3, 2, 2, 3 ),
 ( 0.008782335732866783373, 0.009514243807975199252, 0.01024615188308361340, 0.01097805995819202927 ),
 .UNSPECIFIED. ) 
 CURVE ( )  GEOMETRIC_REPRESENTATION_ITEM ( )  RATIONAL_B_SPLINE_CURVE ( ( 0.9999999999999561462, 0.8660254037844824504, 1.000000000000000000, 0.8660254037844385966, 1.000000000000000000, 0.8660254037845757091, 0.9999999999998628875 ) ) 
 REPRESENTATION_ITEM ( '' )  );
#4646 = EDGE_CURVE ( 'NONE', #833, #5801, #809, .T. ) ;
#4647 = CARTESIAN_POINT ( 'NONE',  ( 50.60729166714462224, -12.77028028193215370, 7.555278471875000790 ) ) ;
#4648 = CARTESIAN_POINT ( 'NONE',  ( 51.46770833381129506, 12.51352018795479815, 8.889443056249998421 ) ) ;
#4649 = CARTESIAN_POINT ( 'NONE',  ( 44.99999999999999289, 23.00000000000001776, 10.00000000000000178 ) ) ;
#4650 = DIRECTION ( 'NONE',  ( 1.000000000000000000, 0.000000000000000000, 0.000000000000000000 ) ) ;
#4651 = CARTESIAN_POINT ( 'NONE',  ( -51.11770833381128654, 12.51352018795479815, 7.110556943750000691 ) ) ;
#4652 = CARTESIAN_POINT ( 'NONE',  ( -50.10526041666188490, 12.40305143843753477, 8.698105569437499796 ) ) ;
#4653 = CARTESIAN_POINT ( 'NONE',  ( 44.99999999999997868, 29.00000000000001421, -8.525756178294006560 ) ) ;
#4654 = CIRCLE ( 'NONE', #20, 1.000000000000000000 ) ;
#4655 = CARTESIAN_POINT ( 'NONE',  ( 49.92187500047795368, -11.99999999999998224, 7.110556943750000691 ) ) ;
#4656 = CARTESIAN_POINT ( 'NONE',  ( 50.07500000095591730, -12.80829037686545746, 8.000000000000000000 ) ) ;
#4657 = LINE ( 'NONE', #38, #3696 ) ;
#4658 = CARTESIAN_POINT ( 'NONE',  ( 51.39999999999999147, -11.12211884029217757, 7.857053787243505560 ) ) ;
#4659 = CARTESIAN_POINT ( 'NONE',  ( 50.85977616920563094, -11.99999999999998224, 7.304717814982754298 ) ) ;
#4660 = CARTESIAN_POINT ( 'NONE',  ( -50.33750000000000568, -12.80829037686545746, 8.000000000000000000 ) ) ;
#4661 = ORIENTED_EDGE ( 'NONE', *, *, #178, .T. ) ;
#4662 = CARTESIAN_POINT ( 'NONE',  ( 50.54276041666188490, 12.60457715765629239, 8.349052784718749010 ) ) ;
#4663 = CARTESIAN_POINT ( 'NONE',  ( 50.62916666666626497, 11.59585481156693199, 8.700000000000722267 ) ) ;
#4664 = DIRECTION ( 'NONE',  ( 0.000000000000000000, 0.000000000000000000, -1.000000000000000000 ) ) ;
#4665 = CARTESIAN_POINT ( 'NONE',  ( 52.00000000000000000, 12.00000000000001776, 8.000000000000000000 ) ) ;
#4666 = CARTESIAN_POINT ( 'NONE',  ( 50.89166666666626782, -11.39378221735028340, 8.350000000000340705 ) ) ;
#4667 = CARTESIAN_POINT ( 'NONE',  ( -50.19895833381128369, -12.77028028193215548, 7.555278471875000790 ) ) ;
#4668 = EDGE_CURVE ( 'NONE', #3958, #4769, #4091, .T. ) ;
#4669 = EDGE_LOOP ( 'NONE', ( #2035, #2525, #2713, #4532 ) ) ;
#4670 = EDGE_CURVE ( 'NONE', #2834, #5918, #3816, .T. ) ;
#4671 = COLOUR_RGB ( '',0.7921568627450980005, 0.8196078431372548767, 0.9333333333333333481 ) ;
#4672 = ORIENTED_EDGE ( 'NONE', *, *, #133, .T. ) ;
#4673 = CARTESIAN_POINT ( 'NONE',  ( 50.54166666762258586, 12.40414518843275538, 7.300000000000000711 ) ) ;
#4674 = CARTESIAN_POINT ( 'NONE',  ( 50.63645833381129790, 11.48647981204525514, 7.110556943750031778 ) ) ;
#4675 = CARTESIAN_POINT ( 'NONE',  ( 51.54062500047795226, -11.99999999999998224, 8.889443056250000197 ) ) ;
#4676 = CARTESIAN_POINT ( 'NONE',  ( 50.76770833381137038, 12.51352018795479815, 8.889443056250000197 ) ) ;
#4677 = ORIENTED_EDGE ( 'NONE', *, *, #4921, .T. ) ;
#4678 = CARTESIAN_POINT ( 'NONE',  ( 51.01562500047795368, -11.99999999999998224, 7.110556943750000691 ) ) ;
#4679 = AXIS2_PLACEMENT_3D ( 'NONE', #4649, #29, #2081 ) ;
#4680 = CARTESIAN_POINT ( 'NONE',  ( 50.12604166714463361, 11.48647981204523560, 8.889443056249998421 ) ) ;
#4681 = DIRECTION ( 'NONE',  ( 1.000000000000000000, 0.000000000000000000, 0.000000000000000000 ) ) ;
#4682 = CARTESIAN_POINT ( 'NONE',  ( 51.15416666666670409, 12.40414518843299696, 7.300000000000412825 ) ) ;
#4683 = CARTESIAN_POINT ( 'NONE',  ( -50.73854166714462366, 12.77028028193218745, 7.555278471875000790 ) ) ;
#4684 = CARTESIAN_POINT ( 'NONE',  ( -51.24166666666666714, 12.60621778264912329, 7.650000000000000355 ) ) ;
#4685 = EDGE_CURVE ( 'NONE', #3872, #2484, #1283, .T. ) ;
#4686 = CARTESIAN_POINT ( 'NONE',  ( 51.35833333333334139, 11.39378221735091579, 8.349999999999997868 ) ) ;
#4687 = VECTOR ( 'NONE', #1883, 1000.000000000000114 ) ;
#4688 = CIRCLE ( 'NONE', #1788, 1.000000000000000888 ) ;
#4689 = CARTESIAN_POINT ( 'NONE',  ( -50.22083333428924590, -11.39378221735087671, 8.349999999999999645 ) ) ;
#4690 = CARTESIAN_POINT ( 'NONE',  ( 50.37395833381130927, -11.22971971806783742, 7.555278471875014112 ) ) ;
#4691 = CARTESIAN_POINT ( 'NONE',  ( 50.14062500047795368, 12.00000000000001776, 8.889443056250000197 ) ) ;
#4692 = CARTESIAN_POINT ( 'NONE',  ( -34.99999999999999289, 20.00000000000001776, -10.80148828668984073 ) ) ;
#4693 = CARTESIAN_POINT ( 'NONE',  ( 49.78060950253896522, -12.40142135668244094, 7.304717814982755186 ) ) ;
#4694 = CARTESIAN_POINT ( 'NONE',  ( -51.24895833381128796, -12.77028028193215548, 7.555278471875000790 ) ) ;
#4695 = ORIENTED_EDGE ( 'NONE', *, *, #5191, .F. ) ;
#4696 = CARTESIAN_POINT ( 'NONE',  ( 51.67187500047795368, -11.99999999999998224, 7.110556943750000691 ) ) ;
#4697 = CARTESIAN_POINT ( 'NONE',  ( -50.16250000095591588, -11.99999999999998224, 8.699999999999999289 ) ) ;
#4698 = DIRECTION ( 'NONE',  ( 0.000000000000000000, 0.000000000000000000, 1.000000000000000000 ) ) ;
#4699 = CARTESIAN_POINT ( 'NONE',  ( -50.85520833381135475, -12.77028028193215370, 7.555278471875000790 ) ) ;
#4700 = CARTESIAN_POINT ( 'NONE',  ( -49.87046645221543884, -12.93896974655975995, 7.883225555890255087 ) ) ;
#4701 = ORIENTED_EDGE ( 'NONE', *, *, #4210, .F. ) ;
#4702 = EDGE_CURVE ( 'NONE', #582, #1925, #910, .T. ) ;
#4703 = CARTESIAN_POINT ( 'NONE',  ( 50.21810950272231366, 12.60213203529872317, 7.652358907332596161 ) ) ;
#4704 = CARTESIAN_POINT ( 'NONE',  ( -51.68645833381129506, 11.48647981204523738, 8.889443056249998421 ) ) ;
#4705 = AXIS2_PLACEMENT_3D ( 'NONE', #140, #4250, #3783 ) ;
#4706 = CARTESIAN_POINT ( 'NONE',  ( 51.01562500047795368, -11.99999999999998224, 7.110556943750000691 ) ) ;
#4707 = EDGE_CURVE ( 'NONE', #1422, #467, #5388, .T. ) ;
#4708 = DIRECTION ( 'NONE',  ( 0.000000000000000000, -1.000000000000000000, 0.000000000000000000 ) ) ;
#4709 = CARTESIAN_POINT ( 'NONE',  ( 52.00000000000000000, 12.00000000000001776, 8.000000000000000000 ) ) ;
#4710 = VERTEX_POINT ( 'NONE', #2333 ) ;
#4711 = ORIENTED_EDGE ( 'NONE', *, *, #2106, .T. ) ;
#4712 = DIRECTION ( 'NONE',  ( 1.000000000000000000, 0.000000000000000000, 0.000000000000000000 ) ) ;
#4713 = CARTESIAN_POINT ( 'NONE',  ( 49.98020833381129080, 12.77028028193218745, 7.555278471875000790 ) ) ;
#4714 = ORIENTED_EDGE ( 'NONE', *, *, #2409, .T. ) ;
#4715 = CARTESIAN_POINT ( 'NONE',  ( 51.17604166714463076, 11.48647981204523560, 8.889443056249998421 ) ) ;
#4716 = CARTESIAN_POINT ( 'NONE',  ( 49.99999999999997868, -11.11544040402691635, 7.991149988651670810 ) ) ;
#4717 = CARTESIAN_POINT ( 'NONE',  ( -50.56354166714462650, 11.22971971806784808, 8.444721528124999210 ) ) ;
#4718 = CARTESIAN_POINT ( 'NONE',  ( -51.64999999999999147, 12.00000000000001776, 7.300000000000000711 ) ) ;
#4719 = CARTESIAN_POINT ( 'NONE',  ( 51.39999999999999147, -11.12211884029217757, 7.857053787243505560 ) ) ;
#4720 = CARTESIAN_POINT ( 'NONE',  ( 50.02395833381128654, 12.77028028193218745, 7.555278471875000790 ) ) ;
#4721 = CARTESIAN_POINT ( 'NONE',  ( 50.68750132532772312, -12.00001834814124635, 8.699999999759532088 ) ) ;
#4722 = CARTESIAN_POINT ( 'NONE',  ( 49.95560950253897659, -11.59857864331752353, 8.695282185017244814 ) ) ;
#4723 = CARTESIAN_POINT ( 'NONE',  ( -50.00905120630971368, -12.65897923969417604, 8.258614475716546721 ) ) ;
#4724 = ADVANCED_FACE ( 'NONE', ( #5934 ), #4530, .T. ) ;
#4725 = CARTESIAN_POINT ( 'NONE',  ( 44.99999999999999289, 23.00000000000001776, -30.00000000000000000 ) ) ;
#4726 = CARTESIAN_POINT ( 'NONE',  ( 50.95109374999521634, 12.00000000000001776, 8.698105569437499796 ) ) ;
#4727 = DIRECTION ( 'NONE',  ( -0.000000000000000000, -0.000000000000000000, 1.000000000000000000 ) ) ;
#4728 = CARTESIAN_POINT ( 'NONE',  ( 35.00000000000001421, 20.00000000000001421, -10.80148828668984073 ) ) ;
#4729 = FACE_BOUND ( 'NONE', #3609, .T. ) ;
#4730 = DIRECTION ( 'NONE',  ( -1.000000000000000000, 0.000000000000000000, 0.000000000000000000 ) ) ;
#4731 = CARTESIAN_POINT ( 'NONE',  ( -49.96562500047794941, -11.99999999999998224, 8.889443056250000197 ) ) ;
#4732 = VERTEX_POINT ( 'NONE', #2557 ) ;
#4733 = EDGE_LOOP ( 'NONE', ( #162, #5701, #1737, #5211 ) ) ;
#4734 = CARTESIAN_POINT ( 'NONE',  ( 51.09310950272231366, 11.39786796470131236, 8.347641092667403839 ) ) ;
#4735 = CARTESIAN_POINT ( 'NONE',  ( -51.59895833381128227, 11.22971971806784630, 7.555278471875000790 ) ) ;
#4736 = CARTESIAN_POINT ( 'NONE',  ( -51.79692708332856199, -12.40305143843749924, 8.698105569437499796 ) ) ;
#4737 = CARTESIAN_POINT ( 'NONE',  ( 50.84062500047794941, -11.99999999999998224, 8.889443056250000197 ) ) ;
#4738 = CARTESIAN_POINT ( 'NONE',  ( -52.00000000000000000, 23.00000000000001776, -10.70957758389122816 ) ) ;
#4739 = CARTESIAN_POINT ( 'NONE',  ( 51.26354166714469329, 11.22971971806784808, 7.555278471875000790 ) ) ;
#4740 =( BOUNDED_CURVE ( )  B_SPLINE_CURVE ( 3, ( #5657, #535, #1045, #5221 ),
 .UNSPECIFIED., .F., .F. ) 
 B_SPLINE_CURVE_WITH_KNOTS ( ( 4, 4 ),
 ( 0.000000000000000000, 1.570796326794896114 ),
 .UNSPECIFIED. ) 
 CURVE ( )  GEOMETRIC_REPRESENTATION_ITEM ( )  RATIONAL_B_SPLINE_CURVE ( ( 1.000000000000000000, 0.8047378541243650485, 0.8047378541243650485, 1.000000000000000000 ) ) 
 REPRESENTATION_ITEM ( '' )  );
#4741 = ORIENTED_EDGE ( 'NONE', *, *, #1572, .T. ) ;
#4742 = ORIENTED_EDGE ( 'NONE', *, *, #347, .F. ) ;
#4743 = DIRECTION ( 'NONE',  ( 1.334402673828313339E-16, -1.000000000000000000, -0.000000000000000000 ) ) ;
#4744 = CARTESIAN_POINT ( 'NONE',  ( 35.58578643762692195, 13.00000000000001776, -11.22092438160143502 ) ) ;
#4745 = CARTESIAN_POINT ( 'NONE',  ( 49.99999999999997868, 11.52992131668860054, 7.380273173063685910 ) ) ;
#4746 = CARTESIAN_POINT ( 'NONE',  ( -51.03750000095591588, 12.00000000000001776, 7.300000000000000711 ) ) ;
#4747 = CARTESIAN_POINT ( 'NONE',  ( -50.27187500047795510, 12.00000000000001776, 8.889443056249998421 ) ) ;
#4748 = CARTESIAN_POINT ( 'NONE',  ( -51.76666666666666572, 11.39378221735091223, 8.349999999999999645 ) ) ;
#4749 = EDGE_CURVE ( 'NONE', #3529, #3442, #6172, .T. ) ;
#4750 = ADVANCED_FACE ( 'NONE', ( #3307 ), #3848, .T. ) ;
#4751 = CIRCLE ( 'NONE', #4978, 1.499999999999999556 ) ;
#4752 = CARTESIAN_POINT ( 'NONE',  ( 49.83703592025375428, -12.90305630419711846, 7.959427372266068446 ) ) ;
#4753 = CARTESIAN_POINT ( 'NONE',  ( 51.99999999999999289, -12.00815067340503184, 6.526943859230120992 ) ) ;
#4754 = CARTESIAN_POINT ( 'NONE',  ( -35.99999999999999289, 19.58578643762692195, -8.823894149071186632 ) ) ;
#4755 = CARTESIAN_POINT ( 'NONE',  ( -34.99999999999999289, 20.00000000000001776, -20.00000000000000711 ) ) ;
#4756 = FACE_OUTER_BOUND ( 'NONE', #2888, .T. ) ;
#4757 = CARTESIAN_POINT ( 'NONE',  ( -50.00047802205880032, -12.68245601752455798, 8.155736264705739202 ) ) ;
#4758 = CARTESIAN_POINT ( 'NONE',  ( 3.750000000000003997, 30.00000000000001066, -0.5999999999999989786 ) ) ;
#4759 = CARTESIAN_POINT ( 'NONE',  ( 49.99999999999999289, 11.27816762235354275, 8.020073301164616808 ) ) ;
#4760 = CARTESIAN_POINT ( 'NONE',  ( 51.94166666666666288, 12.60621778264912329, 8.349999999999999645 ) ) ;
#4761 = CARTESIAN_POINT ( 'NONE',  ( -51.29999999999998295, -11.99999999999975131, 7.300000000000000711 ) ) ;
#4762 = CARTESIAN_POINT ( 'NONE',  ( 51.70104166714462224, -11.48647981204520363, 7.110556943749999803 ) ) ;
#4763 = CARTESIAN_POINT ( 'NONE',  ( -48.51471862576142513, 29.00000000000001066, -7.525756178294010112 ) ) ;
#4764 = CARTESIAN_POINT ( 'NONE',  ( -50.71666666762258302, -12.40414518843271274, 7.299999999999983835 ) ) ;
#4765 = CARTESIAN_POINT ( 'NONE',  ( -51.21250000095592014, 12.00000000000001776, 8.699999999999999289 ) ) ;
#4766 = CARTESIAN_POINT ( 'NONE',  ( -51.84687500047795794, -11.99999999999998224, 7.110556943750001579 ) ) ;
#4767 = VERTEX_POINT ( 'NONE', #5894 ) ;
#4768 = VERTEX_POINT ( 'NONE', #2212 ) ;
#4769 = VERTEX_POINT ( 'NONE', #5309 ) ;
#4770 = CARTESIAN_POINT ( 'NONE',  ( 50.15977616938897654, 12.00000000000001776, 7.304717814665191433 ) ) ;
#4771 = CARTESIAN_POINT ( 'NONE',  ( -50.63645833381128369, 11.48647981204523738, 8.889443056249998421 ) ) ;
#4772 = CARTESIAN_POINT ( 'NONE',  ( -51.06776041666188348, -12.60457715765625863, 8.349052784718749010 ) ) ;
#4773 = CARTESIAN_POINT ( 'NONE',  ( 51.71562500047794941, -11.99999999999998224, 7.110556943750000691 ) ) ;
#4774 = CARTESIAN_POINT ( 'NONE',  ( -51.64270833381129222, -12.51352018795476262, 8.889443056249998421 ) ) ;
#4775 = CARTESIAN_POINT ( 'NONE',  ( -50.16250000095591588, 12.00000000000001776, 8.699999999999999289 ) ) ;
#4776 = ORIENTED_EDGE ( 'NONE', *, *, #2326, .F. ) ;
#4777 = AXIS2_PLACEMENT_3D ( 'NONE', #2400, #2910, #3477 ) ;
#4778 = ORIENTED_EDGE ( 'NONE', *, *, #5027, .F. ) ;
#4779 = CARTESIAN_POINT ( 'NONE',  ( 52.00000000000000000, -11.99999999999998224, 8.699999999999999289 ) ) ;
#4780 = CARTESIAN_POINT ( 'NONE',  ( 49.99999999999997868, -12.67261289393219315, 7.718167616770714723 ) ) ;
#4781 = CARTESIAN_POINT ( 'NONE',  ( 51.73020833381129080, 12.77028028193218745, 7.555278471875000790 ) ) ;
#4782 =( BOUNDED_CURVE ( )  B_SPLINE_CURVE ( 2, ( #4939, #215, #3285, #5364, #2341, #6447, #4435 ),
 .UNSPECIFIED., .F., .F. ) 
 B_SPLINE_CURVE_WITH_KNOTS ( ( 3, 2, 2, 3 ),
 ( 0.01317392754246200434, 0.01390575600621945900, 0.01463758446997691538, 0.01536941293373437004 ),
 .UNSPECIFIED. ) 
 CURVE ( )  GEOMETRIC_REPRESENTATION_ITEM ( )  RATIONAL_B_SPLINE_CURVE ( ( 1.000000000000077049, 0.8660254037843615471, 1.000000000000000000, 0.8660254037844387076, 1.000000000000000000, 0.8660254037817506356, 1.000000000002688072 ) ) 
 REPRESENTATION_ITEM ( '' )  );
#4783 = CARTESIAN_POINT ( 'NONE',  ( 50.83333333333293780, 12.60621778264971304, 7.649999999999659295 ) ) ;
#4784 = CARTESIAN_POINT ( 'NONE',  ( -50.18437500047796362, 10.97295962409045877, 8.000000000000000000 ) ) ;
#4785 = CARTESIAN_POINT ( 'NONE',  ( -50.30833333333333002, 11.39378221735091223, 7.650000000000001243 ) ) ;
#4786 = VECTOR ( 'NONE', #678, 1000.000000000000000 ) ;
#4787 = CARTESIAN_POINT ( 'NONE',  ( 51.59895833381128227, 11.22971971806784630, 8.444721528124999210 ) ) ;
#4788 = CYLINDRICAL_SURFACE ( 'NONE', #2325, 1.000000000000000000 ) ;
#4789 = CARTESIAN_POINT ( 'NONE',  ( 50.30104166714468761, -11.48647981204520363, 7.110556943750000691 ) ) ;
#4790 = CARTESIAN_POINT ( 'NONE',  ( 51.03749956399469312, 12.00000605471227288, 8.700000000000001066 ) ) ;
#4791 = EDGE_CURVE ( 'NONE', #3755, #410, #770, .T. ) ;
#4792 = CARTESIAN_POINT ( 'NONE',  ( 50.36776041666188064, -12.60457715765625863, 7.650947215281250102 ) ) ;
#4793 = CARTESIAN_POINT ( 'NONE',  ( -51.21250000095592014, -11.99999999999998224, 8.699999999999999289 ) ) ;
#4794 = CARTESIAN_POINT ( 'NONE',  ( -50.68750000095591446, 12.00000000000001776, 7.300000000000000711 ) ) ;
#4795 = ADVANCED_FACE ( 'NONE', ( #4818 ), #1677, .F. ) ;
#4796 = CARTESIAN_POINT ( 'NONE',  ( -45.00000000000000000, -29.00000000000001421, -28.63602976573380943 ) ) ;
#4797 = CARTESIAN_POINT ( 'NONE',  ( 51.24166666666666714, 12.60621778264912329, 8.349999999999999645 ) ) ;
#4798 = DIRECTION ( 'NONE',  ( -1.000000000000000000, 0.000000000000000000, 0.000000000000000000 ) ) ;
#4799 = CARTESIAN_POINT ( 'NONE',  ( 50.24270833381129364, -12.51352018795476262, 7.110556943749999803 ) ) ;
#4800 = CARTESIAN_POINT ( 'NONE',  ( 50.01279757434983964, -12.64833094983955597, 7.691830104942718016 ) ) ;
#4801 = VECTOR ( 'NONE', #6410, 1000.000000000000000 ) ;
#4802 = CARTESIAN_POINT ( 'NONE',  ( -50.77500000095591304, -12.80829037686545746, 8.000000000000000000 ) ) ;
#4803 = CARTESIAN_POINT ( 'NONE',  ( -50.27187500047801194, -11.99999999999998224, 8.889443056249998421 ) ) ;
#4804 = CARTESIAN_POINT ( 'NONE',  ( -50.44687500047795936, -11.99999999999998224, 7.110556943750001579 ) ) ;
#4805 = ORIENTED_EDGE ( 'NONE', *, *, #2607, .F. ) ;
#4806 = EDGE_LOOP ( 'NONE', ( #6306, #570, #1702, #2390 ) ) ;
#4807 = ORIENTED_EDGE ( 'NONE', *, *, #6281, .F. ) ;
#4808 = CARTESIAN_POINT ( 'NONE',  ( 50.30560950272231224, 12.40142135686582314, 8.695282185334807679 ) ) ;
#4809 = CARTESIAN_POINT ( 'NONE',  ( -50.92812500047795510, 10.97295962409045522, 8.000000000000000000 ) ) ;
#4810 = CARTESIAN_POINT ( 'NONE',  ( -50.68859374999522771, -12.80610287687501803, 8.000000000000000000 ) ) ;
#4811 = CARTESIAN_POINT ( 'NONE',  ( 50.66562500047795936, -11.99999999999998224, 7.110556943750000691 ) ) ;
#4812 = CARTESIAN_POINT ( 'NONE',  ( -49.86354166714463076, -12.77028028193215370, 8.444721528124999210 ) ) ;
#4813 = CARTESIAN_POINT ( 'NONE',  ( 50.33750000095591304, 12.00000000000001776, 8.699999999999999289 ) ) ;
#4814 = CARTESIAN_POINT ( 'NONE',  ( -50.54166666666666430, 12.60621778264912329, 7.649999999999999467 ) ) ;
#4815 = EDGE_LOOP ( 'NONE', ( #1793, #6051, #1385, #2936 ) ) ;
#4816 = ORIENTED_EDGE ( 'NONE', *, *, #3673, .F. ) ;
#4817 = CARTESIAN_POINT ( 'NONE',  ( 51.39999999999999858, -11.48827964609387209, 7.272503450379631751 ) ) ;
#4818 = FACE_OUTER_BOUND ( 'NONE', #5298, .T. ) ;
#4819 = DIRECTION ( 'NONE',  ( 1.000000000000000000, 0.000000000000000000, 0.000000000000000000 ) ) ;
#4820 = CARTESIAN_POINT ( 'NONE',  ( -50.03854166714462082, 12.77028028193218745, 7.555278471875000790 ) ) ;
#4821 = CARTESIAN_POINT ( 'NONE',  ( -50.39583333333333570, 11.59585481156727838, 8.700000000000001066 ) ) ;
#4822 =( BOUNDED_CURVE ( )  B_SPLINE_CURVE ( 3, ( #5674, #1160, #6211, #122 ),
 .UNSPECIFIED., .F., .F. ) 
 B_SPLINE_CURVE_WITH_KNOTS ( ( 4, 4 ),
 ( 4.712388980384689674, 6.283185307179586232 ),
 .UNSPECIFIED. ) 
 CURVE ( )  GEOMETRIC_REPRESENTATION_ITEM ( )  RATIONAL_B_SPLINE_CURVE ( ( 1.000000000000000000, 0.8047378541243649375, 0.8047378541243649375, 1.000000000000000000 ) ) 
 REPRESENTATION_ITEM ( '' )  );
#4823 = LINE ( 'NONE', #4859, #1558 ) ;
#4824 = CARTESIAN_POINT ( 'NONE',  ( 50.33750598047997471, -12.00007757877880188, 8.699999995701093169 ) ) ;
#4825 = CARTESIAN_POINT ( 'NONE',  ( 51.38020833381136043, -11.22971971806781255, 7.555278471875000790 ) ) ;
#4826 = DIRECTION ( 'NONE',  ( -1.000000000000000000, -0.000000000000000000, -0.000000000000000000 ) ) ;
#4827 = CARTESIAN_POINT ( 'NONE',  ( 50.68859374999522771, -12.80610287687501803, 8.000000000000000000 ) ) ;
#4828 = CARTESIAN_POINT ( 'NONE',  ( -50.66562500047795936, -11.99999999999998224, 8.889443056250000197 ) ) ;
#4829 = CYLINDRICAL_SURFACE ( 'NONE', #4705, 0.6999999999999992895 ) ;
#4830 = EDGE_CURVE ( 'NONE', #2239, #6199, #5676, .T. ) ;
#4831 = EDGE_CURVE ( 'NONE', #2060, #6050, #2938, .T. ) ;
#4832 = DIRECTION ( 'NONE',  ( 1.000000000000000000, 1.387778780781446662E-15, 0.000000000000000000 ) ) ;
#4833 = CARTESIAN_POINT ( 'NONE',  ( 50.01776041666188632, 11.39542284234374137, 7.650947215281250102 ) ) ;
#4834 = CARTESIAN_POINT ( 'NONE',  ( 51.39999999999999147, 12.01024198552258149, 8.026943859230120992 ) ) ;
#4835 = CARTESIAN_POINT ( 'NONE',  ( 51.73750000095591162, -11.99999999999998224, 8.699999999999999289 ) ) ;
#4836 = CARTESIAN_POINT ( 'NONE',  ( -4.449999999999995737, 30.00000000000001066, -30.00000000000000000 ) ) ;
#4837 = CARTESIAN_POINT ( 'NONE',  ( -51.33645833381131496, -12.51352018795474486, 8.889443056249969999 ) ) ;
#4838 = CARTESIAN_POINT ( 'NONE',  ( -3.449999999999995737, 28.00000000000001066, 0.9000000000000005773 ) ) ;
#4839 = CARTESIAN_POINT ( 'NONE',  ( -51.38020833381129648, -11.22971971806781255, 8.444721528124999210 ) ) ;
#4840 = ORIENTED_EDGE ( 'NONE', *, *, #5986, .T. ) ;
#4841 = EDGE_CURVE ( 'NONE', #3496, #4417, #2711, .T. ) ;
#4842 = ORIENTED_EDGE ( 'NONE', *, *, #2924, .T. ) ;
#4843 = AXIS2_PLACEMENT_3D ( 'NONE', #3464, #6647, #958 ) ;
#4844 = CARTESIAN_POINT ( 'NONE',  ( 52.00000000000000000, 12.00000000000001776, 8.000000000000000000 ) ) ;
#4845 = CARTESIAN_POINT ( 'NONE',  ( -50.57812500047795368, 10.97295962409045522, 8.000000000000000000 ) ) ;
#4846 = CARTESIAN_POINT ( 'NONE',  ( -51.82609374999521634, -11.99999999999998224, 8.698105569437499796 ) ) ;
#4847 = CARTESIAN_POINT ( 'NONE',  ( 35.00000000000001421, 20.00000000000001421, -8.673132741738013962 ) ) ;
#4848 = CARTESIAN_POINT ( 'NONE',  ( -51.67916666762258160, -11.39378221735087671, 7.650000000000000355 ) ) ;
#4849 = CARTESIAN_POINT ( 'NONE',  ( 50.30104166714468761, 12.51352018795479815, 7.110556943750000691 ) ) ;
#4850 = CARTESIAN_POINT ( 'NONE',  ( -51.36562500047797641, 12.00000000000001776, 8.889443056249973552 ) ) ;
#4851 = ORIENTED_EDGE ( 'NONE', *, *, #5770, .F. ) ;
#4852 = VERTEX_POINT ( 'NONE', #2175 ) ;
#4853 = FACE_OUTER_BOUND ( 'NONE', #295, .T. ) ;
#4854 = CARTESIAN_POINT ( 'NONE',  ( -50.30833333333333712, -12.60621778264908954, 7.650000000000002132 ) ) ;
#4855 = CARTESIAN_POINT ( 'NONE',  ( 51.08854166714462508, 12.77028028193218745, 8.444721528125000987 ) ) ;
#4856 = CARTESIAN_POINT ( 'NONE',  ( -49.89270833381129222, 11.48647981204523738, 8.889443056249998421 ) ) ;
#4857 = CARTESIAN_POINT ( 'NONE',  ( -50.27916666666666856, 11.59585481156727838, 7.300000000000000711 ) ) ;
#4858 = ORIENTED_EDGE ( 'NONE', *, *, #6063, .F. ) ;
#4859 = CARTESIAN_POINT ( 'NONE',  ( 52.00000000000000000, -11.99999999999998224, 8.699999999999999289 ) ) ;
#4860 = CARTESIAN_POINT ( 'NONE',  ( 50.89166666762258728, -11.59585481156724462, 7.300000000000000711 ) ) ;
#4861 = CARTESIAN_POINT ( 'NONE',  ( 50.44687500047802331, -11.99999999999998224, 8.889443056250000197 ) ) ;
#4862 = FACE_OUTER_BOUND ( 'NONE', #5145, .T. ) ;
#4863 = CARTESIAN_POINT ( 'NONE',  ( 51.15526041666188917, -11.59694856156246701, 7.301894430562501093 ) ) ;
#4864 = CARTESIAN_POINT ( 'NONE',  ( -50.25729166714462082, -12.77028028193215370, 8.444721528125000987 ) ) ;
#4865 = CARTESIAN_POINT ( 'NONE',  ( -50.74583333428924448, 11.39378221735091223, 7.650000000000001243 ) ) ;
#4866 =( BOUNDED_CURVE ( )  B_SPLINE_CURVE ( 2, ( #6525, #4065, #3495, #893, #2545, #6018, #3528 ),
 .UNSPECIFIED., .F., .F. ) 
 B_SPLINE_CURVE_WITH_KNOTS ( ( 3, 2, 2, 3 ),
 ( 0.008782335732866620309, 0.009514243807975001493, 0.01024615188308338268, 0.01097805995819176386 ),
 .UNSPECIFIED. ) 
 CURVE ( )  GEOMETRIC_REPRESENTATION_ITEM ( )  RATIONAL_B_SPLINE_CURVE ( ( 0.9999999999999563682, 0.8660254037844823394, 1.000000000000000000, 0.8660254037844387076, 1.000000000000000000, 0.8660254037845768194, 0.9999999999998618883 ) ) 
 REPRESENTATION_ITEM ( '' )  );
#4867 = CARTESIAN_POINT ( 'NONE',  ( 36.00000000000001421, 19.00000000000001776, -20.00000000000000711 ) ) ;
#4868 = CARTESIAN_POINT ( 'NONE',  ( 51.97083333333333854, 12.40414518843275538, 8.700000000000001066 ) ) ;
#4869 = CARTESIAN_POINT ( 'NONE',  ( 50.33750598047997471, -12.00007757877880188, 8.699999995701093169 ) ) ;
#4870 = CARTESIAN_POINT ( 'NONE',  ( 51.24166666762258160, -11.59585481156724462, 7.300000000000000711 ) ) ;
#4871 = ORIENTED_EDGE ( 'NONE', *, *, #5487, .T. ) ;
#4872 = CARTESIAN_POINT ( 'NONE',  ( 49.99999999999998579, -22.99999999999997868, -24.32385281518475395 ) ) ;
#4873 = CARTESIAN_POINT ( 'NONE',  ( -50.86979166714463219, -12.51352018795474486, 7.110556943750030001 ) ) ;
#4874 = AXIS2_PLACEMENT_3D ( 'NONE', #4177, #2082, #6286 ) ;
#4875 = CARTESIAN_POINT ( 'NONE',  ( -44.99999999999998579, -27.99999999999999645, -26.14370398651577077 ) ) ;
#4876 = CARTESIAN_POINT ( 'NONE',  ( -50.00937500047795226, -10.97295962409042325, 8.000000000000000000 ) ) ;
#4877 = ORIENTED_EDGE ( 'NONE', *, *, #3812, .T. ) ;
#4878 = VECTOR ( 'NONE', #3810, 1000.000000000000000 ) ;
#4879 = ORIENTED_EDGE ( 'NONE', *, *, #5571, .T. ) ;
#4880 = CARTESIAN_POINT ( 'NONE',  ( 51.80312500047796220, -10.97295962409042147, 8.000000000000000000 ) ) ;
#4881 = ADVANCED_FACE ( 'NONE', ( #699 ), #2764, .T. ) ;
#4882 = CARTESIAN_POINT ( 'NONE',  ( -51.01562500047795368, 12.00000000000001776, 8.889443056250000197 ) ) ;
#4883 = CARTESIAN_POINT ( 'NONE',  ( -51.15526041666188917, -11.59694856156246701, 8.698105569437499796 ) ) ;
#4884 = CARTESIAN_POINT ( 'NONE',  ( 36.00000000000002132, 19.58578643762692195, -8.823894149071190185 ) ) ;
#4885 = CARTESIAN_POINT ( 'NONE',  ( -51.05937500047794941, -10.97295962409042325, 8.000000000000000000 ) ) ;
#4886 = CARTESIAN_POINT ( 'NONE',  ( 50.27187500047802615, 12.00000000000001776, 7.110556943750000691 ) ) ;
#4887 = CARTESIAN_POINT ( 'NONE',  ( -50.43229166714463219, 12.77028028193216613, 7.555278471875014112 ) ) ;
#4888 = EDGE_CURVE ( 'NONE', #5113, #3837, #3884, .T. ) ;
#4889 = VERTEX_POINT ( 'NONE', #2251 ) ;
#4890 = VERTEX_POINT ( 'NONE', #4312 ) ;
#4891 = CARTESIAN_POINT ( 'NONE',  ( -50.42499999999993321, -12.00000000000091482, 8.700000000000002842 ) ) ;
#4892 = CARTESIAN_POINT ( 'NONE',  ( 50.59270833381129506, 11.48647981204523738, 7.110556943749999803 ) ) ;
#4893 = CARTESIAN_POINT ( 'NONE',  ( -50.80416666762258160, 11.39378221735091223, 8.349999999999999645 ) ) ;
#4894 = CARTESIAN_POINT ( 'NONE',  ( -51.54062500047795226, 12.00000000000001776, 7.110556943750000691 ) ) ;
#4895 = VERTEX_POINT ( 'NONE', #4239 ) ;
#4896 = CARTESIAN_POINT ( 'NONE',  ( -51.39999999999999147, -11.99999999999998224, 8.000000000000000000 ) ) ;
#4897 = CARTESIAN_POINT ( 'NONE',  ( 51.08854166714468903, -11.22971971806781255, 8.444721528125000987 ) ) ;
#4898 = CARTESIAN_POINT ( 'NONE',  ( 50.36666666666667425, 11.39378221735091579, 7.650000000000003020 ) ) ;
#4899 = CARTESIAN_POINT ( 'NONE',  ( 50.98026041666189201, -12.40305143843749924, 8.698105569437499796 ) ) ;
#4900 = CARTESIAN_POINT ( 'NONE',  ( -50.54895833381129222, -12.77028028193215548, 7.555278471875000790 ) ) ;
#4901 = DIRECTION ( 'NONE',  ( 1.334402673828313339E-16, -1.000000000000000000, -0.000000000000000000 ) ) ;
#4902 = VECTOR ( 'NONE', #514, 1000.000000000000000 ) ;
#4903 = CARTESIAN_POINT ( 'NONE',  ( 50.51979166714463076, -12.51352018795474841, 8.889443056249971775 ) ) ;
#4904 = CARTESIAN_POINT ( 'NONE',  ( 50.16359374999522203, 12.80610287687505355, 8.000000000000000000 ) ) ;
#4905 = CYLINDRICAL_SURFACE ( 'NONE', #5570, 0.6999999999999992895 ) ;
#4906 = CIRCLE ( 'NONE', #1013, 1.499999999999999556 ) ;
#4907 = CARTESIAN_POINT ( 'NONE',  ( 49.95104166714462224, -11.48647981204520363, 7.110556943749999803 ) ) ;
#4908 = FACE_BOUND ( 'NONE', #4922, .T. ) ;
#4909 = CARTESIAN_POINT ( 'NONE',  ( -50.78229166714463361, -11.22971971806783920, 7.555278471875015001 ) ) ;
#4910 = CARTESIAN_POINT ( 'NONE',  ( 49.99999999999983658, 12.83972920572386478, 7.622749702082641576 ) ) ;
#4911 = CARTESIAN_POINT ( 'NONE',  ( -51.73020833381129080, -11.22971971806781255, 8.444721528124999210 ) ) ;
#4912 = VERTEX_POINT ( 'NONE', #2798 ) ;
#4913 = ORIENTED_EDGE ( 'NONE', *, *, #4016, .T. ) ;
#4914 = CARTESIAN_POINT ( 'NONE',  ( -51.75937500047796647, 13.02704037590957853, 8.000000000000000000 ) ) ;
#4915 = CARTESIAN_POINT ( 'NONE',  ( -51.47500000000000142, -11.99999999999998224, 8.699999999999999289 ) ) ;
#4916 = CARTESIAN_POINT ( 'NONE',  ( 50.54167173390513312, 12.40418028866787203, 7.300060795390577617 ) ) ;
#4917 = CARTESIAN_POINT ( 'NONE',  ( -50.91354166714462082, -12.77028028193215370, 8.444721528124999210 ) ) ;
#4918 = DIRECTION ( 'NONE',  ( 1.000000000000000000, -0.000000000000000000, -0.000000000000000000 ) ) ;
#4919 = CARTESIAN_POINT ( 'NONE',  ( -50.86979166714463219, 11.48647981204525159, 7.110556943750029113 ) ) ;
#4920 = ORIENTED_EDGE ( 'NONE', *, *, #314, .F. ) ;
#4921 = EDGE_CURVE ( 'NONE', #1229, #2785, #1278, .T. ) ;
#4922 = EDGE_LOOP ( 'NONE', ( #1639, #4742, #5961, #6643 ) ) ;
#4923 = SURFACE_STYLE_USAGE ( .BOTH. , #2867 ) ;
#4924 = ADVANCED_FACE ( 'NONE', ( #3811 ), #3344, .F. ) ;
#4925 = CARTESIAN_POINT ( 'NONE',  ( -50.94270833381136043, 11.48647981204523738, 8.889443056250000197 ) ) ;
#4926 = EDGE_CURVE ( 'NONE', #2946, #3559, #5007, .T. ) ;
#4927 = CARTESIAN_POINT ( 'NONE',  ( 50.65104166714462508, 12.51352018795479815, 7.110556943749999803 ) ) ;
#4928 = CARTESIAN_POINT ( 'NONE',  ( -50.00937500047795226, 13.02704037590957853, 8.000000000000000000 ) ) ;
#4929 = CARTESIAN_POINT ( 'NONE',  ( -51.30729166714462508, 11.22971971806784808, 8.444721528125000987 ) ) ;
#4930 = VERTEX_POINT ( 'NONE', #5517 ) ;
#4931 = CARTESIAN_POINT ( 'NONE',  ( 51.80312500047796220, 13.02704037590958031, 8.000000000000000000 ) ) ;
#4932 = CARTESIAN_POINT ( 'NONE',  ( 51.38750000095591020, -11.99999999999998224, 8.699999999999999289 ) ) ;
#4933 = CYLINDRICAL_SURFACE ( 'NONE', #5181, 1.000000000000000888 ) ;
#4934 = CARTESIAN_POINT ( 'NONE',  ( -50.28645833381128938, -12.51352018795476262, 8.889443056249998421 ) ) ;
#4935 = CARTESIAN_POINT ( 'NONE',  ( -50.45416666666655203, -11.59585481156788589, 8.700000000001111289 ) ) ;
#4936 = AXIS2_PLACEMENT_3D ( 'NONE', #4496, #6070, #1010 ) ;
#4937 = CARTESIAN_POINT ( 'NONE',  ( -35.99999999999999289, 19.00000000000001776, -20.00000000000000711 ) ) ;
#4938 = CARTESIAN_POINT ( 'NONE',  ( 51.89062500047795368, 12.00000000000001776, 8.889443056250000197 ) ) ;
#4939 = CARTESIAN_POINT ( 'NONE',  ( -50.95000000000003126, 11.99999999999956479, 7.299999999999998934 ) ) ;
#4940 = CARTESIAN_POINT ( 'NONE',  ( 51.03750000095591588, -11.99999999999998224, 8.699999999999999289 ) ) ;
#4941 = FACE_OUTER_BOUND ( 'NONE', #5522, .T. ) ;
#4942 = CARTESIAN_POINT ( 'NONE',  ( -50.16979166714464355, -12.51352018795474486, 7.110556943750030001 ) ) ;
#4943 = CARTESIAN_POINT ( 'NONE',  ( 51.21979166714464071, 11.48647981204525514, 8.889443056249968222 ) ) ;
#4944 = CARTESIAN_POINT ( 'NONE',  ( -50.85520833381129080, -12.77028028193215370, 7.555278471875000790 ) ) ;
#4945 = VERTEX_POINT ( 'NONE', #5963 ) ;
#4946 = ORIENTED_EDGE ( 'NONE', *, *, #5535, .F. ) ;
#4947 = CARTESIAN_POINT ( 'NONE',  ( -51.23437500047796078, 10.97295962409045877, 8.000000000000000000 ) ) ;
#4948 = CARTESIAN_POINT ( 'NONE',  ( -51.88333333333333286, -11.39378221735087671, 8.349999999999999645 ) ) ;
#4949 = CARTESIAN_POINT ( 'NONE',  ( 50.16250000101766915, -12.00000000266068412, 7.300000000000000711 ) ) ;
#4950 = CARTESIAN_POINT ( 'NONE',  ( -50.09687500047795794, -11.99999999999998224, 7.110556943750001579 ) ) ;
#4951 = DIRECTION ( 'NONE',  ( -1.000000000000000000, 0.000000000000000000, 0.000000000000000000 ) ) ;
#4952 = CARTESIAN_POINT ( 'NONE',  ( -50.37395833381130927, 12.77028028193216613, 8.444721528124984999 ) ) ;
#4953 = ORIENTED_EDGE ( 'NONE', *, *, #4209, .T. ) ;
#4954 = ORIENTED_EDGE ( 'NONE', *, *, #2524, .T. ) ;
#4955 = DIRECTION ( 'NONE',  ( 0.000000000000000000, 0.000000000000000000, -1.000000000000000000 ) ) ;
#4956 = CARTESIAN_POINT ( 'NONE',  ( -50.21354166714470324, 11.22971971806784808, 8.444721528124999210 ) ) ;
#4957 = CARTESIAN_POINT ( 'NONE',  ( 51.56250000095591446, 12.00000000000001776, 7.300000000000000711 ) ) ;
#4958 = CARTESIAN_POINT ( 'NONE',  ( -51.27083333428925016, 12.60621778264912329, 8.349999999999999645 ) ) ;
#4959 = CARTESIAN_POINT ( 'NONE',  ( -50.72395833381128227, 12.77028028193218745, 8.444721528124999210 ) ) ;
#4960 = ORIENTED_EDGE ( 'NONE', *, *, #2729, .F. ) ;
#4961 = CARTESIAN_POINT ( 'NONE',  ( 50.02395833381128654, 12.77028028193218745, 7.555278471875000790 ) ) ;
#4962 = CARTESIAN_POINT ( 'NONE',  ( -33.19999999999998863, -19.99999999999998224, -26.00000000000001066 ) ) ;
#4963 = CARTESIAN_POINT ( 'NONE',  ( -51.39999999999999858, -11.12211884029220954, 8.142946212756649871 ) ) ;
#4964 = CARTESIAN_POINT ( 'NONE',  ( -51.94276041666188348, 12.60457715765629239, 7.650947215281250102 ) ) ;
#4965 = ADVANCED_FACE ( 'NONE', ( #897 ), #6082, .F. ) ;
#4966 = DIRECTION ( 'NONE',  ( -1.000000000000000000, 4.956352788505164007E-17, 0.000000000000000000 ) ) ;
#4967 =( BOUNDED_CURVE ( )  B_SPLINE_CURVE ( 2, ( #5179, #5649, #1037, #1480, #3098, #5149, #2116 ),
 .UNSPECIFIED., .F., .F. ) 
 B_SPLINE_CURVE_WITH_KNOTS ( ( 3, 2, 2, 3 ),
 ( 0.5000000000000011102, 0.5277777777777780122, 0.5555555555555549141, 0.5833333333333318160 ),
 .UNSPECIFIED. ) 
 CURVE ( )  GEOMETRIC_REPRESENTATION_ITEM ( )  RATIONAL_B_SPLINE_CURVE ( ( 0.9999999999999946709, 0.8660254037844440367, 1.000000000000000000, 0.8660254037844387076, 1.000000000000000000, 0.8660254037844462571, 0.9999999999999924505 ) ) 
 REPRESENTATION_ITEM ( '' )  );
#4968 = ADVANCED_FACE ( 'NONE', ( #2458 ), #5051, .F. ) ;
#4969 = CARTESIAN_POINT ( 'NONE',  ( 50.35937500047795368, -10.97295962409042147, 8.000000000000000000 ) ) ;
#4970 = DIRECTION ( 'NONE',  ( -1.000000000000000000, 0.000000000000000000, 0.000000000000000000 ) ) ;
#4971 = CARTESIAN_POINT ( 'NONE',  ( 50.65833333333333144, 11.39378221735091223, 8.349999999999999645 ) ) ;
#4972 = FACE_OUTER_BOUND ( 'NONE', #3853, .T. ) ;
#4973 = CARTESIAN_POINT ( 'NONE',  ( 50.04583333428924874, -12.60621778264908954, 8.349999999999999645 ) ) ;
#4974 = DIRECTION ( 'NONE',  ( -1.000000000000000000, 0.000000000000000000, 0.000000000000000000 ) ) ;
#4975 = VECTOR ( 'NONE', #6338, 1000.000000000000114 ) ;
#4976 = CARTESIAN_POINT ( 'NONE',  ( 51.06666666762259155, -12.40414518843271985, 8.699999999999999289 ) ) ;
#4977 = VERTEX_POINT ( 'NONE', #838 ) ;
#4978 = AXIS2_PLACEMENT_3D ( 'NONE', #4035, #1886, #5475 ) ;
#4979 = AXIS2_PLACEMENT_3D ( 'NONE', #4247, #1684, #1173 ) ;
#4980 = CARTESIAN_POINT ( 'NONE',  ( -51.05937500047794941, 13.02704037590957853, 8.000000000000000000 ) ) ;
#4981 = LINE ( 'NONE', #3399, #2604 ) ;
#4982 = CARTESIAN_POINT ( 'NONE',  ( -50.30833333428924448, -11.59585481156724462, 7.300000000000000711 ) ) ;
#4983 = CARTESIAN_POINT ( 'NONE',  ( 51.03749912693132984, 12.00001210941747232, 8.699999999895256408 ) ) ;
#4984 = CARTESIAN_POINT ( 'NONE',  ( -51.74479166714463219, -11.48647981204520363, 8.889443056249998421 ) ) ;
#4985 = ORIENTED_EDGE ( 'NONE', *, *, #6100, .F. ) ;
#4986 = VERTEX_POINT ( 'NONE', #339 ) ;
#4987 = DIRECTION ( 'NONE',  ( -1.000000000000000000, 0.000000000000000000, 0.000000000000000000 ) ) ;
#4988 = CARTESIAN_POINT ( 'NONE',  ( -50.82604166714470040, 11.48647981204523738, 7.110556943750002468 ) ) ;
#4989 = CARTESIAN_POINT ( 'NONE',  ( 50.76770833381129933, 12.51352018795479815, 8.889443056249998421 ) ) ;
#4990 = CARTESIAN_POINT ( 'NONE',  ( 51.99999999999999289, 30.00000000000001776, -30.00000000000000000 ) ) ;
#4991 = CARTESIAN_POINT ( 'NONE',  ( -51.13229166714462082, 12.77028028193218745, 7.555278471875000790 ) ) ;
#4992 = ORIENTED_EDGE ( 'NONE', *, *, #1248, .F. ) ;
#4993 = CARTESIAN_POINT ( 'NONE',  ( 49.99479166714461797, 12.51352018795479815, 7.110556943749999803 ) ) ;
#4994 = CARTESIAN_POINT ( 'NONE',  ( -52.00000000000000000, 5.000000000000018652, -14.13268625573106085 ) ) ;
#4995 = DIRECTION ( 'NONE',  ( 0.000000000000000000, 0.000000000000000000, -1.000000000000000000 ) ) ;
#4996 = CARTESIAN_POINT ( 'NONE',  ( -51.88442708332854636, 12.60457715765629239, 8.349052784718749010 ) ) ;
#4997 = CARTESIAN_POINT ( 'NONE',  ( 50.86233989959494295, -12.00001050596186225, 7.300000000188231475 ) ) ;
#4998 = AXIS2_PLACEMENT_3D ( 'NONE', #3392, #1429, #2920 ) ;
#4999 = AXIS2_PLACEMENT_3D ( 'NONE', #5087, #3637, #4681 ) ;
#5000 = EDGE_CURVE ( 'NONE', #3128, #5176, #4572, .T. ) ;
#5001 = CARTESIAN_POINT ( 'NONE',  ( 51.46770833381129506, -11.48647981204520363, 8.889443056249998421 ) ) ;
#5002 = CARTESIAN_POINT ( 'NONE',  ( 50.98645833381130643, -12.51352018795474486, 7.110556943750029113 ) ) ;
#5003 = CARTESIAN_POINT ( 'NONE',  ( 50.42499999999999716, 12.00000000000001776, 7.300000000000000711 ) ) ;
#5004 = CARTESIAN_POINT ( 'NONE',  ( 49.99999999999998579, 12.67238494495592427, 8.479077860096920105 ) ) ;
#5005 = EDGE_CURVE ( 'NONE', #5381, #1088, #4906, .T. ) ;
#5006 = CARTESIAN_POINT ( 'NONE',  ( 50.25000000095591446, -11.19170962313450701, 8.000000000000000000 ) ) ;
#5007 =( BOUNDED_CURVE ( )  B_SPLINE_CURVE ( 2, ( #5274, #1892, #2964, #4541, #4481, #6498, #2900, #3533, #2868, #6561, #3982, #1921, #6466, #2392, #6530, #4041, #372, #4925, #5021, #4420, #4513, #4988, #306, #803, #3953, #6588, #1379, #3500, #5549, #2932, #2487, #2424, #1439, #438, #404, #2361, #4452, #6025, #1406, #1977, #3437, #6053, #4956, #2996, #3468, #1859, #866, #5997, #1948, #3917, #929 ),
 .UNSPECIFIED., .F., .F. ) 
 B_SPLINE_CURVE_WITH_KNOTS ( ( 3, 2, 2, 2, 2, 2, 2, 2, 2, 2, 2, 2, 2, 2, 2, 2, 2, 2, 2, 2, 2, 2, 2, 2, 2, 3 ),
 ( 0.2231258487602226781, 0.2333058751538863718, 0.2624691095481246905, 0.2916323439423630370, 0.3207955783366014391, 0.3499588127308397301, 0.3791220471250780766, 0.4082852815193164231, 0.4374485159135548251, 0.4666117503077931161, 0.4957749847020314626, 0.5249382190962698091, 0.5541014534905081002, 0.5832646878847465022, 0.6124279222789847932, 0.6415911566732231952, 0.6707543910674614862, 0.6999176254616998882, 0.7290808598559381792, 0.7582440942501764702, 0.7874073286444148723, 0.8165705630386531633, 0.8457337974328915653, 0.8748970318271298563, 0.9040602662213682583, 0.9230434742218835975 ),
 .UNSPECIFIED. ) 
 CURVE ( )  GEOMETRIC_REPRESENTATION_ITEM ( )  RATIONAL_B_SPLINE_CURVE ( ( 0.9391165034666193456, 0.9532334134438702478, 1.000000000000000000, 0.8660254037844387076, 1.000000000000000000, 0.8660254037844387076, 1.000000000000000000, 0.8660254037844387076, 1.000000000000000000, 0.8660254037844387076, 1.000000000000000000, 0.8660254037844387076, 1.000000000000000000, 0.8660254037844387076, 1.000000000000000000, 0.8660254037844387076, 1.000000000000000000, 0.8660254037844387076, 1.000000000000000000, 0.8660254037844387076, 1.000000000000000000, 0.8660254037844387076, 1.000000000000000000, 0.8660254037844387076, 1.000000000000000000, 0.8660254037844387076, 1.000000000000000000, 0.8660254037844387076, 1.000000000000000000, 0.8660254037844387076, 1.000000000000000000, 0.8660254037844387076, 1.000000000000000000, 0.8660254037844387076, 1.000000000000000000, 0.8660254037844387076, 1.000000000000000000, 0.8660254037844387076, 1.000000000000000000, 0.8660254037844387076, 1.000000000000000000, 0.8660254037844387076, 1.000000000000000000, 0.8660254037844387076, 1.000000000000000000, 0.8660254037844387076, 1.000000000000000000, 0.8660254037844387076, 1.000000000000000000, 0.9127919903408406865, 0.9391165034664548106 ) ) 
 REPRESENTATION_ITEM ( '' )  );
#5008 = CARTESIAN_POINT ( 'NONE',  ( 52.00000000000000000, -11.99999999999998224, 8.000000000000000000 ) ) ;
#5009 = DIRECTION ( 'NONE',  ( 0.000000000000000000, 0.000000000000000000, -1.000000000000000000 ) ) ;
#5010 = AXIS2_PLACEMENT_3D ( 'NONE', #4844, #191, #4302 ) ;
#5011 = EDGE_LOOP ( 'NONE', ( #6627, #3697, #1543, #6382 ) ) ;
#5012 = CARTESIAN_POINT ( 'NONE',  ( -50.68020833381128654, 12.77028028193218745, 8.444721528124999210 ) ) ;
#5013 = AXIS2_PLACEMENT_3D ( 'NONE', #2576, #5133, #1016 ) ;
#5014 = CARTESIAN_POINT ( 'NONE',  ( -49.73797891994325227, -12.68245356128927881, 8.155747027848216035 ) ) ;
#5015 = CARTESIAN_POINT ( 'NONE',  ( -51.15416666666670409, 12.40414518843299696, 8.699999999999587175 ) ) ;
#5016 = CARTESIAN_POINT ( 'NONE',  ( -50.36666666666667425, 11.39378221735091223, 8.350000000000001421 ) ) ;
#5017 = AXIS2_PLACEMENT_3D ( 'NONE', #1359, #4490, #4966 ) ;
#5018 = ORIENTED_EDGE ( 'NONE', *, *, #4526, .T. ) ;
#5019 = ORIENTED_EDGE ( 'NONE', *, *, #1108, .T. ) ;
#5020 = CARTESIAN_POINT ( 'NONE',  ( 51.39999999999999147, -12.00815067340503184, 8.026943859230120992 ) ) ;
#5021 = CARTESIAN_POINT ( 'NONE',  ( -50.91354166714469898, 11.22971971806784808, 8.444721528124999210 ) ) ;
#5022 = CARTESIAN_POINT ( 'NONE',  ( 51.70833333428925016, 12.40414518843275538, 8.700000000000001066 ) ) ;
#5023 = CARTESIAN_POINT ( 'NONE',  ( 51.29999999999999716, -11.99999999999998224, 8.699999999999999289 ) ) ;
#5024 = CARTESIAN_POINT ( 'NONE',  ( 51.99999999999999289, -27.10050506338831156, -28.94467014866778243 ) ) ;
#5025 = CARTESIAN_POINT ( 'NONE',  ( -50.97916666666669983, 11.59585481156715936, 7.300000000000220091 ) ) ;
#5026 = ORIENTED_EDGE ( 'NONE', *, *, #3067, .F. ) ;
#5027 = EDGE_CURVE ( 'NONE', #1180, #1152, #6620, .T. ) ;
#5028 = CARTESIAN_POINT ( 'NONE',  ( 50.22812500047795936, 10.97295962409045522, 8.000000000000000000 ) ) ;
#5029 = DIRECTION ( 'NONE',  ( -1.000000000000000000, 0.000000000000000000, 0.000000000000000000 ) ) ;
#5030 = CARTESIAN_POINT ( 'NONE',  ( -51.32916666666664440, 11.59585481156735298, 7.299999999999864819 ) ) ;
#5031 = CARTESIAN_POINT ( 'NONE',  ( -51.35942708332855489, 11.39542284234374137, 7.650947215281250990 ) ) ;
#5032 = DIRECTION ( 'NONE',  ( 1.334402673828313339E-16, -1.000000000000000000, -0.000000000000000000 ) ) ;
#5033 = CARTESIAN_POINT ( 'NONE',  ( 50.62187500047796362, -11.99999999999998224, 7.110556943750000691 ) ) ;
#5034 = CARTESIAN_POINT ( 'NONE',  ( 50.63645833381129790, -12.51352018795474486, 7.110556943750029113 ) ) ;
#5035 = CARTESIAN_POINT ( 'NONE',  ( 51.13229166714462082, 12.77028028193218745, 8.444721528125000987 ) ) ;
#5036 = CARTESIAN_POINT ( 'NONE',  ( 49.99999999999998579, 12.87788115970780467, 7.857053787243417631 ) ) ;
#5037 = CARTESIAN_POINT ( 'NONE',  ( 51.61810950253896380, -11.39786796497629595, 7.652358907491377593 ) ) ;
#5038 = DIRECTION ( 'NONE',  ( 1.334402673828313339E-16, -1.000000000000000000, -0.000000000000000000 ) ) ;
#5039 = EDGE_CURVE ( 'NONE', #549, #3245, #2036, .T. ) ;
#5040 = ORIENTED_EDGE ( 'NONE', *, *, #815, .T. ) ;
#5041 =( BOUNDED_CURVE ( )  B_SPLINE_CURVE ( 3, ( #2960, #2033, #3024, #486 ),
 .UNSPECIFIED., .F., .F. ) 
 B_SPLINE_CURVE_WITH_KNOTS ( ( 4, 4 ),
 ( 1.570796326794896558, 3.141592653589794448 ),
 .UNSPECIFIED. ) 
 CURVE ( )  GEOMETRIC_REPRESENTATION_ITEM ( )  RATIONAL_B_SPLINE_CURVE ( ( 1.000000000000000000, 0.8047378541243646044, 0.8047378541243646044, 1.000000000000000000 ) ) 
 REPRESENTATION_ITEM ( '' )  );
#5042 = CARTESIAN_POINT ( 'NONE',  ( -50.33020833381129222, 12.77028028193218745, 8.444721528124999210 ) ) ;
#5043 = CARTESIAN_POINT ( 'NONE',  ( -49.84166666762257591, -11.59585481156724462, 8.700000000000001066 ) ) ;
#5044 = B_SPLINE_CURVE_WITH_KNOTS ( 'NONE', 3,
 ( #5681, #1068, #3605, #5650, #5180, #66, #3666, #5713 ),
 .UNSPECIFIED., .F., .F.,
 ( 4, 2, 2, 4 ),
 ( 0.000000000000000000, 0.0007863557556715761784, 0.001179533633507363075, 0.001572711511343150188 ),
 .UNSPECIFIED. ) ;
#5045 = CARTESIAN_POINT ( 'NONE',  ( 49.99999999999998579, 23.00000000000002487, -7.581222038939398722 ) ) ;
#5046 = CARTESIAN_POINT ( 'NONE',  ( -50.00000000000000000, 12.51172035390617232, 8.727496549620342492 ) ) ;
#5047 = ORIENTED_EDGE ( 'NONE', *, *, #4508, .T. ) ;
#5048 = EDGE_CURVE ( 'NONE', #4297, #1467, #1690, .T. ) ;
#5049 = ORIENTED_EDGE ( 'NONE', *, *, #1657, .T. ) ;
#5050 = CARTESIAN_POINT ( 'NONE',  ( 50.57192708332854636, 12.40305143843753477, 8.698105569437499796 ) ) ;
#5051 = CYLINDRICAL_SURFACE ( 'NONE', #6073, 0.6999999999999992895 ) ;
#5052 = CARTESIAN_POINT ( 'NONE',  ( 50.71666666762258302, 11.59585481156727838, 8.700000000000001066 ) ) ;
#5053 = CARTESIAN_POINT ( 'NONE',  ( 51.67916666666666714, -12.40414518843271985, 8.700000000000001066 ) ) ;
#5054 = CARTESIAN_POINT ( 'NONE',  ( 49.10050506338832577, -29.99999999999998224, -30.00000000000000000 ) ) ;
#5055 = DIRECTION ( 'NONE',  ( 1.000000000000000000, 2.478176394252582004E-17, 0.000000000000000000 ) ) ;
#5056 = ORIENTED_EDGE ( 'NONE', *, *, #5572, .F. ) ;
#5057 = CARTESIAN_POINT ( 'NONE',  ( 51.30729166714462508, -12.77028028193215370, 7.555278471875000790 ) ) ;
#5058 = CARTESIAN_POINT ( 'NONE',  ( 51.73020833381129080, 12.77028028193218745, 7.555278471875000790 ) ) ;
#5059 = CARTESIAN_POINT ( 'NONE',  ( 51.32916666762258728, -11.39378221735087671, 8.349999999999999645 ) ) ;
#5060 = LINE ( 'NONE', #1418, #2937 ) ;
#5061 = EDGE_CURVE ( 'NONE', #2028, #1128, #4098, .T. ) ;
#5062 = CYLINDRICAL_SURFACE ( 'NONE', #6535, 0.6999999999999992895 ) ;
#5063 = DIRECTION ( 'NONE',  ( -1.000000000000000000, 0.000000000000000000, 0.000000000000000000 ) ) ;
#5064 = CARTESIAN_POINT ( 'NONE',  ( 50.50520833381129648, -12.77028028193215548, 8.444721528124999210 ) ) ;
#5065 = LINE ( 'NONE', #4083, #5440 ) ;
#5066 = CARTESIAN_POINT ( 'NONE',  ( 50.98645833381128512, 11.48647981204523738, 7.110556943749999803 ) ) ;
#5067 = CARTESIAN_POINT ( 'NONE',  ( 50.45416666762258728, -12.60621778264908954, 7.650000000000000355 ) ) ;
#5068 = CARTESIAN_POINT ( 'NONE',  ( -50.25109374999521350, -11.99999999999998224, 7.301894430562501093 ) ) ;
#5069 = CARTESIAN_POINT ( 'NONE',  ( 51.01562500047797499, 12.00000000000001776, 7.110556943750031778 ) ) ;
#5070 = VERTEX_POINT ( 'NONE', #2006 ) ;
#5071 = UNCERTAINTY_MEASURE_WITH_UNIT (LENGTH_MEASURE( 1.000000000000000082E-05 ), #983, 'distance_accuracy_value', 'NONE');
#5072 = CARTESIAN_POINT ( 'NONE',  ( -50.59270833381129506, 11.48647981204523738, 8.889443056249998421 ) ) ;
#5073 = CARTESIAN_POINT ( 'NONE',  ( -50.42500000095591162, -12.80829037686545746, 8.000000000000000000 ) ) ;
#5074 = CARTESIAN_POINT ( 'NONE',  ( -51.12500000095591446, -12.80829037686545746, 8.000000000000000000 ) ) ;
#5075 = CARTESIAN_POINT ( 'NONE',  ( -50.33749999999999858, 11.19170962313453899, 7.999999999999998224 ) ) ;
#5076 = ORIENTED_EDGE ( 'NONE', *, *, #3316, .T. ) ;
#5077 = ORIENTED_EDGE ( 'NONE', *, *, #1077, .T. ) ;
#5078 = EDGE_CURVE ( 'NONE', #1747, #5554, #5139, .T. ) ;
#5079 = CARTESIAN_POINT ( 'NONE',  ( 52.00000000000000000, -11.99999999999998224, 7.300000000000000711 ) ) ;
#5080 = CARTESIAN_POINT ( 'NONE',  ( 50.13333333428924732, 11.59585481156727838, 7.300000000000000711 ) ) ;
#5081 = EDGE_CURVE ( 'NONE', #4492, #6270, #6301, .T. ) ;
#5082 = CARTESIAN_POINT ( 'NONE',  ( 51.15416666666666146, -11.59585481156724462, 7.300000000000000711 ) ) ;
#5083 = FACE_BOUND ( 'NONE', #2493, .T. ) ;
#5084 = ORIENTED_EDGE ( 'NONE', *, *, #5403, .F. ) ;
#5085 = CARTESIAN_POINT ( 'NONE',  ( 51.19062500047795794, -11.99999999999998224, 8.889443056250000197 ) ) ;
#5086 = CARTESIAN_POINT ( 'NONE',  ( 51.01562500047795368, 12.00000000000001776, 7.110556943750000691 ) ) ;
#5087 = CARTESIAN_POINT ( 'NONE',  ( 44.99999999999999289, 23.00000000000001776, 10.00000000000000178 ) ) ;
#5088 = CARTESIAN_POINT ( 'NONE',  ( -49.99996648687760370, -12.16179680989723977, 7.318955366875951718 ) ) ;
#5089 = CARTESIAN_POINT ( 'NONE',  ( -51.76776041666187922, 11.39542284234374137, 8.349052784718749010 ) ) ;
#5090 = DIRECTION ( 'NONE',  ( -0.000000000000000000, -0.000000000000000000, 1.000000000000000000 ) ) ;
#5091 = CARTESIAN_POINT ( 'NONE',  ( 50.18437500047796362, -13.02704037590954478, 8.000000000000000000 ) ) ;
#5092 = CARTESIAN_POINT ( 'NONE',  ( 49.99999999999997868, 25.92893218813454936, -6.515177904274253251 ) ) ;
#5093 = CARTESIAN_POINT ( 'NONE',  ( 50.46145833381128654, 12.51352018795479815, 8.889443056249998421 ) ) ;
#5094 = CARTESIAN_POINT ( 'NONE',  ( 52.00000000000000000, 23.00000000000002487, -10.70957758389122461 ) ) ;
#5095 = CARTESIAN_POINT ( 'NONE',  ( 51.15144283587230234, -12.60213203502367030, 7.652358907491377593 ) ) ;
#5096 = CARTESIAN_POINT ( 'NONE',  ( -50.97916666666666430, -12.40414518843271985, 7.300000000000000711 ) ) ;
#5097 =( GEOMETRIC_REPRESENTATION_CONTEXT ( 3 ) GLOBAL_UNCERTAINTY_ASSIGNED_CONTEXT ( ( #6264 ) ) GLOBAL_UNIT_ASSIGNED_CONTEXT ( ( #2324, #4040, #5726 ) ) REPRESENTATION_CONTEXT ( 'NONE', 'WORKASPACE' ) );
#5098 = EDGE_CURVE ( 'NONE', #6065, #1163, #6437, .T. ) ;
#5099 = ORIENTED_EDGE ( 'NONE', *, *, #1289, .T. ) ;
#5100 = CARTESIAN_POINT ( 'NONE',  ( 51.38750231796745993, 11.99996789454626622, 8.700000000000001066 ) ) ;
#5101 = FACE_OUTER_BOUND ( 'NONE', #2199, .T. ) ;
#5102 = CARTESIAN_POINT ( 'NONE',  ( -51.06666666762258444, -12.40414518843272695, 7.300000000000007816 ) ) ;
#5103 = CARTESIAN_POINT ( 'NONE',  ( -49.99999999999998579, 12.70588719716205794, 8.590919783987523317 ) ) ;
#5104 = ORIENTED_EDGE ( 'NONE', *, *, #503, .T. ) ;
#5105 = AXIS2_PLACEMENT_3D ( 'NONE', #2836, #164, #236 ) ;
#5106 = ORIENTED_EDGE ( 'NONE', *, *, #6180, .F. ) ;
#5107 = CARTESIAN_POINT ( 'NONE',  ( -50.95000000000003126, 11.99999999999956479, 7.299999999999998934 ) ) ;
#5108 = CARTESIAN_POINT ( 'NONE',  ( 51.47227616938898365, 11.19715728626841056, 8.000000000000000000 ) ) ;
#5109 = CARTESIAN_POINT ( 'NONE',  ( 50.22812500047797357, 10.97295962409049253, 8.000000000000000000 ) ) ;
#5110 = CARTESIAN_POINT ( 'NONE',  ( 51.50416666666666288, -11.59585481156724462, 7.300000000000000711 ) ) ;
#5111 = CARTESIAN_POINT ( 'NONE',  ( -49.99999999999998579, -11.48827964609387919, 8.727496549620376243 ) ) ;
#5112 = CARTESIAN_POINT ( 'NONE',  ( 50.16250000101766915, 11.99999999733931588, 7.300000000000000711 ) ) ;
#5113 = VERTEX_POINT ( 'NONE', #5107 ) ;
#5114 = ADVANCED_FACE ( 'NONE', ( #3560 ), #1144, .T. ) ;
#5115 = ADVANCED_FACE ( 'NONE', ( #2191 ), #4134, .F. ) ;
#5116 = ORIENTED_EDGE ( 'NONE', *, *, #5487, .F. ) ;
#5117 = CARTESIAN_POINT ( 'NONE',  ( 50.31562500047795083, -11.99999999999998224, 7.110556943750000691 ) ) ;
#5118 = CARTESIAN_POINT ( 'NONE',  ( 50.06770833381129648, 12.51352018795479815, 8.889443056249998421 ) ) ;
#5119 = CARTESIAN_POINT ( 'NONE',  ( -50.65833333428924590, -11.59585481156723752, 7.300000000000018474 ) ) ;
#5120 = CARTESIAN_POINT ( 'NONE',  ( -51.39999999999999858, 12.89102923526721156, 7.878946240561951697 ) ) ;
#5121 = CARTESIAN_POINT ( 'NONE',  ( -50.16359374999522203, 12.80610287687505355, 8.000000000000000000 ) ) ;
#5122 = CARTESIAN_POINT ( 'NONE',  ( 50.22083333333333854, 12.40414518843275360, 8.699999999999990408 ) ) ;
#5123 = EDGE_CURVE ( 'NONE', #833, #3035, #6625, .T. ) ;
#5124 = CARTESIAN_POINT ( 'NONE',  ( 49.99999999999998579, 11.31685957671732545, 7.847018760394029790 ) ) ;
#5125 = B_SPLINE_CURVE_WITH_KNOTS ( 'NONE', 3,
 ( #3070, #5120, #6548, #6516, #5469, #501 ),
 .UNSPECIFIED., .F., .F.,
 ( 4, 2, 4 ),
 ( 0.000000000000000000, 0.0007849077262702392052, 0.001569815452540478410 ),
 .UNSPECIFIED. ) ;
#5126 = CARTESIAN_POINT ( 'NONE',  ( 50.28645833381131069, -12.51352018795474486, 7.110556943750029113 ) ) ;
#5127 = CARTESIAN_POINT ( 'NONE',  ( 50.05312500047796220, 13.02704037590958031, 8.000000000000000000 ) ) ;
#5128 = DIRECTION ( 'NONE',  ( 0.000000000000000000, -1.000000000000000000, 0.000000000000000000 ) ) ;
#5129 = CARTESIAN_POINT ( 'NONE',  ( 50.50977616920563662, -11.99999999999998224, 7.304717814982754298 ) ) ;
#5130 = CARTESIAN_POINT ( 'NONE',  ( -51.50416666666666288, -11.59585481156724462, 8.700000000000001066 ) ) ;
#5131 = ORIENTED_EDGE ( 'NONE', *, *, #4392, .T. ) ;
#5132 = CARTESIAN_POINT ( 'NONE',  ( 51.58437500047795510, -13.02704037590954478, 8.000000000000000000 ) ) ;
#5133 = DIRECTION ( 'NONE',  ( 1.334402673828313339E-16, -1.000000000000000000, -0.000000000000000000 ) ) ;
#5134 = CARTESIAN_POINT ( 'NONE',  ( -50.42500000095590451, -12.80829037686545746, 8.000000000000000000 ) ) ;
#5135 = DIRECTION ( 'NONE',  ( 0.000000000000000000, 0.000000000000000000, 1.000000000000000000 ) ) ;
#5136 = CARTESIAN_POINT ( 'NONE',  ( -51.78854166714462792, -11.22971971806781255, 7.555278471875000790 ) ) ;
#5137 = ORIENTED_EDGE ( 'NONE', *, *, #5061, .F. ) ;
#5138 = VERTEX_POINT ( 'NONE', #2582 ) ;
#5139 = LINE ( 'NONE', #19, #3602 ) ;
#5140 = CARTESIAN_POINT ( 'NONE',  ( 51.29727616938897938, 12.80284271373162497, 8.000000000000000000 ) ) ;
#5141 = CARTESIAN_POINT ( 'NONE',  ( 50.43229166714463929, 12.77028028193216080, 8.444721528124984999 ) ) ;
#5142 = CARTESIAN_POINT ( 'NONE',  ( 51.38750000000000284, -12.80829037686545746, 8.000000000000000000 ) ) ;
#5143 = CARTESIAN_POINT ( 'NONE',  ( -50.59999999999998010, 12.00000000000025757, 7.299999999999998934 ) ) ;
#5144 = CARTESIAN_POINT ( 'NONE',  ( 51.29270833381136185, 11.48647981204523738, 7.110556943750000691 ) ) ;
#5145 = EDGE_LOOP ( 'NONE', ( #6074, #3121, #1675, #5137 ) ) ;
#5146 = ORIENTED_EDGE ( 'NONE', *, *, #1077, .F. ) ;
#5147 = CARTESIAN_POINT ( 'NONE',  ( 50.43229166714461797, -11.22971971806781255, 8.444721528125000987 ) ) ;
#5148 = CARTESIAN_POINT ( 'NONE',  ( 50.33020833381129222, 12.77028028193218745, 7.555278471875000790 ) ) ;
#5149 = CARTESIAN_POINT ( 'NONE',  ( -50.54166666762257876, 12.40414518843277136, 8.699999999999976197 ) ) ;
#5150 = CARTESIAN_POINT ( 'NONE',  ( 44.99999999999999289, -22.99999999999998224, 10.00000000000000178 ) ) ;
#5151 = CARTESIAN_POINT ( 'NONE',  ( -51.64270833381129222, 11.48647981204523738, 8.889443056249998421 ) ) ;
#5152 = CARTESIAN_POINT ( 'NONE',  ( -50.19276041666188348, 12.60457715765629239, 7.650947215281250102 ) ) ;
#5153 = DIRECTION ( 'NONE',  ( 0.000000000000000000, 0.000000000000000000, 1.000000000000000000 ) ) ;
#5154 = AXIS2_PLACEMENT_3D ( 'NONE', #5761, #6332, #710 ) ;
#5155 = CARTESIAN_POINT ( 'NONE',  ( 51.39999999999999147, -12.00815067340503184, 9.526943859230120992 ) ) ;
#5156 = DIRECTION ( 'NONE',  ( 1.000000000000000000, 1.334402673828313339E-16, 0.000000000000000000 ) ) ;
#5157 = CARTESIAN_POINT ( 'NONE',  ( 50.72395833381128227, 12.77028028193218745, 7.555278471875000790 ) ) ;
#5158 = CYLINDRICAL_SURFACE ( 'NONE', #3742, 0.6999999999999992895 ) ;
#5159 = ADVANCED_FACE ( 'NONE', ( #4638 ), #6336, .F. ) ;
#5160 = CARTESIAN_POINT ( 'NONE',  ( -51.13229166714462082, -11.22971971806781255, 7.555278471875000790 ) ) ;
#5161 = EDGE_CURVE ( 'NONE', #4637, #4852, #962, .T. ) ;
#5162 = ORIENTED_EDGE ( 'NONE', *, *, #3673, .T. ) ;
#5163 = CARTESIAN_POINT ( 'NONE',  ( 50.51359374999521634, 12.80610287687505355, 8.000000000000000000 ) ) ;
#5164 = LINE ( 'NONE', #6165, #6138 ) ;
#5165 = CARTESIAN_POINT ( 'NONE',  ( -50.01279771966238741, 11.35166934791795690, 8.308170453639201369 ) ) ;
#5166 = DIRECTION ( 'NONE',  ( -1.000000000000000000, 0.000000000000000000, 0.000000000000000000 ) ) ;
#5167 = CARTESIAN_POINT ( 'NONE',  ( -51.23437500047801052, -13.02704037590954478, 8.000000000000000000 ) ) ;
#5168 = CARTESIAN_POINT ( 'NONE',  ( -50.89895833381128654, -12.77028028193215548, 7.555278471875000790 ) ) ;
#5169 = ORIENTED_EDGE ( 'NONE', *, *, #3812, .F. ) ;
#5170 = EDGE_LOOP ( 'NONE', ( #456, #3465, #5297, #2172 ) ) ;
#5171 = CARTESIAN_POINT ( 'NONE',  ( 51.55977616938897512, 12.00000000000001776, 7.304717814665191433 ) ) ;
#5172 = CARTESIAN_POINT ( 'NONE',  ( -51.89062500047795368, 12.00000000000001776, 7.110556943750000691 ) ) ;
#5173 = CARTESIAN_POINT ( 'NONE',  ( 50.69479166714462082, -11.48647981204520363, 7.110556943749999803 ) ) ;
#5174 = CARTESIAN_POINT ( 'NONE',  ( -51.67187500047795368, -11.99999999999998224, 8.889443056249998421 ) ) ;
#5175 = CARTESIAN_POINT ( 'NONE',  ( -4.449999999999995737, 28.00000000000001066, 0.9000000000000005773 ) ) ;
#5176 = VERTEX_POINT ( 'NONE', #5255 ) ;
#5177 = CARTESIAN_POINT ( 'NONE',  ( 49.88078592025376423, -12.90305630419711846, 7.959427372266068446 ) ) ;
#5178 = CARTESIAN_POINT ( 'NONE',  ( 50.27187500047795510, 12.00000000000001776, 7.110556943750000691 ) ) ;
#5179 = CARTESIAN_POINT ( 'NONE',  ( -50.68750000095591446, 12.00000000000001776, 7.300000000000000711 ) ) ;
#5180 = CARTESIAN_POINT ( 'NONE',  ( -50.00000000000001421, 11.52992131668865916, 8.619726826936361164 ) ) ;
#5181 = AXIS2_PLACEMENT_3D ( 'NONE', #317, #2368, #6474 ) ;
#5182 = CARTESIAN_POINT ( 'NONE',  ( -51.78854166714462792, 12.77028028193218745, 7.555278471875000790 ) ) ;
#5183 = CARTESIAN_POINT ( 'NONE',  ( -51.29999999999999716, 12.00000000000001776, 7.300000000000000711 ) ) ;
#5184 = PLANE ( 'NONE',  #5688 ) ;
#5185 = AXIS2_PLACEMENT_3D ( 'NONE', #4665, #13, #4698 ) ;
#5186 = CARTESIAN_POINT ( 'NONE',  ( 49.84735538829207258, -12.86714286183446276, 7.802080300422500336 ) ) ;
#5187 = DIRECTION ( 'NONE',  ( 0.000000000000000000, -0.000000000000000000, -1.000000000000000000 ) ) ;
#5188 = CARTESIAN_POINT ( 'NONE',  ( -35.58578643762689353, 20.00000000000002132, -10.80148828668983896 ) ) ;
#5189 = DIRECTION ( 'NONE',  ( 0.000000000000000000, 0.000000000000000000, -1.000000000000000000 ) ) ;
#5190 = CARTESIAN_POINT ( 'NONE',  ( -49.97983876965631822, -12.73897447426807616, 7.908065235875682220 ) ) ;
#5191 = EDGE_CURVE ( 'NONE', #3846, #5634, #638, .T. ) ;
#5192 = EDGE_CURVE ( 'NONE', #2456, #5847, #2741, .T. ) ;
#5193 = EDGE_CURVE ( 'NONE', #2581, #3451, #1729, .T. ) ;
#5194 = ORIENTED_EDGE ( 'NONE', *, *, #4171, .T. ) ;
#5195 = CARTESIAN_POINT ( 'NONE',  ( 51.56359374999522061, 12.80610287687505355, 8.000000000000000000 ) ) ;
#5196 = CARTESIAN_POINT ( 'NONE',  ( 51.14687500047796220, -11.99999999999998224, 8.889443056250000197 ) ) ;
#5197 = CARTESIAN_POINT ( 'NONE',  ( -14.64999999999999680, 33.00000000000000000, 0.2782140559721966722 ) ) ;
#5198 = CARTESIAN_POINT ( 'NONE',  ( -49.99999999999998579, 0.000000000000000000, 10.00000000000000000 ) ) ;
#5199 = FACE_OUTER_BOUND ( 'NONE', #1931, .T. ) ;
#5200 = CARTESIAN_POINT ( 'NONE',  ( -50.08229166714461655, -11.22971971806781255, 7.555278471875000790 ) ) ;
#5201 = VERTEX_POINT ( 'NONE', #2778 ) ;
#5202 = VERTEX_POINT ( 'NONE', #818 ) ;
#5203 = CARTESIAN_POINT ( 'NONE',  ( 50.07227616938898507, 11.19715728626841056, 8.000000000000000000 ) ) ;
#5204 = CARTESIAN_POINT ( 'NONE',  ( -51.99999999999999289, 23.00000000000000355, -30.00000000000000000 ) ) ;
#5205 = CARTESIAN_POINT ( 'NONE',  ( 51.39479166714462366, -11.48647981204520363, 7.110556943749999803 ) ) ;
#5206 = CARTESIAN_POINT ( 'NONE',  ( -4.449999999999995737, 33.00000000000000000, -0.5999999999999992006 ) ) ;
#5207 = CARTESIAN_POINT ( 'NONE',  ( 50.56354166714469756, 11.22971971806784808, 7.555278471875000790 ) ) ;
#5208 =( BOUNDED_CURVE ( )  B_SPLINE_CURVE ( 2, ( #5632, #6645, #4596, #5134, #3149, #4093, #2577 ),
 .UNSPECIFIED., .F., .F. ) 
 B_SPLINE_CURVE_WITH_KNOTS ( ( 3, 2, 2, 3 ),
 ( 0.5833333333333318160, 0.6111111111111098282, 0.6388888888888878403, 0.6666666666666658525 ),
 .UNSPECIFIED. ) 
 CURVE ( )  GEOMETRIC_REPRESENTATION_ITEM ( )  RATIONAL_B_SPLINE_CURVE ( ( 1.000000000000007550, 0.8660254037844311581, 1.000000000000000000, 0.8660254037844387076, 1.000000000000000000, 0.8660254037844424824, 0.9999999999999962252 ) ) 
 REPRESENTATION_ITEM ( '' )  );
#5209 = ORIENTED_EDGE ( 'NONE', *, *, #4413, .F. ) ;
#5210 = AXIS2_PLACEMENT_3D ( 'NONE', #4990, #4516, #375 ) ;
#5211 = ORIENTED_EDGE ( 'NONE', *, *, #5098, .T. ) ;
#5212 = CYLINDRICAL_SURFACE ( 'NONE', #5717, 0.6999999999999992895 ) ;
#5213 = CARTESIAN_POINT ( 'NONE',  ( 50.70937500047796220, 13.02704037590958031, 8.000000000000000000 ) ) ;
#5214 = CARTESIAN_POINT ( 'NONE',  ( 50.22083333333332433, -11.59585481156724285, 8.699999999999993960 ) ) ;
#5215 = CARTESIAN_POINT ( 'NONE',  ( 52.00000000000000000, 12.00000000000001776, 7.300000000000000711 ) ) ;
#5216 = CARTESIAN_POINT ( 'NONE',  ( -50.59270833381129506, 11.48647981204523738, 8.889443056249998421 ) ) ;
#5217 = CARTESIAN_POINT ( 'NONE',  ( -52.00000000000000000, 12.00000000000001776, 7.300000000000000711 ) ) ;
#5218 = CIRCLE ( 'NONE', #2095, 1.000000000000000888 ) ;
#5219 = VECTOR ( 'NONE', #5493, 1000.000000000000000 ) ;
#5220 = FACE_BOUND ( 'NONE', #1664, .T. ) ;
#5221 = CARTESIAN_POINT ( 'NONE',  ( 36.00000000000001421, 19.00000000000001776, -11.16545852095604019 ) ) ;
#5222 = CARTESIAN_POINT ( 'NONE',  ( 50.80416666762258160, -12.60621778264908954, 7.650000000000000355 ) ) ;
#5223 = CARTESIAN_POINT ( 'NONE',  ( 52.00000000000000000, 12.00000000000001776, 8.699999999999999289 ) ) ;
#5224 = CARTESIAN_POINT ( 'NONE',  ( -50.45416666666665861, -11.59585481156724462, 8.700000000000001066 ) ) ;
#5225 = CARTESIAN_POINT ( 'NONE',  ( 51.03749912693133695, -11.99998789058271598, 8.699999999895258185 ) ) ;
#5226 = LINE ( 'NONE', #4122, #1748 ) ;
#5227 = CARTESIAN_POINT ( 'NONE',  ( 52.00000000000000000, -11.99999999999998224, 8.000000000000000000 ) ) ;
#5228 = DIRECTION ( 'NONE',  ( -1.000000000000000000, 0.000000000000000000, 0.000000000000000000 ) ) ;
#5229 = CARTESIAN_POINT ( 'NONE',  ( -50.60729166714462224, -12.77028028193215370, 8.444721528125000987 ) ) ;
#5230 = ORIENTED_EDGE ( 'NONE', *, *, #2489, .T. ) ;
#5231 = ORIENTED_EDGE ( 'NONE', *, *, #2410, .T. ) ;
#5232 = FACE_OUTER_BOUND ( 'NONE', #5677, .T. ) ;
#5233 = CARTESIAN_POINT ( 'NONE',  ( -51.86145833381129222, 12.51352018795479815, 7.110556943749999803 ) ) ;
#5234 = CARTESIAN_POINT ( 'NONE',  ( 51.10312500047795936, -10.97295962409042147, 8.000000000000000000 ) ) ;
#5235 = CARTESIAN_POINT ( 'NONE',  ( -45.00000000000000000, -29.00000000000001421, -30.00000000000000000 ) ) ;
#5236 = CARTESIAN_POINT ( 'NONE',  ( 51.11770833381135759, 12.51352018795479815, 8.889443056250000197 ) ) ;
#5237 = EDGE_CURVE ( 'NONE', #2004, #6139, #3530, .T. ) ;
#5238 = ORIENTED_EDGE ( 'NONE', *, *, #960, .T. ) ;
#5239 = CIRCLE ( 'NONE', #6539, 0.6999999999999992895 ) ;
#5240 = VERTEX_POINT ( 'NONE', #1258 ) ;
#5241 = CARTESIAN_POINT ( 'NONE',  ( 51.39999999999997726, 12.26710539870869887, 7.172956698789086261 ) ) ;
#5242 = CARTESIAN_POINT ( 'NONE',  ( 51.20520833381129222, 11.22971971806784630, 8.444721528124999210 ) ) ;
#5243 = CARTESIAN_POINT ( 'NONE',  ( 50.91354166714462082, 11.22971971806784808, 7.555278471875000790 ) ) ;
#5244 =( BOUNDED_CURVE ( )  B_SPLINE_CURVE ( 2, ( #3576, #506, #2662, #70, #4689, #2564, #533 ),
 .UNSPECIFIED., .F., .F. ) 
 B_SPLINE_CURVE_WITH_KNOTS ( ( 3, 2, 2, 3 ),
 ( 0.6666666666666658525, 0.6944444444444438647, 0.7222222222222219878, 0.7500000000000000000 ),
 .UNSPECIFIED. ) 
 CURVE ( )  GEOMETRIC_REPRESENTATION_ITEM ( )  RATIONAL_B_SPLINE_CURVE ( ( 1.000000000000003775, 0.8660254037844349329, 1.000000000000000000, 0.8660254037844387076, 1.000000000000000000, 0.8660254037844387076, 1.000000000000000000 ) ) 
 REPRESENTATION_ITEM ( '' )  );
#5245 = CARTESIAN_POINT ( 'NONE',  ( -51.41666666666666430, 11.39378221735091223, 8.349999999999999645 ) ) ;
#5246 = CARTESIAN_POINT ( 'NONE',  ( 49.85592728140355234, -12.83731126702205927, 7.671379543732107287 ) ) ;
#5247 = CARTESIAN_POINT ( 'NONE',  ( -50.33750000095591304, 12.00000000000001776, 7.300000000000000711 ) ) ;
#5248 = CARTESIAN_POINT ( 'NONE',  ( 50.85520833381135475, -12.77028028193215548, 8.444721528124999210 ) ) ;
#5249 = CARTESIAN_POINT ( 'NONE',  ( 50.74583333428924448, -12.60621778264908954, 8.349999999999999645 ) ) ;
#5250 = CARTESIAN_POINT ( 'NONE',  ( 51.09310950253896522, -12.60213203502367030, 8.347641092508624183 ) ) ;
#5251 = CARTESIAN_POINT ( 'NONE',  ( -50.57083333333332575, -11.59585481156724462, 7.300000000000000711 ) ) ;
#5252 = DIRECTION ( 'NONE',  ( -1.000000000000000000, 0.000000000000000000, 0.000000000000000000 ) ) ;
#5253 = ORIENTED_EDGE ( 'NONE', *, *, #98, .T. ) ;
#5254 = CARTESIAN_POINT ( 'NONE',  ( 50.92192708332855489, 12.40305143843753477, 8.698105569437499796 ) ) ;
#5255 = CARTESIAN_POINT ( 'NONE',  ( 50.77499999999898961, 11.99999999998594191, 7.299999999999998934 ) ) ;
#5256 = CARTESIAN_POINT ( 'NONE',  ( 50.91354166714462082, -12.77028028193215370, 7.555278471875000790 ) ) ;
#5257 = CARTESIAN_POINT ( 'NONE',  ( 50.07499999999998153, -12.00000000000017408, 7.300000000000000711 ) ) ;
#5258 = CARTESIAN_POINT ( 'NONE',  ( -50.13333333333332575, -11.39378221735087493, 8.350000000000001421 ) ) ;
#5259 = DIRECTION ( 'NONE',  ( -1.000000000000000000, 0.000000000000000000, 0.000000000000000000 ) ) ;
#5260 = CARTESIAN_POINT ( 'NONE',  ( -50.72395833381128227, -11.22971971806781255, 8.444721528124999210 ) ) ;
#5261 = VERTEX_POINT ( 'NONE', #4869 ) ;
#5262 = EDGE_LOOP ( 'NONE', ( #3589, #5307, #184, #9, #5253, #198, #6526, #1504 ) ) ;
#5263 = ORIENTED_EDGE ( 'NONE', *, *, #614, .F. ) ;
#5264 = CARTESIAN_POINT ( 'NONE',  ( 50.62644283605564510, 12.60213203529872317, 8.347641092667403839 ) ) ;
#5265 = CARTESIAN_POINT ( 'NONE',  ( -50.31562500047795083, 12.00000000000001776, 8.889443056250000197 ) ) ;
#5266 = CARTESIAN_POINT ( 'NONE',  ( -51.88442708332854636, -11.39542284234370761, 8.349052784718749010 ) ) ;
#5267 = CARTESIAN_POINT ( 'NONE',  ( 50.54895833381129222, -12.77028028193215548, 8.444721528124999210 ) ) ;
#5268 = CARTESIAN_POINT ( 'NONE',  ( -35.58578643762689353, 13.00000000000001954, -11.22092438160143324 ) ) ;
#5269 = DIRECTION ( 'NONE',  ( -0.000000000000000000, 0.000000000000000000, -1.000000000000000000 ) ) ;
#5270 = ORIENTED_EDGE ( 'NONE', *, *, #5728, .F. ) ;
#5271 = EDGE_CURVE ( 'NONE', #2928, #2144, #6514, .T. ) ;
#5272 = EDGE_LOOP ( 'NONE', ( #2858, #117, #6579, #3292 ) ) ;
#5273 = CARTESIAN_POINT ( 'NONE',  ( 52.00000000000000000, 12.00000000000001776, 8.000000000000000000 ) ) ;
#5274 = CARTESIAN_POINT ( 'NONE',  ( -51.39999999999999858, 12.87788115970779579, 8.142946212756649871 ) ) ;
#5275 = EDGE_CURVE ( 'NONE', #5634, #1881, #1034, .T. ) ;
#5276 = CARTESIAN_POINT ( 'NONE',  ( 50.10416666666642271, -11.59585481156897657, 7.299999999997004885 ) ) ;
#5277 = CARTESIAN_POINT ( 'NONE',  ( 50.51250000095591730, 12.00000000000001776, 7.300000000000000711 ) ) ;
#5278 = CARTESIAN_POINT ( 'NONE',  ( -50.79687500047795368, 12.00000000000001776, 7.110556943750001579 ) ) ;
#5279 = CARTESIAN_POINT ( 'NONE',  ( -50.48333333333333428, 12.60621778264912329, 8.349999999999999645 ) ) ;
#5280 = AXIS2_PLACEMENT_3D ( 'NONE', #924, #4448, #6461 ) ;
#5281 = CARTESIAN_POINT ( 'NONE',  ( 51.65729166714461940, 11.22971971806784808, 7.555278471875000790 ) ) ;
#5282 = CARTESIAN_POINT ( 'NONE',  ( 51.39999999999998437, 12.83972920572413834, 7.622749702074419709 ) ) ;
#5283 = CARTESIAN_POINT ( 'NONE',  ( 51.39999999999999147, -11.12211884029217757, 7.857053787243505560 ) ) ;
#5284 = VECTOR ( 'NONE', #1285, 1000.000000000000000 ) ;
#5285 = CARTESIAN_POINT ( 'NONE',  ( 51.39999999999999858, -11.91714423613201390, 8.776363073187344099 ) ) ;
#5286 = CARTESIAN_POINT ( 'NONE',  ( 50.83442708332854920, -11.39542284234370761, 7.650947215281250102 ) ) ;
#5287 = CARTESIAN_POINT ( 'NONE',  ( -51.04479166714461513, -11.48647981204520363, 8.889443056249998421 ) ) ;
#5288 = CARTESIAN_POINT ( 'NONE',  ( 4.750000000000004441, 28.00000000000001066, -30.00000000000000000 ) ) ;
#5289 = VERTEX_POINT ( 'NONE', #2303 ) ;
#5290 = CARTESIAN_POINT ( 'NONE',  ( 51.88333333333333286, 12.60621778264912329, 7.650000000000000355 ) ) ;
#5291 = CARTESIAN_POINT ( 'NONE',  ( 50.44687500047795936, -11.99999999999998224, 8.889443056250000197 ) ) ;
#5292 = CYLINDRICAL_SURFACE ( 'NONE', #4105, 1.499999999999999556 ) ;
#5293 = CARTESIAN_POINT ( 'NONE',  ( -50.51979166714463076, -12.51352018795474486, 7.110556943750030001 ) ) ;
#5294 = CARTESIAN_POINT ( 'NONE',  ( -50.56354166714468334, -12.77028028193215370, 8.444721528124999210 ) ) ;
#5295 = CARTESIAN_POINT ( 'NONE',  ( -51.26354166714462934, -12.77028028193215370, 8.444721528124999210 ) ) ;
#5296 = ORIENTED_EDGE ( 'NONE', *, *, #2086, .F. ) ;
#5297 = ORIENTED_EDGE ( 'NONE', *, *, #5994, .F. ) ;
#5298 = EDGE_LOOP ( 'NONE', ( #443, #3942, #6244, #3411 ) ) ;
#5299 = CARTESIAN_POINT ( 'NONE',  ( 49.75144283605564510, 11.39786796470131236, 7.652358907332596161 ) ) ;
#5300 = CARTESIAN_POINT ( 'NONE',  ( -49.99479166714461797, 12.51352018795479815, 8.889443056249998421 ) ) ;
#5301 = CARTESIAN_POINT ( 'NONE',  ( -50.74692708332855773, -12.40305143843749924, 8.698105569437499796 ) ) ;
#5302 = CARTESIAN_POINT ( 'NONE',  ( 50.33750000000000568, -12.80829037686545746, 8.000000000000000000 ) ) ;
#5303 = CARTESIAN_POINT ( 'NONE',  ( -51.00104166714462650, -11.48647981204520363, 8.889443056249998421 ) ) ;
#5304 = CARTESIAN_POINT ( 'NONE',  ( -50.42499999999993321, 11.99999999999907985, 8.699999999999999289 ) ) ;
#5305 = VERTEX_POINT ( 'NONE', #2814 ) ;
#5306 = CIRCLE ( 'NONE', #147, 6.999999999999999112 ) ;
#5307 = ORIENTED_EDGE ( 'NONE', *, *, #4255, .T. ) ;
#5308 = CARTESIAN_POINT ( 'NONE',  ( -3.449999999999995737, 28.00000000000001066, -0.5999999999999989786 ) ) ;
#5309 = CARTESIAN_POINT ( 'NONE',  ( 51.38750463519299672, 11.99993578909923286, 8.699999997054970180 ) ) ;
#5310 = CARTESIAN_POINT ( 'NONE',  ( 51.20520833381129222, 11.22971971806784630, 8.444721528124999210 ) ) ;
#5311 = CARTESIAN_POINT ( 'NONE',  ( -50.09687500047795794, 12.00000000000001776, 7.110556943750001579 ) ) ;
#5312 = CARTESIAN_POINT ( 'NONE',  ( -51.86145833381129222, 12.51352018795479815, 7.110556943749999803 ) ) ;
#5313 = ADVANCED_FACE ( 'NONE', ( #4972 ), #1765, .F. ) ;
#5314 = EDGE_CURVE ( 'NONE', #5113, #696, #4782, .T. ) ;
#5315 = CARTESIAN_POINT ( 'NONE',  ( 51.33645833381128654, 11.48647981204523738, 7.110556943749999803 ) ) ;
#5316 = CARTESIAN_POINT ( 'NONE',  ( -50.36666666762257449, 11.59585481156727305, 7.300000000000012257 ) ) ;
#5317 = CARTESIAN_POINT ( 'NONE',  ( 51.32187500047803042, -11.99999999999998224, 7.110556943750000691 ) ) ;
#5318 = CARTESIAN_POINT ( 'NONE',  ( 50.59999999999998721, 12.00000000000025224, 8.699999999999995737 ) ) ;
#5319 = CARTESIAN_POINT ( 'NONE',  ( 51.27192708332854920, -11.59694856156246701, 8.698105569437499796 ) ) ;
#5320 = CARTESIAN_POINT ( 'NONE',  ( -50.57812500047795368, -13.02704037590954478, 8.000000000000000000 ) ) ;
#5321 = CIRCLE ( 'NONE', #56, 0.6999999999999992895 ) ;
#5322 = CARTESIAN_POINT ( 'NONE',  ( 48.51471862576141802, -29.00000000000002132, -29.63602976573380943 ) ) ;
#5323 = ADVANCED_FACE ( 'NONE', ( #1806 ), #4402, .F. ) ;
#5324 =( BOUNDED_CURVE ( )  B_SPLINE_CURVE ( 3, ( #6077, #2895, #5577, #957 ),
 .UNSPECIFIED., .F., .F. ) 
 B_SPLINE_CURVE_WITH_KNOTS ( ( 4, 4 ),
 ( 3.141592653589793116, 4.712388980384689674 ),
 .UNSPECIFIED. ) 
 CURVE ( )  GEOMETRIC_REPRESENTATION_ITEM ( )  RATIONAL_B_SPLINE_CURVE ( ( 1.000000000000000000, 0.8047378541243649375, 0.8047378541243649375, 1.000000000000000000 ) ) 
 REPRESENTATION_ITEM ( '' )  );
#5325 = LINE ( 'NONE', #4055, #2638 ) ;
#5326 = CARTESIAN_POINT ( 'NONE',  ( 50.00157177205404224, 11.31939093324283263, 7.844685208922109965 ) ) ;
#5327 = CARTESIAN_POINT ( 'NONE',  ( -51.39999999999999147, 12.00000000000001776, 8.000000000000000000 ) ) ;
#5328 = CARTESIAN_POINT ( 'NONE',  ( 51.53333333428924590, -12.40414518843271985, 7.300000000000000711 ) ) ;
#5329 = CARTESIAN_POINT ( 'NONE',  ( -50.04583333428924874, -12.60621778264908954, 7.650000000000001243 ) ) ;
#5330 = CARTESIAN_POINT ( 'NONE',  ( -50.06358676765593430, -12.15814638638792644, 8.699999999999956657 ) ) ;
#5331 = CARTESIAN_POINT ( 'NONE',  ( -50.18437500047801336, -13.02704037590954478, 8.000000000000000000 ) ) ;
#5332 = CARTESIAN_POINT ( 'NONE',  ( -50.65104166714462508, -11.48647981204520363, 8.889443056249998421 ) ) ;
#5333 = ORIENTED_EDGE ( 'NONE', *, *, #6297, .F. ) ;
#5334 = VERTEX_POINT ( 'NONE', #1842 ) ;
#5335 = ORIENTED_EDGE ( 'NONE', *, *, #3436, .T. ) ;
#5336 = LINE ( 'NONE', #2312, #2094 ) ;
#5337 = CARTESIAN_POINT ( 'NONE',  ( -50.37395833381128796, 12.77028028193218745, 8.444721528124999210 ) ) ;
#5338 = CARTESIAN_POINT ( 'NONE',  ( -50.65942708332855204, -12.60457715765625863, 7.650947215281250990 ) ) ;
#5339 = CARTESIAN_POINT ( 'NONE',  ( 50.22812500047795936, -13.02704037590954478, 8.000000000000000000 ) ) ;
#5340 = CARTESIAN_POINT ( 'NONE',  ( -51.03020833381129506, -11.22971971806781255, 8.444721528124999210 ) ) ;
#5341 = CARTESIAN_POINT ( 'NONE',  ( 50.33020833381136327, 12.77028028193218745, 7.555278471875000790 ) ) ;
#5342 = CARTESIAN_POINT ( 'NONE',  ( -50.75312500047796505, 13.02704037590955011, 8.000000000000000000 ) ) ;
#5343 = ORIENTED_EDGE ( 'NONE', *, *, #5535, .T. ) ;
#5344 = ORIENTED_EDGE ( 'NONE', *, *, #4549, .T. ) ;
#5345 = CARTESIAN_POINT ( 'NONE',  ( -3.449999999999995737, 28.00000000000001066, 1.900000000000000577 ) ) ;
#5346 = VECTOR ( 'NONE', #675, 1000.000000000000000 ) ;
#5347 = CARTESIAN_POINT ( 'NONE',  ( -50.39583333333323623, -12.40414518843336111, 8.699999999998887290 ) ) ;
#5348 = CARTESIAN_POINT ( 'NONE',  ( 51.32187500047795936, 12.00000000000001776, 7.110556943750000691 ) ) ;
#5349 = CARTESIAN_POINT ( 'NONE',  ( -49.95104166714462224, 12.51352018795479815, 8.889443056249998421 ) ) ;
#5350 = CARTESIAN_POINT ( 'NONE',  ( -50.01666666666666572, 11.39378221735091223, 8.349999999999999645 ) ) ;
#5351 = ORIENTED_EDGE ( 'NONE', *, *, #834, .F. ) ;
#5352 = VECTOR ( 'NONE', #2376, 1000.000000000000000 ) ;
#5353 = CARTESIAN_POINT ( 'NONE',  ( 44.99999999999999289, 28.00000000000001776, 10.00000000000000178 ) ) ;
#5354 = CARTESIAN_POINT ( 'NONE',  ( 44.99999999999999289, -23.00000000000001776, -30.00000000000000000 ) ) ;
#5355 = CARTESIAN_POINT ( 'NONE',  ( 50.27187500047801905, -11.99999999999998224, 7.110556943750000691 ) ) ;
#5356 = CARTESIAN_POINT ( 'NONE',  ( 3.736327486719275969E-15, -27.99999999999998934, 10.00000000000000000 ) ) ;
#5357 = CARTESIAN_POINT ( 'NONE',  ( 51.88442708332854636, -11.39542284234370761, 7.650947215281250102 ) ) ;
#5358 = B_SPLINE_CURVE_WITH_KNOTS ( 'NONE', 3,
 ( #5088, #5620, #1988, #6004, #2401, #2941, #1447, #5558 ),
 .UNSPECIFIED., .F., .F.,
 ( 4, 2, 2, 4 ),
 ( 0.000000000000000000, 0.0007829103231971216775, 0.001174365484795680510, 0.001565820646394239235 ),
 .UNSPECIFIED. ) ;
#5359 = CARTESIAN_POINT ( 'NONE',  ( -50.69479166714462082, -11.48647981204520363, 8.889443056249998421 ) ) ;
#5360 = CARTESIAN_POINT ( 'NONE',  ( 44.99999999999998579, -27.99999999999998224, -26.14370398651577077 ) ) ;
#5361 = ADVANCED_FACE ( 'NONE', ( #5396 ), #2408, .F. ) ;
#5362 = ORIENTED_EDGE ( 'NONE', *, *, #4926, .T. ) ;
#5363 = CARTESIAN_POINT ( 'NONE',  ( 50.25109374999521350, 12.00000000000001776, 8.698105569437499796 ) ) ;
#5364 = CARTESIAN_POINT ( 'NONE',  ( -50.86249999999960636, 12.80829037686627814, 8.000000000000000000 ) ) ;
#5365 = ADVANCED_FACE ( 'NONE', ( #3899 ), #2917, .F. ) ;
#5366 = CARTESIAN_POINT ( 'NONE',  ( 51.35833333428924874, -11.59585481156724462, 8.700000000000001066 ) ) ;
#5367 = CARTESIAN_POINT ( 'NONE',  ( -51.00000000000000000, -29.00000000000001421, -28.63602976573380943 ) ) ;
#5368 = CARTESIAN_POINT ( 'NONE',  ( -50.86250000095591162, -11.99999999999998224, 8.699999999999999289 ) ) ;
#5369 = CARTESIAN_POINT ( 'NONE',  ( -50.95000000000002416, -12.00000000000043165, 7.300000000000002487 ) ) ;
#5370 = CARTESIAN_POINT ( 'NONE',  ( -49.95104166714462224, -11.48647981204520363, 8.889443056249998421 ) ) ;
#5371 = ORIENTED_EDGE ( 'NONE', *, *, #2372, .F. ) ;
#5372 = ORIENTED_EDGE ( 'NONE', *, *, #4208, .F. ) ;
#5373 = CARTESIAN_POINT ( 'NONE',  ( 51.77395833381128654, -11.22971971806781255, 7.555278471875000790 ) ) ;
#5374 = CARTESIAN_POINT ( 'NONE',  ( -51.70104166714462224, 12.51352018795479815, 8.889443056249998421 ) ) ;
#5375 = CARTESIAN_POINT ( 'NONE',  ( -50.57192708332854636, -11.59694856156246701, 7.301894430562501093 ) ) ;
#5376 = CARTESIAN_POINT ( 'NONE',  ( 50.02395833381128654, -11.22971971806781255, 7.555278471875000790 ) ) ;
#5377 = CARTESIAN_POINT ( 'NONE',  ( -51.14687500047796220, -11.99999999999998224, 7.110556943750001579 ) ) ;
#5378 = CARTESIAN_POINT ( 'NONE',  ( 50.16250000101766915, 11.99999999733931588, 7.300000000000000711 ) ) ;
#5379 = CARTESIAN_POINT ( 'NONE',  ( -51.24895833381130217, 11.22971971806786939, 7.555278471875015001 ) ) ;
#5380 = ORIENTED_EDGE ( 'NONE', *, *, #4702, .T. ) ;
#5381 = VERTEX_POINT ( 'NONE', #3932 ) ;
#5382 = PRESENTATION_STYLE_ASSIGNMENT (( #4923 ) ) ;
#5383 = CARTESIAN_POINT ( 'NONE',  ( 35.58578643762692195, 13.00000000000001776, -13.34927992655325824 ) ) ;
#5384 = CYLINDRICAL_SURFACE ( 'NONE', #4043, 6.999999999999999112 ) ;
#5385 = CARTESIAN_POINT ( 'NONE',  ( -50.89166666762258728, 12.40414518843275538, 8.700000000000001066 ) ) ;
#5386 = CARTESIAN_POINT ( 'NONE',  ( -49.97983876965632533, 11.26102552573192028, 7.908065235875676890 ) ) ;
#5387 = ORIENTED_EDGE ( 'NONE', *, *, #5061, .T. ) ;
#5388 = LINE ( 'NONE', #775, #2427 ) ;
#5389 = CARTESIAN_POINT ( 'NONE',  ( 50.12604166714469756, -12.51352018795476440, 8.889443056250000197 ) ) ;
#5390 = CARTESIAN_POINT ( 'NONE',  ( 50.48333333333333428, 12.60621778264912152, 7.650000000000000355 ) ) ;
#5391 = CARTESIAN_POINT ( 'NONE',  ( 51.33026041666189343, -12.40305143843749924, 8.698105569437499796 ) ) ;
#5392 = CARTESIAN_POINT ( 'NONE',  ( -49.99479166714461797, -11.48647981204520363, 8.889443056249998421 ) ) ;
#5393 = FACE_OUTER_BOUND ( 'NONE', #1081, .T. ) ;
#5394 = CARTESIAN_POINT ( 'NONE',  ( 52.00000000000000000, 23.00000000000002487, -10.70957758389122461 ) ) ;
#5395 = CARTESIAN_POINT ( 'NONE',  ( 51.76666666666666572, 11.39378221735091223, 7.650000000000000355 ) ) ;
#5396 = FACE_OUTER_BOUND ( 'NONE', #5919, .T. ) ;
#5397 = CARTESIAN_POINT ( 'NONE',  ( 51.15416666762258302, -12.60621778264908954, 7.650000000000000355 ) ) ;
#5398 = ORIENTED_EDGE ( 'NONE', *, *, #2738, .T. ) ;
#5399 = LINE ( 'NONE', #4368, #1416 ) ;
#5400 = CARTESIAN_POINT ( 'NONE',  ( -51.16145833381130359, -11.48647981204522139, 7.110556943750030001 ) ) ;
#5401 = CARTESIAN_POINT ( 'NONE',  ( 51.40000000000000568, 12.51172035390604265, 7.272503450379568690 ) ) ;
#5402 = CARTESIAN_POINT ( 'NONE',  ( -51.29270833381129080, -12.51352018795476262, 8.889443056249998421 ) ) ;
#5403 = EDGE_CURVE ( 'NONE', #4417, #2165, #713, .T. ) ;
#5404 = ORIENTED_EDGE ( 'NONE', *, *, #6353, .F. ) ;
#5405 = EDGE_CURVE ( 'NONE', #2320, #4710, #6373, .T. ) ;
#5406 = EDGE_CURVE ( 'NONE', #4262, #3496, #1293, .T. ) ;
#5407 = ORIENTED_EDGE ( 'NONE', *, *, #4749, .F. ) ;
#5408 = CARTESIAN_POINT ( 'NONE',  ( -51.21979166714461940, 11.48647981204523560, 7.110556943749999803 ) ) ;
#5409 = CARTESIAN_POINT ( 'NONE',  ( -50.22192708332855915, -11.59694856156246701, 7.301894430562501093 ) ) ;
#5410 = CARTESIAN_POINT ( 'NONE',  ( 50.68750000095591446, 12.00000000000001776, 8.699999999999999289 ) ) ;
#5411 = CARTESIAN_POINT ( 'NONE',  ( -51.11770833381128654, -11.48647981204520363, 7.110556943750000691 ) ) ;
#5412 = CARTESIAN_POINT ( 'NONE',  ( 50.21354166714469613, 11.22971971806784808, 7.555278471875000790 ) ) ;
#5413 = CARTESIAN_POINT ( 'NONE',  ( -50.92812500047796931, 10.97295962409048720, 8.000000000000000000 ) ) ;
#5414 = ORIENTED_EDGE ( 'NONE', *, *, #132, .T. ) ;
#5415 = EDGE_LOOP ( 'NONE', ( #1227, #4611, #732, #6375 ) ) ;
#5416 = CARTESIAN_POINT ( 'NONE',  ( -49.99996648687760370, -12.16179680989723977, 7.318955366875951718 ) ) ;
#5417 = CARTESIAN_POINT ( 'NONE',  ( 35.00000000000001421, 13.00000000000001776, -11.22092438160143857 ) ) ;
#5418 = CARTESIAN_POINT ( 'NONE',  ( 51.03750000095591588, 12.00000000000001776, 8.699999999999999289 ) ) ;
#5419 = CARTESIAN_POINT ( 'NONE',  ( -50.06770833381129648, 12.51352018795479815, 7.110556943750000691 ) ) ;
#5420 = CARTESIAN_POINT ( 'NONE',  ( -51.36562500047795510, 12.00000000000001776, 8.889443056250000197 ) ) ;
#5421 = ORIENTED_EDGE ( 'NONE', *, *, #3221, .T. ) ;
#5422 = VECTOR ( 'NONE', #2624, 1000.000000000000000 ) ;
#5423 = CARTESIAN_POINT ( 'NONE',  ( 51.83229166714461655, 12.77028028193218745, 8.444721528125000987 ) ) ;
#5424 = DIRECTION ( 'NONE',  ( 0.000000000000000000, -0.000000000000000000, 1.000000000000000000 ) ) ;
#5425 = CARTESIAN_POINT ( 'NONE',  ( 51.09583333428924590, 11.39378221735091223, 8.349999999999999645 ) ) ;
#5426 = ADVANCED_FACE ( 'NONE', ( #3388 ), #4905, .F. ) ;
#5427 = CARTESIAN_POINT ( 'NONE',  ( -50.14062500047795368, -11.99999999999998224, 7.110556943750000691 ) ) ;
#5428 = DIRECTION ( 'NONE',  ( 0.000000000000000000, 0.000000000000000000, -1.000000000000000000 ) ) ;
#5429 =( BOUNDED_CURVE ( )  B_SPLINE_CURVE ( 2, ( #1678, #3738, #663, #4277, #4783, #3234, #1716 ),
 .UNSPECIFIED., .F., .F. ) 
 B_SPLINE_CURVE_WITH_KNOTS ( ( 3, 2, 2, 3 ),
 ( 0.01317392754246160536, 0.01390575600621901491, 0.01463758446997642272, 0.01536941293373383227 ),
 .UNSPECIFIED. ) 
 CURVE ( )  GEOMETRIC_REPRESENTATION_ITEM ( )  RATIONAL_B_SPLINE_CURVE ( ( 1.000000000000077716, 0.8660254037843611030, 1.000000000000000000, 0.8660254037844387076, 1.000000000000000000, 0.8660254037817511907, 1.000000000002687628 ) ) 
 REPRESENTATION_ITEM ( '' )  );
#5430 = AXIS2_PLACEMENT_3D ( 'NONE', #1365, #1844, #4467 ) ;
#5431 = CARTESIAN_POINT ( 'NONE',  ( -49.99999999999998579, -11.12211884029220954, 8.142946212756658753 ) ) ;
#5432 = CARTESIAN_POINT ( 'NONE',  ( 50.92083333333332718, 12.40414518843275538, 8.700000000000001066 ) ) ;
#5433 = CARTESIAN_POINT ( 'NONE',  ( 50.76770833381129933, -11.48647981204520363, 8.889443056249998421 ) ) ;
#5434 = FACE_BOUND ( 'NONE', #5771, .T. ) ;
#5435 = CARTESIAN_POINT ( 'NONE',  ( -50.22812500047798778, -13.02704037590951103, 8.000000000000000000 ) ) ;
#5436 = CARTESIAN_POINT ( 'NONE',  ( 51.03750000095591588, -11.99999999999998224, 8.699999999999999289 ) ) ;
#5437 = CARTESIAN_POINT ( 'NONE',  ( -51.17604166714463076, -12.51352018795476262, 7.110556943750000691 ) ) ;
#5438 = ORIENTED_EDGE ( 'NONE', *, *, #3520, .F. ) ;
#5439 = ORIENTED_EDGE ( 'NONE', *, *, #1205, .T. ) ;
#5440 = VECTOR ( 'NONE', #5156, 1000.000000000000000 ) ;
#5441 = CARTESIAN_POINT ( 'NONE',  ( -50.41770833381128369, 12.51352018795479815, 7.110556943750000691 ) ) ;
#5442 = CARTESIAN_POINT ( 'NONE',  ( -51.29999999999999716, -11.99999999999998224, 7.300000000000000711 ) ) ;
#5443 = CARTESIAN_POINT ( 'NONE',  ( -49.99999999999998579, 23.00000000000000355, -30.00000000000000000 ) ) ;
#5444 = CARTESIAN_POINT ( 'NONE',  ( -51.08854166714462508, -11.22971971806781255, 7.555278471875000790 ) ) ;
#5445 = CARTESIAN_POINT ( 'NONE',  ( 50.92083333428924874, 12.60621778264912329, 7.650000000000000355 ) ) ;
#5446 = CARTESIAN_POINT ( 'NONE',  ( -51.13229166714464213, 12.77028028193216613, 7.555278471875014112 ) ) ;
#5447 = EDGE_LOOP ( 'NONE', ( #6586, #3229, #1310, #3152 ) ) ;
#5448 = ORIENTED_EDGE ( 'NONE', *, *, #4349, .F. ) ;
#5449 = CARTESIAN_POINT ( 'NONE',  ( -51.39999999999999147, 12.00000000000001776, 8.000000000000000000 ) ) ;
#5450 = EDGE_CURVE ( 'NONE', #1925, #582, #4399, .T. ) ;
#5451 = DIRECTION ( 'NONE',  ( 0.000000000000000000, 0.000000000000000000, 1.000000000000000000 ) ) ;
#5452 = CARTESIAN_POINT ( 'NONE',  ( 51.59166666762259013, 12.40414518843275538, 7.300000000000000711 ) ) ;
#5453 = EDGE_CURVE ( 'NONE', #6245, #4930, #5239, .T. ) ;
#5454 = CARTESIAN_POINT ( 'NONE',  ( -50.48333333428925584, 11.59585481156727838, 8.700000000000001066 ) ) ;
#5455 = CARTESIAN_POINT ( 'NONE',  ( -50.54895833381129222, 11.22971971806784630, 7.555278471875000790 ) ) ;
#5456 = ORIENTED_EDGE ( 'NONE', *, *, #3065, .F. ) ;
#5457 = CARTESIAN_POINT ( 'NONE',  ( 51.24895833381128796, 11.22971971806784630, 8.444721528124999210 ) ) ;
#5458 = CARTESIAN_POINT ( 'NONE',  ( 51.39999999999999858, 12.51172035390604265, 7.272503450379568690 ) ) ;
#5459 = LINE ( 'NONE', #2843, #3792 ) ;
#5460 = CARTESIAN_POINT ( 'NONE',  ( -51.38750000095591020, -11.99999999999998224, 7.300000000000000711 ) ) ;
#5461 = CARTESIAN_POINT ( 'NONE',  ( 50.27916666762258302, -11.39378221735087671, 8.349999999999999645 ) ) ;
#5462 = AXIS2_PLACEMENT_3D ( 'NONE', #6263, #1023, #144 ) ;
#5463 = CARTESIAN_POINT ( 'NONE',  ( 50.68020833381128654, -11.22971971806781255, 7.555278471875000790 ) ) ;
#5464 = LINE ( 'NONE', #3965, #3957 ) ;
#5465 = CARTESIAN_POINT ( 'NONE',  ( 50.89895833381128654, 11.22971971806784630, 8.444721528124999210 ) ) ;
#5466 = CARTESIAN_POINT ( 'NONE',  ( 52.00000000000000000, -11.99999999999998224, 8.000000000000000000 ) ) ;
#5467 = CARTESIAN_POINT ( 'NONE',  ( 50.22083333428924590, -11.39378221735087671, 7.650000000000000355 ) ) ;
#5468 =( BOUNDED_CURVE ( )  B_SPLINE_CURVE ( 2, ( #1098, #5214, #594, #3849, #128, #5276, #6285 ),
 .UNSPECIFIED., .F., .F. ) 
 B_SPLINE_CURVE_WITH_KNOTS ( ( 3, 2, 2, 3 ),
 ( 0.02195645269274526523, 0.02268821285348673195, 0.02341997301422819866, 0.02415173317496966537 ),
 .UNSPECIFIED. ) 
 CURVE ( )  GEOMETRIC_REPRESENTATION_ITEM ( )  RATIONAL_B_SPLINE_CURVE ( ( 0.9999999999999987788, 0.8660254037844398178, 0.9999999999999998890, 0.8660254037844387076, 0.9999999999999998890, 0.8660254037834453911, 1.000000000000992983 ) ) 
 REPRESENTATION_ITEM ( '' )  );
#5469 = CARTESIAN_POINT ( 'NONE',  ( -51.39999999999999858, 12.08468261041164560, 7.222925634952300555 ) ) ;
#5470 = FACE_OUTER_BOUND ( 'NONE', #1919, .T. ) ;
#5471 = VERTEX_POINT ( 'NONE', #884 ) ;
#5472 = CARTESIAN_POINT ( 'NONE',  ( -51.20520833381129222, 11.22971971806784808, 7.555278471875000790 ) ) ;
#5473 = DIRECTION ( 'NONE',  ( 1.387778780781446662E-15, -1.000000000000000000, 0.000000000000000000 ) ) ;
#5474 = CARTESIAN_POINT ( 'NONE',  ( -49.92916666762258160, -11.39378221735087671, 7.650000000000000355 ) ) ;
#5475 = DIRECTION ( 'NONE',  ( 0.000000000000000000, 0.000000000000000000, -1.000000000000000000 ) ) ;
#5476 = CARTESIAN_POINT ( 'NONE',  ( -51.68645833381129506, -12.51352018795476262, 8.889443056249998421 ) ) ;
#5477 = ORIENTED_EDGE ( 'NONE', *, *, #4791, .T. ) ;
#5478 = AXIS2_PLACEMENT_3D ( 'NONE', #5604, #6078, #5513 ) ;
#5479 = ORIENTED_EDGE ( 'NONE', *, *, #6180, .T. ) ;
#5480 = CARTESIAN_POINT ( 'NONE',  ( -50.51250000095591730, -11.99999999999998224, 8.699999999999999289 ) ) ;
#5481 = DIRECTION ( 'NONE',  ( 0.000000000000000000, 0.000000000000000000, 1.000000000000000000 ) ) ;
#5482 = CARTESIAN_POINT ( 'NONE',  ( 50.21354166714462508, 11.22971971806784808, 7.555278471875000790 ) ) ;
#5483 = CARTESIAN_POINT ( 'NONE',  ( -49.90000000095591304, 12.80829037686549299, 8.000000000000000000 ) ) ;
#5484 = CARTESIAN_POINT ( 'NONE',  ( -50.19895833381128369, 11.22971971806784630, 7.555278471875000790 ) ) ;
#5485 = EDGE_LOOP ( 'NONE', ( #5477, #4345, #5845, #4920 ) ) ;
#5486 = EDGE_CURVE ( 'NONE', #5735, #4168, #423, .T. ) ;
#5487 = EDGE_CURVE ( 'NONE', #3797, #5586, #1427, .T. ) ;
#5488 = EDGE_CURVE ( 'NONE', #1654, #1462, #2950, .T. ) ;
#5489 = CARTESIAN_POINT ( 'NONE',  ( 50.92812500047795510, 10.97295962409045522, 8.000000000000000000 ) ) ;
#5490 = CARTESIAN_POINT ( 'NONE',  ( 50.51249999999999574, -11.19170962313451057, 8.000000000000000000 ) ) ;
#5491 = DIRECTION ( 'NONE',  ( -1.000000000000000000, 0.000000000000000000, 0.000000000000000000 ) ) ;
#5492 = CARTESIAN_POINT ( 'NONE',  ( -51.03859374999522203, 11.19389712312498020, 8.000000000000000000 ) ) ;
#5493 = DIRECTION ( 'NONE',  ( 0.000000000000000000, -1.000000000000000000, 0.000000000000000000 ) ) ;
#5494 = B_SPLINE_CURVE_WITH_KNOTS ( 'NONE', 3,
 ( #3232, #4311, #3306, #3267, #592, #5241, #163, #660 ),
 .UNSPECIFIED., .F., .F.,
 ( 4, 2, 2, 4 ),
 ( 1.335508797274951090E-05, 0.0007963652814069472740, 0.001187870378124046339, 0.001579375474841145186 ),
 .UNSPECIFIED. ) ;
#5495 = ORIENTED_EDGE ( 'NONE', *, *, #2185, .F. ) ;
#5496 = CARTESIAN_POINT ( 'NONE',  ( 50.03854166714462082, -11.22971971806781255, 8.444721528125000987 ) ) ;
#5497 = CARTESIAN_POINT ( 'NONE',  ( 52.00000000000000000, 12.00000000000001776, 7.300000000000000711 ) ) ;
#5498 = CARTESIAN_POINT ( 'NONE',  ( 51.51145833381128369, 12.51352018795479815, 8.889443056249998421 ) ) ;
#5499 = CARTESIAN_POINT ( 'NONE',  ( -45.00000000000000000, -29.00000000000001421, -29.63602976573380587 ) ) ;
#5500 = CARTESIAN_POINT ( 'NONE',  ( 50.57083333428924732, -11.39378221735087671, 7.650000000000000355 ) ) ;
#5501 = LINE ( 'NONE', #886, #3704 ) ;
#5502 = AXIS2_PLACEMENT_3D ( 'NONE', #6266, #3288, #3790 ) ;
#5503 = CARTESIAN_POINT ( 'NONE',  ( 51.09583333428924590, -12.60621778264908954, 8.349999999999999645 ) ) ;
#5504 = ORIENTED_EDGE ( 'NONE', *, *, #505, .T. ) ;
#5505 =( BOUNDED_CURVE ( )  B_SPLINE_CURVE ( 2, ( #2491, #4544, #3126, #3597, #3092, #2619, #5143 ),
 .UNSPECIFIED., .F., .F. ) 
 B_SPLINE_CURVE_WITH_KNOTS ( ( 3, 2, 2, 3 ),
 ( 0.01536941293373437004, 0.01610122203698314755, 0.01683303114023192160, 0.01756484024348069911 ),
 .UNSPECIFIED. ) 
 CURVE ( )  GEOMETRIC_REPRESENTATION_ITEM ( )  RATIONAL_B_SPLINE_CURVE ( ( 0.9999999999973119280, 0.8660254037871267796, 1.000000000000000000, 0.8660254037844387076, 1.000000000000000000, 0.8660254037844178354, 1.000000000000020872 ) ) 
 REPRESENTATION_ITEM ( '' )  );
#5506 = AXIS2_PLACEMENT_3D ( 'NONE', #3446, #5491, #874 ) ;
#5507 = CARTESIAN_POINT ( 'NONE',  ( -50.88437500047795936, 10.97295962409045877, 8.000000000000000000 ) ) ;
#5508 = PRODUCT_CONTEXT ( 'NONE', #6383, 'mechanical' ) ;
#5509 = VECTOR ( 'NONE', #3467, 999.9999999999998863 ) ;
#5510 = EDGE_CURVE ( 'NONE', #2060, #3496, #1996, .T. ) ;
#5511 = CARTESIAN_POINT ( 'NONE',  ( -50.71666666762258302, -12.40414518843271985, 7.300000000000000711 ) ) ;
#5512 = FACE_OUTER_BOUND ( 'NONE', #4235, .T. ) ;
#5513 = DIRECTION ( 'NONE',  ( 0.000000000000000000, 0.000000000000000000, 1.000000000000000000 ) ) ;
#5514 = ORIENTED_EDGE ( 'NONE', *, *, #2605, .T. ) ;
#5515 = ORIENTED_EDGE ( 'NONE', *, *, #5772, .F. ) ;
#5516 = CARTESIAN_POINT ( 'NONE',  ( -51.39999999999997016, 12.00471076323756314, 8.840227577399092596 ) ) ;
#5517 = CARTESIAN_POINT ( 'NONE',  ( 51.39999999999999147, -12.68373971655886479, 7.850000000000070699 ) ) ;
#5518 = CARTESIAN_POINT ( 'NONE',  ( 51.27083333428925016, 12.60621778264912329, 7.650000000000000355 ) ) ;
#5519 = CARTESIAN_POINT ( 'NONE',  ( 50.60109374999521492, -11.99999999999998224, 8.698105569437499796 ) ) ;
#5520 = CARTESIAN_POINT ( 'NONE',  ( -35.99999999999999289, 19.00000000000001776, -11.16545852095604374 ) ) ;
#5521 = CARTESIAN_POINT ( 'NONE',  ( -49.89967620678767446, 11.16267927291586659, 8.328604070959737982 ) ) ;
#5522 = EDGE_LOOP ( 'NONE', ( #3882, #4711, #591, #2104, #945, #3524, #5116, #5414 ) ) ;
#5523 = CARTESIAN_POINT ( 'NONE',  ( 50.66562500047795936, 12.00000000000001776, 7.110556943750000691 ) ) ;
#5524 = CARTESIAN_POINT ( 'NONE',  ( 51.35833333428924874, -11.59585481156724462, 8.699999999999999289 ) ) ;
#5525 = CARTESIAN_POINT ( 'NONE',  ( -51.39999999999999858, 11.31626028344113344, 8.149999999999920419 ) ) ;
#5526 = CARTESIAN_POINT ( 'NONE',  ( -33.19999999999998863, -19.99999999999998224, -26.00000000000001066 ) ) ;
#5527 = EDGE_CURVE ( 'NONE', #5240, #4710, #3581, .T. ) ;
#5528 = FACE_OUTER_BOUND ( 'NONE', #4273, .T. ) ;
#5529 = CIRCLE ( 'NONE', #5629, 1.000000000000000888 ) ;
#5530 = CARTESIAN_POINT ( 'NONE',  ( 50.76770833381129933, -11.48647981204520363, 8.889443056249998421 ) ) ;
#5531 = CARTESIAN_POINT ( 'NONE',  ( 50.72395833381129648, -11.22971971806783742, 7.555278471875014112 ) ) ;
#5532 = CARTESIAN_POINT ( 'NONE',  ( 51.19062500047795794, 12.00000000000001776, 8.889443056250000197 ) ) ;
#5533 = DIRECTION ( 'NONE',  ( -1.000000000000000000, 0.000000000000000000, 0.000000000000000000 ) ) ;
#5534 = CARTESIAN_POINT ( 'NONE',  ( 51.47227616920564230, -12.80284271336489788, 8.000000000000000000 ) ) ;
#5535 = EDGE_CURVE ( 'NONE', #2992, #5847, #3044, .T. ) ;
#5536 = CARTESIAN_POINT ( 'NONE',  ( -51.39999999999999147, -12.16220510422392209, 7.319052495295195193 ) ) ;
#5537 = VECTOR ( 'NONE', #3705, 1000.000000000000000 ) ;
#5538 = ORIENTED_EDGE ( 'NONE', *, *, #5647, .F. ) ;
#5539 = CARTESIAN_POINT ( 'NONE',  ( -50.91354166714462082, 11.22971971806784808, 8.444721528124999210 ) ) ;
#5540 = AXIS2_PLACEMENT_3D ( 'NONE', #610, #4730, #113 ) ;
#5541 = CARTESIAN_POINT ( 'NONE',  ( -51.38750000095591020, -11.99999999999998224, 7.300000000000000711 ) ) ;
#5542 = CARTESIAN_POINT ( 'NONE',  ( -51.39999999999999147, -11.48827964609393248, 8.727496549620413546 ) ) ;
#5543 = CARTESIAN_POINT ( 'NONE',  ( 51.99999999999999289, 12.01024198552258149, 9.526943859230120992 ) ) ;
#5544 = VECTOR ( 'NONE', #3137, 1000.000000000000000 ) ;
#5545 = EDGE_LOOP ( 'NONE', ( #722, #5106, #4007, #3631 ) ) ;
#5546 =( BOUNDED_SURFACE ( )  B_SPLINE_SURFACE ( 1, 2, ( 
 ( #4507, #6556, #432, #3431, #4536, #4984, #6584, #5476, #861, #2927, #368, #2420, #1087, #4160, #3180, #84, #3085, #4225, #3151, #6169, #4260, #2613, #3683, #6269, #6236, #15, #5734, #1527, #2065, #2135, #150, #4126, #1630, #3587, #5168, #1118, #577, #516, #4192, #6205, #5260, #1663, #1597, #2579, #5229, #2708, #2162, #1564, #547, #3622, #5668, #611, #114, #49, #3654, #3722, #5700, #2674, #4667, #1055, #5633, #2103, #5200, #1151, #2645, #5769, #4731, #3119, #4635, #3217, #2197, #1019, #4700 ),
 ( #4766, #646, #5136, #259, #4911, #2748, #188, #294, #2308, #1264, #2346, #3871, #5805, #788, #6453, #6379, #4839, #4370, #1847, #5402, #5295, #6418, #4295, #5437, #1734, #221, #1226, #2887, #1184, #2270, #2855, #2235, #2820, #5844, #4944, #3393, #1811, #3291, #3905, #5917, #4407, #5332, #3754, #1300, #3254, #3362, #5949, #3794, #4804, #719, #2784, #1332, #4332, #684, #1772, #823, #328, #2381, #3832, #6305, #5881, #3331, #1697, #4876, #6341, #5370, #756, #6487, #1367, #1878, #3937, #5982, #4441 ) ),
 .UNSPECIFIED., .F., .F., .F. ) 
 B_SPLINE_SURFACE_WITH_KNOTS ( ( 2, 2 ),
 ( 3, 2, 2, 2, 2, 2, 2, 2, 2, 2, 2, 2, 2, 2, 2, 2, 2, 2, 2, 2, 2, 2, 2, 2, 2, 2, 2, 2, 2, 2, 2, 2, 2, 2, 2, 2, 3 ),
 ( 0.000000000000000000, 1.000000000000000000 ),
 ( 0.000000000000000000, 0.02777777777777777624, 0.05555555555555555247, 0.08333333333333332871, 0.1111111111111111049, 0.1388888888888888951, 0.1666666666666666574, 0.1944444444444444475, 0.2222222222222222099, 0.2500000000000000000, 0.2777777777777777901, 0.3055555555555555802, 0.3333333333333333148, 0.3611111111111111049, 0.3888888888888888951, 0.4166666666666666852, 0.4444444444444444198, 0.4722222222222222099, 0.5000000000000000000, 0.5277777777777777901, 0.5555555555555555802, 0.5833333333333333703, 0.6111111111111111605, 0.6388888888888888395, 0.6666666666666666297, 0.6944444444444444198, 0.7222222222222222099, 0.7500000000000000000, 0.7777777777777777901, 0.8055555555555555802, 0.8333333333333333703, 0.8611111111111111605, 0.8888888888888888395, 0.9166666666666666297, 0.9444444444444444198, 0.9524930397729903797, 0.9620179701707203268 ),
 .UNSPECIFIED. ) 
 GEOMETRIC_REPRESENTATION_ITEM ( )  RATIONAL_B_SPLINE_SURFACE ( (
 ( 1.000000000000000000, 0.8660254037844387076, 1.000000000000000000, 0.8660254037844387076, 1.000000000000000000, 0.8660254037844387076, 1.000000000000000000, 0.8660254037844387076, 1.000000000000000000, 0.8660254037844387076, 1.000000000000000000, 0.8660254037844387076, 1.000000000000000000, 0.8660254037844387076, 1.000000000000000000, 0.8660254037844387076, 1.000000000000000000, 0.8660254037844387076, 1.000000000000000000, 0.8660254037844387076, 1.000000000000000000, 0.8660254037844387076, 1.000000000000000000, 0.8660254037844387076, 1.000000000000000000, 0.8660254037844387076, 1.000000000000000000, 0.8660254037844387076, 1.000000000000000000, 0.8660254037844387076, 1.000000000000000000, 0.8660254037844387076, 1.000000000000000000, 0.8660254037844387076, 1.000000000000000000, 0.8660254037844387076, 1.000000000000000000, 0.8660254037844387076, 1.000000000000000000, 0.8660254037844387076, 1.000000000000000000, 0.8660254037844387076, 1.000000000000000000, 0.8660254037844387076, 1.000000000000000000, 0.8660254037844387076, 1.000000000000000000, 0.8660254037844387076, 1.000000000000000000, 0.8660254037844387076, 1.000000000000000000, 0.8660254037844387076, 1.000000000000000000, 0.8660254037844387076, 1.000000000000000000, 0.8660254037844387076, 1.000000000000000000, 0.8660254037844387076, 1.000000000000000000, 0.8660254037844387076, 1.000000000000000000, 0.8660254037844387076, 1.000000000000000000, 0.8660254037844387076, 1.000000000000000000, 0.8660254037844387076, 1.000000000000000000, 0.8660254037844387076, 1.000000000000000000, 0.9611809368672017406, 0.9448574767080237802, 0.9448574767080237802, 0.9448574767080237802),
 ( 1.000000000000000000, 0.8660254037844387076, 1.000000000000000000, 0.8660254037844387076, 1.000000000000000000, 0.8660254037844387076, 1.000000000000000000, 0.8660254037844387076, 1.000000000000000000, 0.8660254037844387076, 1.000000000000000000, 0.8660254037844387076, 1.000000000000000000, 0.8660254037844387076, 1.000000000000000000, 0.8660254037844387076, 1.000000000000000000, 0.8660254037844387076, 1.000000000000000000, 0.8660254037844387076, 1.000000000000000000, 0.8660254037844387076, 1.000000000000000000, 0.8660254037844387076, 1.000000000000000000, 0.8660254037844387076, 1.000000000000000000, 0.8660254037844387076, 1.000000000000000000, 0.8660254037844387076, 1.000000000000000000, 0.8660254037844387076, 1.000000000000000000, 0.8660254037844387076, 1.000000000000000000, 0.8660254037844387076, 1.000000000000000000, 0.8660254037844387076, 1.000000000000000000, 0.8660254037844387076, 1.000000000000000000, 0.8660254037844387076, 1.000000000000000000, 0.8660254037844387076, 1.000000000000000000, 0.8660254037844387076, 1.000000000000000000, 0.8660254037844387076, 1.000000000000000000, 0.8660254037844387076, 1.000000000000000000, 0.8660254037844387076, 1.000000000000000000, 0.8660254037844387076, 1.000000000000000000, 0.8660254037844387076, 1.000000000000000000, 0.8660254037844387076, 1.000000000000000000, 0.8660254037844387076, 1.000000000000000000, 0.8660254037844387076, 1.000000000000000000, 0.8660254037844387076, 1.000000000000000000, 0.8660254037844387076, 1.000000000000000000, 0.8660254037844387076, 1.000000000000000000, 0.9611809368672017406, 0.9448574767080237802, 0.9448574767080237802, 0.9448574767080237802) ) ) 
 REPRESENTATION_ITEM ( '' )  SURFACE ( )  );
#5547 = VERTEX_POINT ( 'NONE', #5094 ) ;
#5548 = CARTESIAN_POINT ( 'NONE',  ( 50.74692708332855773, 11.59694856156249898, 7.301894430562501093 ) ) ;
#5549 = CARTESIAN_POINT ( 'NONE',  ( -50.62187500047802757, 12.00000000000001776, 8.889443056249998421 ) ) ;
#5550 = CARTESIAN_POINT ( 'NONE',  ( 50.82604166714462934, 11.48647981204523560, 8.889443056249998421 ) ) ;
#5551 = CARTESIAN_POINT ( 'NONE',  ( 50.94999999999999574, -11.99999999999998224, 8.699999999999999289 ) ) ;
#5552 = CARTESIAN_POINT ( 'NONE',  ( -49.98750000095591162, 12.00000000000001776, 7.300000000000000711 ) ) ;
#5553 = CARTESIAN_POINT ( 'NONE',  ( -49.90729166714462650, 11.22971971806784808, 8.444721528125000987 ) ) ;
#5554 = VERTEX_POINT ( 'NONE', #3455 ) ;
#5555 = CARTESIAN_POINT ( 'NONE',  ( 51.10312500047795936, -10.97295962409042147, 8.000000000000000000 ) ) ;
#5556 = CARTESIAN_POINT ( 'NONE',  ( 49.93645833381128085, 11.48647981204523738, 7.110556943749999803 ) ) ;
#5557 = CARTESIAN_POINT ( 'NONE',  ( 51.40000242597918145, 11.83665577146236458, 8.680674144328442310 ) ) ;
#5558 = CARTESIAN_POINT ( 'NONE',  ( -49.99999999999998579, -11.12211884029220954, 8.142946212756658753 ) ) ;
#5559 = CARTESIAN_POINT ( 'NONE',  ( -51.85526041666189201, 12.40305143843753477, 8.698105569437499796 ) ) ;
#5560 = CARTESIAN_POINT ( 'NONE',  ( 50.74583333428924448, 11.39378221735091223, 8.349999999999999645 ) ) ;
#5561 = VERTEX_POINT ( 'NONE', #5499 ) ;
#5562 = CARTESIAN_POINT ( 'NONE',  ( 51.05937500047794941, -10.97295962409042147, 8.000000000000000000 ) ) ;
#5563 = CARTESIAN_POINT ( 'NONE',  ( 50.10416666762257876, -12.60621778264908954, 7.650000000000000355 ) ) ;
#5564 = CARTESIAN_POINT ( 'NONE',  ( 50.22083333333333144, 12.40414518843275538, 8.700000000000001066 ) ) ;
#5565 = CARTESIAN_POINT ( 'NONE',  ( 51.39999999999999147, -11.99999999999998224, 8.000000000000000000 ) ) ;
#5566 = AXIS2_PLACEMENT_3D ( 'NONE', #972, #2435, #1419 ) ;
#5567 = CARTESIAN_POINT ( 'NONE',  ( 50.86250000095591162, -11.99999999999998224, 7.300000000000000711 ) ) ;
#5568 = CARTESIAN_POINT ( 'NONE',  ( -50.30942708332855062, -12.60457715765625863, 7.650947215281250990 ) ) ;
#5569 = CARTESIAN_POINT ( 'NONE',  ( 50.84062500047797073, 12.00000000000001776, 8.889443056249968222 ) ) ;
#5570 = AXIS2_PLACEMENT_3D ( 'NONE', #5466, #5533, #1394 ) ;
#5571 = EDGE_CURVE ( 'NONE', #5645, #2248, #917, .T. ) ;
#5572 = EDGE_CURVE ( 'NONE', #3160, #6455, #5745, .T. ) ;
#5573 = EDGE_CURVE ( 'NONE', #2804, #4637, #1346, .T. ) ;
#5574 = ORIENTED_EDGE ( 'NONE', *, *, #469, .F. ) ;
#5575 = CARTESIAN_POINT ( 'NONE',  ( -50.79687500047795368, 12.00000000000001776, 7.110556943750001579 ) ) ;
#5576 = CARTESIAN_POINT ( 'NONE',  ( -49.98750000095591162, -11.99999999999998224, 7.300000000000000711 ) ) ;
#5577 = CARTESIAN_POINT ( 'NONE',  ( -51.00000000000000000, -26.51471862576144289, -28.73146132173475564 ) ) ;
#5578 = CARTESIAN_POINT ( 'NONE',  ( -50.30833333333333712, 11.39378221735091223, 7.650000000000002132 ) ) ;
#5579 = ORIENTED_EDGE ( 'NONE', *, *, #3479, .F. ) ;
#5580 = ORIENTED_EDGE ( 'NONE', *, *, #3221, .F. ) ;
#5581 = CARTESIAN_POINT ( 'NONE',  ( 44.99999999999997868, 29.00000000000001421, -8.525756178294006560 ) ) ;
#5582 = CARTESIAN_POINT ( 'NONE',  ( 50.39583333428925016, 11.39378221735091223, 8.349999999999999645 ) ) ;
#5583 = CARTESIAN_POINT ( 'NONE',  ( 50.07609374999521634, -11.99999999999998224, 7.301894430562501093 ) ) ;
#5584 = CARTESIAN_POINT ( 'NONE',  ( -49.84166666762257591, 12.40414518843275538, 8.700000000000001066 ) ) ;
#5585 = CARTESIAN_POINT ( 'NONE',  ( -49.87046377013425058, 11.06103469302321862, 7.883184660602346128 ) ) ;
#5586 = VERTEX_POINT ( 'NONE', #4085 ) ;
#5587 = CARTESIAN_POINT ( 'NONE',  ( 50.51979166714461655, -12.51352018795476440, 8.889443056249998421 ) ) ;
#5588 = CARTESIAN_POINT ( 'NONE',  ( 51.55520833381128654, 11.22971971806784630, 8.444721528124999210 ) ) ;
#5589 = CARTESIAN_POINT ( 'NONE',  ( -19.54999999999999361, 28.00000000000000711, -1.921785944027805337 ) ) ;
#5590 = DIRECTION ( 'NONE',  ( 0.000000000000000000, 0.000000000000000000, -1.000000000000000000 ) ) ;
#5591 = FACE_OUTER_BOUND ( 'NONE', #1056, .T. ) ;
#5592 = CARTESIAN_POINT ( 'NONE',  ( -51.40000000000001990, -12.66372858242683996, 8.413148780607039967 ) ) ;
#5593 = CARTESIAN_POINT ( 'NONE',  ( 50.65104166714462508, -11.48647981204520363, 7.110556943749999803 ) ) ;
#5594 = CARTESIAN_POINT ( 'NONE',  ( 50.05312500047797641, -10.97295962409045345, 8.000000000000000000 ) ) ;
#5595 = CARTESIAN_POINT ( 'NONE',  ( 50.60729166714462224, 11.22971971806784808, 7.555278471875000790 ) ) ;
#5596 = DIRECTION ( 'NONE',  ( -1.000000000000000000, 0.000000000000000000, 0.000000000000000000 ) ) ;
#5597 = CARTESIAN_POINT ( 'NONE',  ( 51.23894283587230802, -11.59857864331752353, 7.304717814982755186 ) ) ;
#5598 = CARTESIAN_POINT ( 'NONE',  ( -51.03750000000000142, -12.80829037686545746, 8.000000000000000000 ) ) ;
#5599 = VERTEX_POINT ( 'NONE', #6127 ) ;
#5600 = EDGE_CURVE ( 'NONE', #1095, #1375, #1517, .T. ) ;
#5601 = CARTESIAN_POINT ( 'NONE',  ( -50.86249999999959215, -11.19170962313372009, 7.999999999999998224 ) ) ;
#5602 = CARTESIAN_POINT ( 'NONE',  ( -51.03750000095591588, -11.99999999999998224, 7.300000000000000711 ) ) ;
#5603 = CARTESIAN_POINT ( 'NONE',  ( -50.76770833381134196, -11.48647981204520363, 7.110556943750002468 ) ) ;
#5604 = CARTESIAN_POINT ( 'NONE',  ( -51.39999999999999147, 12.00000000000001776, 8.000000000000000000 ) ) ;
#5605 = EDGE_CURVE ( 'NONE', #290, #934, #724, .T. ) ;
#5606 = ORIENTED_EDGE ( 'NONE', *, *, #5510, .F. ) ;
#5607 = EDGE_CURVE ( 'NONE', #1163, #6065, #2455, .T. ) ;
#5608 = AXIS2_PLACEMENT_3D ( 'NONE', #4380, #5780, #5269 ) ;
#5609 = ORIENTED_EDGE ( 'NONE', *, *, #182, .T. ) ;
#5610 = DIRECTION ( 'NONE',  ( -1.000000000000000000, 0.000000000000000000, 0.000000000000000000 ) ) ;
#5611 = CARTESIAN_POINT ( 'NONE',  ( 51.73477616938897938, 12.00000000000001776, 8.695282185334809455 ) ) ;
#5612 = CARTESIAN_POINT ( 'NONE',  ( 50.62916666666665577, -12.40414518843271985, 8.700000000000001066 ) ) ;
#5613 = CARTESIAN_POINT ( 'NONE',  ( 44.99999999999999289, 28.00000000000001776, -30.00000000000000000 ) ) ;
#5614 = DIRECTION ( 'NONE',  ( 0.000000000000000000, 0.000000000000000000, 1.000000000000000000 ) ) ;
#5615 = EDGE_CURVE ( 'NONE', #3538, #2639, #401, .T. ) ;
#5616 = ORIENTED_EDGE ( 'NONE', *, *, #2110, .T. ) ;
#5617 = CARTESIAN_POINT ( 'NONE',  ( 51.42395833381129222, -11.22971971806781255, 7.555278471875000790 ) ) ;
#5618 = CARTESIAN_POINT ( 'NONE',  ( 51.38020833381129648, 12.77028028193218745, 7.555278471875000790 ) ) ;
#5619 = CARTESIAN_POINT ( 'NONE',  ( 52.00000000000000000, 12.00000000000001776, 7.300000000000000711 ) ) ;
#5620 = CARTESIAN_POINT ( 'NONE',  ( -49.99999999999999289, -11.91558121335515708, 7.223028355942013867 ) ) ;
#5621 = CARTESIAN_POINT ( 'NONE',  ( -14.64999999999999680, 33.00000000000000000, -0.9217859440278045602 ) ) ;
#5622 = CARTESIAN_POINT ( 'NONE',  ( -51.56359374999522061, 12.80610287687505355, 8.000000000000000000 ) ) ;
#5623 = LINE ( 'NONE', #3202, #3502 ) ;
#5624 = CARTESIAN_POINT ( 'NONE',  ( 47.92893218813451739, 28.00000000000001776, -5.761370867608385460 ) ) ;
#5625 = CARTESIAN_POINT ( 'NONE',  ( 50.51979166714461655, 11.48647981204523560, 8.889443056249998421 ) ) ;
#5626 = DIRECTION ( 'NONE',  ( -0.000000000000000000, -0.000000000000000000, 1.000000000000000000 ) ) ;
#5627 = CARTESIAN_POINT ( 'NONE',  ( 50.15977616920563520, -11.99999999999998224, 7.304717814982754298 ) ) ;
#5628 = CARTESIAN_POINT ( 'NONE',  ( -51.27083333333332860, -11.59585481156724462, 7.300000000000000711 ) ) ;
#5629 = AXIS2_PLACEMENT_3D ( 'NONE', #3278, #1683, #6439 ) ;
#5630 = ORIENTED_EDGE ( 'NONE', *, *, #3320, .F. ) ;
#5631 = FACE_OUTER_BOUND ( 'NONE', #6626, .T. ) ;
#5632 = CARTESIAN_POINT ( 'NONE',  ( -50.51250000095591730, -11.99999999999998224, 8.699999999999999289 ) ) ;
#5633 = CARTESIAN_POINT ( 'NONE',  ( -50.14062500047795368, -11.99999999999998224, 7.110556943750000691 ) ) ;
#5634 = VERTEX_POINT ( 'NONE', #1555 ) ;
#5635 =( BOUNDED_CURVE ( )  B_SPLINE_CURVE ( 3, ( #1166, #4313, #4240, #6358 ),
 .UNSPECIFIED., .F., .F. ) 
 B_SPLINE_CURVE_WITH_KNOTS ( ( 4, 4 ),
 ( 0.000000000000000000, 1.570796326794896558 ),
 .UNSPECIFIED. ) 
 CURVE ( )  GEOMETRIC_REPRESENTATION_ITEM ( )  RATIONAL_B_SPLINE_CURVE ( ( 1.000000000000000000, 0.8047378541243649375, 0.8047378541243649375, 1.000000000000000000 ) ) 
 REPRESENTATION_ITEM ( '' )  );
#5636 = AXIS2_PLACEMENT_3D ( 'NONE', #2528, #3131, #3163 ) ;
#5637 = ORIENTED_EDGE ( 'NONE', *, *, #1412, .T. ) ;
#5638 = CARTESIAN_POINT ( 'NONE',  ( -51.99999999999999289, 12.00000000000001776, 8.000000000000000000 ) ) ;
#5639 = CARTESIAN_POINT ( 'NONE',  ( 50.10416666762257876, 11.39378221735091223, 7.650000000000000355 ) ) ;
#5640 = CARTESIAN_POINT ( 'NONE',  ( -51.30729166714462508, 11.22971971806784808, 8.444721528125000987 ) ) ;
#5641 = CARTESIAN_POINT ( 'NONE',  ( 50.48333333333333428, -11.39378221735087671, 7.650000000000000355 ) ) ;
#5642 = CARTESIAN_POINT ( 'NONE',  ( 52.00000000000000000, -11.99999999999998224, 8.699999999999999289 ) ) ;
#5643 = ORIENTED_EDGE ( 'NONE', *, *, #3481, .F. ) ;
#5644 = EDGE_CURVE ( 'NONE', #4047, #579, #1620, .T. ) ;
#5645 = VERTEX_POINT ( 'NONE', #3613 ) ;
#5646 = CARTESIAN_POINT ( 'NONE',  ( 50.05312500047796220, -10.97295962409042147, 8.000000000000000000 ) ) ;
#5647 = EDGE_CURVE ( 'NONE', #1282, #2456, #1046, .T. ) ;
#5648 = CARTESIAN_POINT ( 'NONE',  ( 50.35937500047795368, 13.02704037590958031, 8.000000000000000000 ) ) ;
#5649 = CARTESIAN_POINT ( 'NONE',  ( -50.65833333428924590, 12.40414518843276248, 7.300000000000018474 ) ) ;
#5650 = CARTESIAN_POINT ( 'NONE',  ( -49.99999999999998579, 11.63497686834892164, 8.706471501087943210 ) ) ;
#5651 = VECTOR ( 'NONE', #2406, 1000.000000000000000 ) ;
#5652 = DIRECTION ( 'NONE',  ( 1.000000000000000000, 0.000000000000000000, 0.000000000000000000 ) ) ;
#5653 = CARTESIAN_POINT ( 'NONE',  ( -50.30942708332855062, 11.39542284234374137, 7.650947215281250990 ) ) ;
#5654 = DIRECTION ( 'NONE',  ( -1.000000000000000000, 0.000000000000000000, 0.000000000000000000 ) ) ;
#5655 = DIRECTION ( 'NONE',  ( -1.000000000000000000, -1.334402673828313339E-16, 0.000000000000000000 ) ) ;
#5656 = DIRECTION ( 'NONE',  ( 0.000000000000000000, 0.000000000000000000, 1.000000000000000000 ) ) ;
#5657 = CARTESIAN_POINT ( 'NONE',  ( 35.00000000000001421, 20.00000000000001421, -10.80148828668984073 ) ) ;
#5658 = CARTESIAN_POINT ( 'NONE',  ( -52.00000000000000000, 20.00000000000001776, -10.80148828668983718 ) ) ;
#5659 = CARTESIAN_POINT ( 'NONE',  ( 50.62644283587229665, -11.39786796497629595, 8.347641092508624183 ) ) ;
#5660 = CARTESIAN_POINT ( 'NONE',  ( -51.33645833381128654, -12.51352018795476262, 8.889443056249998421 ) ) ;
#5661 = ORIENTED_EDGE ( 'NONE', *, *, #435, .F. ) ;
#5662 = CARTESIAN_POINT ( 'NONE',  ( 51.94276041666188348, 12.60457715765629239, 8.349052784718749010 ) ) ;
#5663 = CARTESIAN_POINT ( 'NONE',  ( 51.81770833381129648, -11.48647981204520363, 8.889443056249998421 ) ) ;
#5664 = CARTESIAN_POINT ( 'NONE',  ( -3.449999999999995737, 33.00000000000000000, -1.599999999999998979 ) ) ;
#5665 = VECTOR ( 'NONE', #4289, 1000.000000000000000 ) ;
#5666 = CARTESIAN_POINT ( 'NONE',  ( 44.99999999999999289, -29.00000000000001421, -30.00000000000000000 ) ) ;
#5667 = CARTESIAN_POINT ( 'NONE',  ( -51.35104166714467766, -11.48647981204520363, 8.889443056249998421 ) ) ;
#5668 = CARTESIAN_POINT ( 'NONE',  ( -50.43229166714461797, -11.22971971806781255, 7.555278471875000790 ) ) ;
#5669 = EDGE_LOOP ( 'NONE', ( #2287, #2977 ) ) ;
#5670 = ORIENTED_EDGE ( 'NONE', *, *, #5406, .T. ) ;
#5671 = CARTESIAN_POINT ( 'NONE',  ( 50.92083333428924874, 12.60621778264912329, 7.650000000000000355 ) ) ;
#5672 = DIRECTION ( 'NONE',  ( -0.000000000000000000, -0.000000000000000000, -1.000000000000000000 ) ) ;
#5673 = CARTESIAN_POINT ( 'NONE',  ( 51.88333333333333286, -11.39378221735087671, 7.650000000000000355 ) ) ;
#5674 = CARTESIAN_POINT ( 'NONE',  ( -51.00000000000000000, 23.00000000000001421, -10.70957758389122993 ) ) ;
#5675 = CARTESIAN_POINT ( 'NONE',  ( 50.97187500047802899, 12.00000000000001776, 7.110556943750000691 ) ) ;
#5676 =( BOUNDED_CURVE ( )  B_SPLINE_CURVE ( 2, ( #4891, #5347, #4275, #3735, #4854, #735, #6320 ),
 .UNSPECIFIED., .F., .F. ) 
 B_SPLINE_CURVE_WITH_KNOTS ( ( 3, 2, 2, 3 ),
 ( 0.01976069696071205625, 0.02049261553805685476, 0.02122453411540165674, 0.02195645269274645525 ),
 .UNSPECIFIED. ) 
 CURVE ( )  GEOMETRIC_REPRESENTATION_ITEM ( )  RATIONAL_B_SPLINE_CURVE ( ( 0.9999999999996316280, 0.8660254037848071906, 1.000000000000000000, 0.8660254037844388186, 1.000000000000000000, 0.8660254037844377084, 1.000000000000001110 ) ) 
 REPRESENTATION_ITEM ( '' )  );
#5677 = EDGE_LOOP ( 'NONE', ( #5209, #6109, #5820, #4227 ) ) ;
#5678 = CARTESIAN_POINT ( 'NONE',  ( 49.90729166714462650, -12.77028028193215370, 7.555278471875000790 ) ) ;
#5679 = CARTESIAN_POINT ( 'NONE',  ( 50.56354166714462650, 11.22971971806784808, 7.555278471875000790 ) ) ;
#5680 = DIRECTION ( 'NONE',  ( 0.000000000000000000, 0.000000000000000000, 1.000000000000000000 ) ) ;
#5681 = CARTESIAN_POINT ( 'NONE',  ( -50.00000000000000000, 12.51172035390617232, 8.727496549620342492 ) ) ;
#5682 = CARTESIAN_POINT ( 'NONE',  ( -50.94270833381129648, 11.48647981204523738, 8.889443056249998421 ) ) ;
#5683 = CARTESIAN_POINT ( 'NONE',  ( -51.79583333333333428, 11.59585481156727838, 8.700000000000001066 ) ) ;
#5684 = ADVANCED_FACE ( 'NONE', ( #3108 ), #2155, .F. ) ;
#5685 = CARTESIAN_POINT ( 'NONE',  ( 50.16250000000000853, 12.80829037686548943, 8.000000000000000000 ) ) ;
#5686 = ADVANCED_FACE ( 'NONE', ( #3645 ), #5158, .F. ) ;
#5687 = B_SPLINE_CURVE_WITH_KNOTS ( 'NONE', 3,
 ( #5858, #2689, #6248, #4204, #4745, #2765, #3700, #2176 ),
 .UNSPECIFIED., .F., .F.,
 ( 4, 2, 2, 4 ),
 ( 0.000000000000000000, 0.0007863557556716439410, 0.001179533633507468459, 0.001572711511343292869 ),
 .UNSPECIFIED. ) ;
#5688 = AXIS2_PLACEMENT_3D ( 'NONE', #2532, #5654, #1041 ) ;
#5689 = CARTESIAN_POINT ( 'NONE',  ( 51.40000242597918856, -12.16334422853726593, 8.680674144328524022 ) ) ;
#5690 = LINE ( 'NONE', #6604, #6408 ) ;
#5691 = CARTESIAN_POINT ( 'NONE',  ( 50.08229166714461655, 12.77028028193218745, 8.444721528125000987 ) ) ;
#5692 = DIRECTION ( 'NONE',  ( 0.000000000000000000, -0.000000000000000000, 1.000000000000000000 ) ) ;
#5693 = CARTESIAN_POINT ( 'NONE',  ( 50.56810950253895953, -11.39786796497629595, 7.652358907491377593 ) ) ;
#5694 = CARTESIAN_POINT ( 'NONE',  ( -51.86145833381129222, -11.48647981204520363, 7.110556943749999803 ) ) ;
#5695 = VERTEX_POINT ( 'NONE', #2125 ) ;
#5696 = CARTESIAN_POINT ( 'NONE',  ( 51.61354166714462366, -12.77028028193215370, 7.555278471875000790 ) ) ;
#5697 = DIRECTION ( 'NONE',  ( 0.000000000000000000, 0.000000000000000000, -1.000000000000000000 ) ) ;
#5698 = LINE ( 'NONE', #5198, #1987 ) ;
#5699 = CARTESIAN_POINT ( 'NONE',  ( -51.20520833381134906, -12.77028028193215370, 7.555278471875000790 ) ) ;
#5700 = CARTESIAN_POINT ( 'NONE',  ( -50.25729166714462082, -12.77028028193215370, 8.444721528125000987 ) ) ;
#5701 = ORIENTED_EDGE ( 'NONE', *, *, #4016, .F. ) ;
#5702 = CARTESIAN_POINT ( 'NONE',  ( 50.56810950272230798, 12.60213203529872317, 7.652358907332596161 ) ) ;
#5703 = CARTESIAN_POINT ( 'NONE',  ( 50.14062500047796789, 12.00000000000001776, 8.889443056249968222 ) ) ;
#5704 = CARTESIAN_POINT ( 'NONE',  ( 51.33645833381128654, -12.51352018795476262, 7.110556943749999803 ) ) ;
#5705 = LINE ( 'NONE', #5642, #2529 ) ;
#5706 = CYLINDRICAL_SURFACE ( 'NONE', #6477, 0.6999999999999992895 ) ;
#5707 = ORIENTED_EDGE ( 'NONE', *, *, #1080, .F. ) ;
#5708 = DIRECTION ( 'NONE',  ( 1.000000000000000000, 0.000000000000000000, 0.000000000000000000 ) ) ;
#5709 = CARTESIAN_POINT ( 'NONE',  ( 51.40937500047795794, 13.02704037590958031, 8.000000000000000000 ) ) ;
#5710 = ORIENTED_EDGE ( 'NONE', *, *, #4702, .F. ) ;
#5711 = DIRECTION ( 'NONE',  ( 1.334402673828313339E-16, -1.000000000000000000, -0.000000000000000000 ) ) ;
#5712 =( BOUNDED_CURVE ( )  B_SPLINE_CURVE ( 2, ( #2990, #3051, #5016, #5075, #5578, #6134, #399 ),
 .UNSPECIFIED., .F., .T. ) 
 B_SPLINE_CURVE_WITH_KNOTS ( ( 3, 2, 2, 3 ),
 ( 0.01976069696071197646, 0.02049261553805677150, 0.02122453411540156654, 0.02195645269274636158 ),
 .UNSPECIFIED. ) 
 CURVE ( )  GEOMETRIC_REPRESENTATION_ITEM ( )  RATIONAL_B_SPLINE_CURVE ( ( 0.9999999999996299627, 0.8660254037848088560, 1.000000000000000000, 0.8660254037844388186, 1.000000000000000000, 0.8660254037844388186, 1.000000000000000000 ) ) 
 REPRESENTATION_ITEM ( '' )  );
#5713 = CARTESIAN_POINT ( 'NONE',  ( -49.99999999999997158, 11.31685957673765230, 8.152981239696568849 ) ) ;
#5714 = VECTOR ( 'NONE', #1133, 1000.000000000000000 ) ;
#5715 = CARTESIAN_POINT ( 'NONE',  ( -50.62187500047796362, 12.00000000000001776, 8.889443056249998421 ) ) ;
#5716 = CARTESIAN_POINT ( 'NONE',  ( -50.00157177205404935, 11.31939093324281664, 8.155314791077810099 ) ) ;
#5717 = AXIS2_PLACEMENT_3D ( 'NONE', #5273, #1096, #1241 ) ;
#5718 = CARTESIAN_POINT ( 'NONE',  ( -33.20000000000000284, 29.31595971334868267, -5.282400702455986696 ) ) ;
#5719 = DIRECTION ( 'NONE',  ( 1.000000000000000000, 0.000000000000000000, 0.000000000000000000 ) ) ;
#5720 = CARTESIAN_POINT ( 'NONE',  ( 50.81145833381128796, 12.51352018795479815, 8.889443056249998421 ) ) ;
#5721 = DIRECTION ( 'NONE',  ( -1.000000000000000000, 0.000000000000000000, 0.000000000000000000 ) ) ;
#5722 = ADVANCED_FACE ( 'NONE', ( #567 ), #2091, .F. ) ;
#5723 = CYLINDRICAL_SURFACE ( 'NONE', #3252, 5.999999999999998224 ) ;
#5724 = CARTESIAN_POINT ( 'NONE',  ( -51.39479166714462366, -11.48647981204520363, 8.889443056249998421 ) ) ;
#5725 = CYLINDRICAL_SURFACE ( 'NONE', #5985, 0.6999999999999992895 ) ;
#5726 =( NAMED_UNIT ( * ) SI_UNIT ( $, .STERADIAN. ) SOLID_ANGLE_UNIT ( ) );
#5727 = EDGE_CURVE ( 'NONE', #2955, #1282, #4270, .T. ) ;
#5728 = EDGE_CURVE ( 'NONE', #808, #6245, #4633, .T. ) ;
#5729 = CARTESIAN_POINT ( 'NONE',  ( 51.17604166714463076, -12.51352018795476440, 8.889443056249998421 ) ) ;
#5730 = CARTESIAN_POINT ( 'NONE',  ( 51.38750000095591020, 12.00000000000001776, 8.699999999999999289 ) ) ;
#5731 = VECTOR ( 'NONE', #1619, 1000.000000000000000 ) ;
#5732 = FACE_BOUND ( 'NONE', #6318, .T. ) ;
#5733 = CARTESIAN_POINT ( 'NONE',  ( 50.80416666666560133, -11.59585481157152564, 7.299999999991220179 ) ) ;
#5734 = CARTESIAN_POINT ( 'NONE',  ( -51.13229166714462082, -11.22971971806781255, 7.555278471875000790 ) ) ;
#5735 = VERTEX_POINT ( 'NONE', #3139 ) ;
#5736 = ORIENTED_EDGE ( 'NONE', *, *, #2370, .F. ) ;
#5737 = DIRECTION ( 'NONE',  ( -1.000000000000000000, -2.478176394252582004E-17, -9.019824427690872349E-18 ) ) ;
#5738 = CARTESIAN_POINT ( 'NONE',  ( 50.11145833381131354, 12.51352018795477861, 8.889443056249968222 ) ) ;
#5739 = DIRECTION ( 'NONE',  ( 0.000000000000000000, 0.000000000000000000, -1.000000000000000000 ) ) ;
#5740 = CARTESIAN_POINT ( 'NONE',  ( 50.22083333333333144, -11.59585481156724462, 8.700000000000001066 ) ) ;
#5741 = DIRECTION ( 'NONE',  ( 0.000000000000000000, -1.000000000000000000, 0.000000000000000000 ) ) ;
#5742 = CARTESIAN_POINT ( 'NONE',  ( 36.38000000000000256, -19.99999999999998224, -25.36029765733796637 ) ) ;
#5743 = EDGE_LOOP ( 'NONE', ( #3295, #4175, #1119, #4602, #4261, #6079, #1559, #657, #2358, #824, #5736, #2163 ) ) ;
#5744 = VECTOR ( 'NONE', #3236, 1000.000000000000000 ) ;
#5745 = B_SPLINE_CURVE_WITH_KNOTS ( 'NONE', 3,
 ( #4591, #6606, #2981, #5004, #3998, #6040, #388, #5036 ),
 .UNSPECIFIED., .F., .F.,
 ( 4, 2, 2, 4 ),
 ( 9.341771812940338307E-18, 0.0008067062426450436223, 0.001210059363967559091, 0.001613412485290074668 ),
 .UNSPECIFIED. ) ;
#5746 = VERTEX_POINT ( 'NONE', #73 ) ;
#5747 = CARTESIAN_POINT ( 'NONE',  ( -50.08229166714463076, -11.22971971806783920, 7.555278471875015001 ) ) ;
#5748 = VECTOR ( 'NONE', #2548, 1000.000000000000000 ) ;
#5749 = CARTESIAN_POINT ( 'NONE',  ( 50.73854166714462366, 12.77028028193218745, 8.444721528125000987 ) ) ;
#5750 = CARTESIAN_POINT ( 'NONE',  ( 35.00000000000001421, 13.00000000000001776, -11.22092438160143857 ) ) ;
#5751 = CARTESIAN_POINT ( 'NONE',  ( 51.99999999999999289, 30.00000000000001776, 1.899999999999999023 ) ) ;
#5752 = CARTESIAN_POINT ( 'NONE',  ( -50.82604166714462934, 11.48647981204523738, 7.110556943750000691 ) ) ;
#5753 = CARTESIAN_POINT ( 'NONE',  ( -49.99125214585279053, 11.29120818365090884, 8.031814416353112662 ) ) ;
#5754 =( BOUNDED_CURVE ( )  B_SPLINE_CURVE ( 2, ( #5906, #1215, #3823, #3282, #4865, #3711, #4794 ),
 .UNSPECIFIED., .F., .F. ) 
 B_SPLINE_CURVE_WITH_KNOTS ( ( 3, 2, 2, 3 ),
 ( 0.4166666666666670182, 0.4444444444444450304, 0.4722222222222230426, 0.5000000000000011102 ),
 .UNSPECIFIED. ) 
 CURVE ( )  GEOMETRIC_REPRESENTATION_ITEM ( )  RATIONAL_B_SPLINE_CURVE ( ( 0.9999999999999984457, 0.8660254037844402619, 1.000000000000000000, 0.8660254037844387076, 1.000000000000000000, 0.8660254037844333785, 1.000000000000005329 ) ) 
 REPRESENTATION_ITEM ( '' )  );
#5755 = CARTESIAN_POINT ( 'NONE',  ( -49.99999999999997158, 12.37589578607238572, 7.280741631061554031 ) ) ;
#5756 = DIRECTION ( 'NONE',  ( -1.000000000000000000, 0.000000000000000000, 0.000000000000000000 ) ) ;
#5757 = CARTESIAN_POINT ( 'NONE',  ( 50.76770833381135617, -11.48647981204520363, 8.889443056250000197 ) ) ;
#5758 = DIRECTION ( 'NONE',  ( 1.000000000000000000, 0.000000000000000000, 0.000000000000000000 ) ) ;
#5759 = CARTESIAN_POINT ( 'NONE',  ( 50.33477616920563236, -11.99999999999998224, 8.695282185017244814 ) ) ;
#5760 = CARTESIAN_POINT ( 'NONE',  ( -50.04583333333333428, -12.40414518843271985, 8.700000000000001066 ) ) ;
#5761 = CARTESIAN_POINT ( 'NONE',  ( -51.00000000000000000, 29.00000000000001421, -30.00000000000000000 ) ) ;
#5762 = EDGE_LOOP ( 'NONE', ( #1974, #3432, #1784, #6087 ) ) ;
#5763 = CARTESIAN_POINT ( 'NONE',  ( 51.18442708332855062, 12.60457715765629239, 7.650947215281250102 ) ) ;
#5764 = CARTESIAN_POINT ( 'NONE',  ( -51.37791465619994113, -12.74188116698663897, 7.884975874399374973 ) ) ;
#5765 = LINE ( 'NONE', #3114, #5832 ) ;
#5766 = CARTESIAN_POINT ( 'NONE',  ( 49.99999999999998579, -12.68314058669670175, 7.847019488603834247 ) ) ;
#5767 = CARTESIAN_POINT ( 'NONE',  ( 51.99999999999999289, -29.99999999999998224, 10.00000000000000000 ) ) ;
#5768 = CARTESIAN_POINT ( 'NONE',  ( -13.64999999999999503, 33.00000000000000000, 0.2782140559721966167 ) ) ;
#5769 = CARTESIAN_POINT ( 'NONE',  ( -49.99479166714461797, -11.48647981204520363, 8.889443056249998421 ) ) ;
#5770 = EDGE_CURVE ( 'NONE', #2639, #6136, #6370, .T. ) ;
#5771 = EDGE_LOOP ( 'NONE', ( #3809, #5504, #3348, #3052 ) ) ;
#5772 = EDGE_CURVE ( 'NONE', #1282, #2992, #3205, .T. ) ;
#5773 = EDGE_LOOP ( 'NONE', ( #749, #3662, #2389, #115 ) ) ;
#5774 = ORIENTED_EDGE ( 'NONE', *, *, #3874, .F. ) ;
#5775 = CARTESIAN_POINT ( 'NONE',  ( 50.18894283605565221, 12.40142135686582314, 7.304717814665191433 ) ) ;
#5776 = CARTESIAN_POINT ( 'NONE',  ( -51.64270833381129222, 11.48647981204523738, 8.889443056249998421 ) ) ;
#5777 = CARTESIAN_POINT ( 'NONE',  ( -51.94276041666188348, -11.39542284234370761, 7.650947215281250102 ) ) ;
#5778 = CARTESIAN_POINT ( 'NONE',  ( 51.04479166714461513, -11.48647981204520363, 7.110556943749999803 ) ) ;
#5779 = CARTESIAN_POINT ( 'NONE',  ( -51.78854166714462792, -11.22971971806781255, 7.555278471875000790 ) ) ;
#5780 = DIRECTION ( 'NONE',  ( 1.000000000000000000, 0.000000000000000000, -0.000000000000000000 ) ) ;
#5781 = ORIENTED_EDGE ( 'NONE', *, *, #1412, .F. ) ;
#5782 = VECTOR ( 'NONE', #6255, 1000.000000000000000 ) ;
#5783 = EDGE_LOOP ( 'NONE', ( #3616, #1666, #5774, #461 ) ) ;
#5784 = CARTESIAN_POINT ( 'NONE',  ( 50.99999999999999289, 29.00000000000001421, -30.00000000000000000 ) ) ;
#5785 = LINE ( 'NONE', #3233, #384 ) ;
#5786 = CARTESIAN_POINT ( 'NONE',  ( 50.51250380083284597, 12.00005265263914644, 7.300000000000001599 ) ) ;
#5787 = CARTESIAN_POINT ( 'NONE',  ( -50.33020833381129222, 12.77028028193218745, 8.444721528124999210 ) ) ;
#5788 = CARTESIAN_POINT ( 'NONE',  ( -51.19062500047795794, 12.00000000000001776, 7.110556943750000691 ) ) ;
#5789 = ADVANCED_FACE ( 'NONE', ( #137 ), #2184, .F. ) ;
#5790 = CARTESIAN_POINT ( 'NONE',  ( 51.71562500047794941, 12.00000000000001776, 7.110556943750000691 ) ) ;
#5791 = LINE ( 'NONE', #670, #1242 ) ;
#5792 = CARTESIAN_POINT ( 'NONE',  ( 50.68020833381135049, -11.22971971806781255, 7.555278471875000790 ) ) ;
#5793 = CARTESIAN_POINT ( 'NONE',  ( -33.19999999999999574, 5.000000000000018652, -26.00000000000001066 ) ) ;
#5794 = CARTESIAN_POINT ( 'NONE',  ( 50.63026041666187638, -12.40305143843749924, 8.698105569437499796 ) ) ;
#5795 = CARTESIAN_POINT ( 'NONE',  ( -51.10312500047795936, -10.97295962409042147, 8.000000000000000000 ) ) ;
#5796 = CARTESIAN_POINT ( 'NONE',  ( 50.99999999999999289, -23.00000000000001421, -27.45220836013659138 ) ) ;
#5797 = CARTESIAN_POINT ( 'NONE',  ( -51.00000000000000000, -23.00000000000002132, -26.45220836013659138 ) ) ;
#5798 = CARTESIAN_POINT ( 'NONE',  ( 50.36776041666188064, 11.39542284234374137, 7.650947215281250102 ) ) ;
#5799 = CARTESIAN_POINT ( 'NONE',  ( 50.99999999999998579, 26.51471862576145000, -9.430324622293049686 ) ) ;
#5800 = CARTESIAN_POINT ( 'NONE',  ( 50.62187500047796362, -11.99999999999998224, 7.110556943750000691 ) ) ;
#5801 = VERTEX_POINT ( 'NONE', #3892 ) ;
#5802 = DIRECTION ( 'NONE',  ( -0.000000000000000000, 0.9396926207859082059, 0.3420201433256695456 ) ) ;
#5803 = CARTESIAN_POINT ( 'NONE',  ( -50.60729166714463645, -12.77028028193212705, 8.444721528124984999 ) ) ;
#5804 = CARTESIAN_POINT ( 'NONE',  ( 50.74583333333229263, -12.40414518843778069, 7.300000000007430323 ) ) ;
#5805 = CARTESIAN_POINT ( 'NONE',  ( -51.49687500047795652, -11.99999999999998224, 7.110556943750001579 ) ) ;
#5806 = ORIENTED_EDGE ( 'NONE', *, *, #435, .T. ) ;
#5807 = ORIENTED_EDGE ( 'NONE', *, *, #1795, .F. ) ;
#5808 = ORIENTED_EDGE ( 'NONE', *, *, #5615, .F. ) ;
#5809 = EDGE_CURVE ( 'NONE', #1918, #1153, #1302, .T. ) ;
#5810 = CARTESIAN_POINT ( 'NONE',  ( 49.86810950272231224, 12.60213203529872317, 7.652358907332596161 ) ) ;
#5811 = CARTESIAN_POINT ( 'NONE',  ( -50.08229166714461655, 12.77028028193218745, 7.555278471875000790 ) ) ;
#5812 = DIRECTION ( 'NONE',  ( 1.334402673828313339E-16, -1.000000000000000000, -0.000000000000000000 ) ) ;
#5813 = EDGE_CURVE ( 'NONE', #1228, #6065, #1212, .T. ) ;
#5814 = CARTESIAN_POINT ( 'NONE',  ( 51.07395833381128369, -11.22971971806781255, 7.555278471875000790 ) ) ;
#5815 = EDGE_CURVE ( 'NONE', #1961, #4945, #247, .T. ) ;
#5816 = CARTESIAN_POINT ( 'NONE',  ( -50.24270833381129364, -12.51352018795476262, 8.889443056249998421 ) ) ;
#5817 = CARTESIAN_POINT ( 'NONE',  ( -51.24166666666666714, 12.60621778264912329, 7.650000000000000355 ) ) ;
#5818 = CARTESIAN_POINT ( 'NONE',  ( -51.39999999999999147, -12.68373971655883814, 8.150000000000055422 ) ) ;
#5819 = ORIENTED_EDGE ( 'NONE', *, *, #4127, .F. ) ;
#5820 = ORIENTED_EDGE ( 'NONE', *, *, #6026, .T. ) ;
#5821 = CYLINDRICAL_SURFACE ( 'NONE', #4017, 1.000000000000000888 ) ;
#5822 = CARTESIAN_POINT ( 'NONE',  ( 50.00000000000000000, -12.47007868331142966, 7.380273173063731207 ) ) ;
#5823 = CARTESIAN_POINT ( 'NONE',  ( 51.29270833381129080, 11.48647981204523738, 7.110556943749999803 ) ) ;
#5824 = ADVANCED_FACE ( 'NONE', ( #4862 ), #777, .F. ) ;
#5825 = AXIS2_PLACEMENT_3D ( 'NONE', #3969, #4974, #4111 ) ;
#5826 = CARTESIAN_POINT ( 'NONE',  ( -51.26354166714462934, 11.22971971806784808, 8.444721528124999210 ) ) ;
#5827 = CARTESIAN_POINT ( 'NONE',  ( -51.89062500047795368, 12.00000000000001776, 7.110556943750000691 ) ) ;
#5828 = AXIS2_PLACEMENT_3D ( 'NONE', #6493, #5958, #2451 ) ;
#5829 = CARTESIAN_POINT ( 'NONE',  ( 51.42395833381129222, 12.77028028193218745, 7.555278471875000790 ) ) ;
#5830 = DIRECTION ( 'NONE',  ( -1.000000000000000000, 0.000000000000000000, 0.000000000000000000 ) ) ;
#5831 = CARTESIAN_POINT ( 'NONE',  ( 51.38945811349105242, -11.14829202778798845, 7.696315368582641980 ) ) ;
#5832 = VECTOR ( 'NONE', #1015, 1000.000000000000000 ) ;
#5833 = DIRECTION ( 'NONE',  ( 1.334402673828313339E-16, -1.000000000000000000, 0.000000000000000000 ) ) ;
#5834 = CARTESIAN_POINT ( 'NONE',  ( 51.24276041666188064, -11.39542284234370761, 8.349052784718749010 ) ) ;
#5835 = CARTESIAN_POINT ( 'NONE',  ( -50.78229166714461940, -11.22971971806781255, 7.555278471875000790 ) ) ;
#5836 = CARTESIAN_POINT ( 'NONE',  ( 4.750000000000004441, 30.00000000000001066, 0.8999999999999980238 ) ) ;
#5837 = ORIENTED_EDGE ( 'NONE', *, *, #668, .F. ) ;
#5838 = CARTESIAN_POINT ( 'NONE',  ( 51.59166666666666856, 12.60621778264912329, 8.349999999999999645 ) ) ;
#5839 = CARTESIAN_POINT ( 'NONE',  ( 52.00000000000000000, 12.00000000000001776, 8.000000000000000000 ) ) ;
#5840 = CARTESIAN_POINT ( 'NONE',  ( 50.50520833381129648, -12.77028028193215548, 8.444721528124999210 ) ) ;
#5841 = CARTESIAN_POINT ( 'NONE',  ( -50.07500000095591730, -12.80829037686545746, 8.000000000000000000 ) ) ;
#5842 = CARTESIAN_POINT ( 'NONE',  ( -51.24166666762258160, 12.40414518843276248, 8.699999999999983302 ) ) ;
#5843 = CARTESIAN_POINT ( 'NONE',  ( -50.30104166714468050, -11.48647981204520363, 8.889443056249998421 ) ) ;
#5844 = CARTESIAN_POINT ( 'NONE',  ( -50.88437500047795936, -13.02704037590954478, 8.000000000000000000 ) ) ;
#5845 = ORIENTED_EDGE ( 'NONE', *, *, #2029, .F. ) ;
#5846 = ORIENTED_EDGE ( 'NONE', *, *, #3183, .T. ) ;
#5847 = VERTEX_POINT ( 'NONE', #3924 ) ;
#5848 = CARTESIAN_POINT ( 'NONE',  ( 50.65560950272232077, 12.40142135686582314, 8.695282185334807679 ) ) ;
#5849 = CARTESIAN_POINT ( 'NONE',  ( -50.54895833381129222, 11.22971971806784630, 7.555278471875000790 ) ) ;
#5850 = CARTESIAN_POINT ( 'NONE',  ( -51.53442708332855204, -11.39542284234370761, 8.349052784718749010 ) ) ;
#5851 = CARTESIAN_POINT ( 'NONE',  ( 50.86979166714462508, -12.51352018795476440, 8.889443056249998421 ) ) ;
#5852 = CARTESIAN_POINT ( 'NONE',  ( -50.76770833381129933, -11.48647981204520363, 7.110556943750000691 ) ) ;
#5853 = CARTESIAN_POINT ( 'NONE',  ( 50.06770833381136043, 12.51352018795479815, 8.889443056250000197 ) ) ;
#5854 = DIRECTION ( 'NONE',  ( 0.000000000000000000, -0.000000000000000000, 1.000000000000000000 ) ) ;
#5855 = ORIENTED_EDGE ( 'NONE', *, *, #5192, .T. ) ;
#5856 = ORIENTED_EDGE ( 'NONE', *, *, #1701, .F. ) ;
#5857 = CARTESIAN_POINT ( 'NONE',  ( 49.99999999999999289, -11.48827964609393781, 7.272503450379583789 ) ) ;
#5858 = CARTESIAN_POINT ( 'NONE',  ( 49.99999999999999289, 12.51172035390609594, 7.272503450379606882 ) ) ;
#5859 = CARTESIAN_POINT ( 'NONE',  ( -51.73750000095591162, 12.00000000000001776, 7.300000000000000711 ) ) ;
#5860 = CARTESIAN_POINT ( 'NONE',  ( -50.74583333333333712, 11.59585481156727838, 8.700000000000001066 ) ) ;
#5861 = VERTEX_POINT ( 'NONE', #2297 ) ;
#5862 = EDGE_CURVE ( 'NONE', #3266, #2310, #4283, .T. ) ;
#5863 = VECTOR ( 'NONE', #1, 1000.000000000000000 ) ;
#5864 = EDGE_CURVE ( 'NONE', #1153, #4237, #1505, .T. ) ;
#5865 = DIRECTION ( 'NONE',  ( -1.000000000000000000, 0.000000000000000000, 0.000000000000000000 ) ) ;
#5866 = CARTESIAN_POINT ( 'NONE',  ( -51.99999999999999289, -27.10050506338833287, -28.94467014866779309 ) ) ;
#5867 = LINE ( 'NONE', #3989, #3490 ) ;
#5868 = CARTESIAN_POINT ( 'NONE',  ( -51.39999999999999147, 12.00000000000001776, 9.500000000000001776 ) ) ;
#5869 = AXIS2_PLACEMENT_3D ( 'NONE', #3586, #3050, #5135 ) ;
#5870 = CARTESIAN_POINT ( 'NONE',  ( 50.22192708332855915, -11.59694856156246701, 8.698105569437499796 ) ) ;
#5871 = CARTESIAN_POINT ( 'NONE',  ( -20.54999999999999361, 28.00000000000000711, 0.2782140559721967832 ) ) ;
#5872 = AXIS2_PLACEMENT_3D ( 'NONE', #5354, #3777, #5830 ) ;
#5873 = DIRECTION ( 'NONE',  ( 0.000000000000000000, 0.000000000000000000, 1.000000000000000000 ) ) ;
#5874 = ORIENTED_EDGE ( 'NONE', *, *, #3020, .T. ) ;
#5875 = CARTESIAN_POINT ( 'NONE',  ( 51.35833333333333428, 11.39378221735091223, 8.349999999999999645 ) ) ;
#5876 = CARTESIAN_POINT ( 'NONE',  ( 52.00000000000000000, 30.00000000000002132, -8.161785944027805328 ) ) ;
#5877 = CARTESIAN_POINT ( 'NONE',  ( 51.44583333428924732, -12.60621778264908954, 8.349999999999999645 ) ) ;
#5878 = CARTESIAN_POINT ( 'NONE',  ( 51.39999999999999147, -12.00815067340503184, 8.026943859230120992 ) ) ;
#5879 = CARTESIAN_POINT ( 'NONE',  ( 50.71666666666628487, -12.60621778264966864, 7.649999999999667288 ) ) ;
#5880 = EDGE_CURVE ( 'NONE', #1531, #4262, #706, .T. ) ;
#5881 = CARTESIAN_POINT ( 'NONE',  ( -50.09687500047795794, -11.99999999999998224, 7.110556943750001579 ) ) ;
#5882 = EDGE_LOOP ( 'NONE', ( #1452, #1022, #3684, #482 ) ) ;
#5883 = ORIENTED_EDGE ( 'NONE', *, *, #4018, .F. ) ;
#5884 = CARTESIAN_POINT ( 'NONE',  ( 51.86145833381129222, -11.48647981204520363, 8.889443056249998421 ) ) ;
#5885 = CARTESIAN_POINT ( 'NONE',  ( -49.89110538829205410, 11.13285713816551414, 8.197919699577399300 ) ) ;
#5886 = CARTESIAN_POINT ( 'NONE',  ( -51.97192708332855915, -11.59694856156246701, 7.301894430562501093 ) ) ;
#5887 = LINE ( 'NONE', #3974, #353 ) ;
#5888 = CARTESIAN_POINT ( 'NONE',  ( -51.26354166714462934, -12.77028028193215370, 8.444721528124999210 ) ) ;
#5889 = CARTESIAN_POINT ( 'NONE',  ( 50.35937500047803184, 13.02704037590958031, 8.000000000000000000 ) ) ;
#5890 = CARTESIAN_POINT ( 'NONE',  ( -50.66562500047797357, 12.00000000000001776, 8.889443056249973552 ) ) ;
#5891 = ORIENTED_EDGE ( 'NONE', *, *, #5951, .T. ) ;
#5892 = ORIENTED_EDGE ( 'NONE', *, *, #4432, .F. ) ;
#5893 = AXIS2_PLACEMENT_3D ( 'NONE', #441, #4545, #1028 ) ;
#5894 = CARTESIAN_POINT ( 'NONE',  ( -49.99999999999998579, -22.99999999999999645, 10.00000000000000178 ) ) ;
#5895 = CARTESIAN_POINT ( 'NONE',  ( 51.78854166714462792, 12.77028028193218745, 8.444721528125000987 ) ) ;
#5896 = CARTESIAN_POINT ( 'NONE',  ( -51.24166666762258160, 12.40414518843275538, 8.700000000000001066 ) ) ;
#5897 = CARTESIAN_POINT ( 'NONE',  ( -50.13333333333332575, 12.60621778264912329, 8.349999999999999645 ) ) ;
#5898 = EDGE_LOOP ( 'NONE', ( #4037, #4877, #6164, #4128 ) ) ;
#5899 = CARTESIAN_POINT ( 'NONE',  ( 49.99999999999998579, -12.50939452458637291, 8.511822325532204303 ) ) ;
#5900 = CARTESIAN_POINT ( 'NONE',  ( -35.99999999999999289, 19.00000000000001776, -9.037102976004216970 ) ) ;
#5901 = CARTESIAN_POINT ( 'NONE',  ( 52.00000000000000000, 12.00000000000001776, 8.699999999999999289 ) ) ;
#5902 = EDGE_CURVE ( 'NONE', #4732, #6413, #5459, .T. ) ;
#5903 = CARTESIAN_POINT ( 'NONE',  ( 51.56359374999522061, -11.19389712312494822, 8.000000000000000000 ) ) ;
#5904 = CARTESIAN_POINT ( 'NONE',  ( -19.54999999999999361, 30.00000000000000711, -0.9217859440278045602 ) ) ;
#5905 = ADVANCED_FACE ( 'NONE', ( #6329 ), #811, .F. ) ;
#5906 = CARTESIAN_POINT ( 'NONE',  ( -50.86250000095591162, 12.00000000000001776, 8.699999999999999289 ) ) ;
#5907 = B_SPLINE_CURVE_WITH_KNOTS ( 'NONE', 3,
 ( #305, #6465, #1348, #2360, #6023, #3916 ),
 .UNSPECIFIED., .F., .F.,
 ( 4, 2, 4 ),
 ( 0.2149376083518148017, 0.3389061902560700501, 0.4628747721603253540 ),
 .UNSPECIFIED. ) ;
#5908 = EDGE_CURVE ( 'NONE', #4219, #1918, #3857, .T. ) ;
#5909 = CARTESIAN_POINT ( 'NONE',  ( 50.84062500047797073, -11.99999999999998224, 8.889443056249969999 ) ) ;
#5910 = CARTESIAN_POINT ( 'NONE',  ( 51.70833333333332860, 11.39378221735091223, 8.349999999999999645 ) ) ;
#5911 = DIRECTION ( 'NONE',  ( -1.000000000000000000, 0.000000000000000000, 0.000000000000000000 ) ) ;
#5912 = CARTESIAN_POINT ( 'NONE',  ( 51.27083333428925016, -11.39378221735087671, 7.650000000000000355 ) ) ;
#5913 = ORIENTED_EDGE ( 'NONE', *, *, #1880, .F. ) ;
#5914 = CARTESIAN_POINT ( 'NONE',  ( 51.39999999999997016, -12.48345053949476480, 7.348744186634206699 ) ) ;
#5915 = CARTESIAN_POINT ( 'NONE',  ( -51.21979166714464071, -12.51352018795474486, 7.110556943750030001 ) ) ;
#5916 = CARTESIAN_POINT ( 'NONE',  ( -50.07499999999998863, 11.99999999999982236, 8.700000000000002842 ) ) ;
#5917 = CARTESIAN_POINT ( 'NONE',  ( -50.70937500047796220, -10.97295962409042325, 8.000000000000000000 ) ) ;
#5918 = VERTEX_POINT ( 'NONE', #3279 ) ;
#5919 = EDGE_LOOP ( 'NONE', ( #1121, #3395, #5018, #2874 ) ) ;
#5920 = CARTESIAN_POINT ( 'NONE',  ( -50.60729166714462224, 11.22971971806784808, 8.444721528125000987 ) ) ;
#5921 = CARTESIAN_POINT ( 'NONE',  ( -51.06666666666666288, -12.60621778264908954, 8.349999999999999645 ) ) ;
#5922 = CARTESIAN_POINT ( 'NONE',  ( 50.19895833381128369, -12.77028028193215548, 8.444721528124999210 ) ) ;
#5923 = CARTESIAN_POINT ( 'NONE',  ( -50.56354166714462650, -12.77028028193215370, 8.444721528124999210 ) ) ;
#5924 = FACE_BOUND ( 'NONE', #685, .T. ) ;
#5925 = CARTESIAN_POINT ( 'NONE',  ( -50.72395833381129648, 12.77028028193216613, 8.444721528124984999 ) ) ;
#5926 = ORIENTED_EDGE ( 'NONE', *, *, #4707, .F. ) ;
#5927 = ORIENTED_EDGE ( 'NONE', *, *, #2486, .F. ) ;
#5928 = CARTESIAN_POINT ( 'NONE',  ( -51.39999999999998437, 12.39574987300514231, 8.790902917348809353 ) ) ;
#5929 = DIRECTION ( 'NONE',  ( -1.000000000000000000, 0.000000000000000000, 0.000000000000000000 ) ) ;
#5930 = CARTESIAN_POINT ( 'NONE',  ( 51.32916666762258728, 12.60621778264912329, 8.349999999999999645 ) ) ;
#5931 = CARTESIAN_POINT ( 'NONE',  ( -49.85592661420626825, 11.16268285950455308, 8.328610283113567547 ) ) ;
#5932 = CARTESIAN_POINT ( 'NONE',  ( -51.42395833381129222, 12.77028028193218745, 8.444721528124999210 ) ) ;
#5933 = ORIENTED_EDGE ( 'NONE', *, *, #1657, .F. ) ;
#5934 = FACE_OUTER_BOUND ( 'NONE', #5011, .T. ) ;
#5935 = CARTESIAN_POINT ( 'NONE',  ( 51.27083333428925016, -11.39378221735087671, 7.650000000000000355 ) ) ;
#5936 = CARTESIAN_POINT ( 'NONE',  ( 50.51249999999999574, 12.80829037686549121, 8.000000000000000000 ) ) ;
#5937 = CARTESIAN_POINT ( 'NONE',  ( 51.09692708332855204, -12.40305143843749924, 7.301894430562501093 ) ) ;
#5938 = CARTESIAN_POINT ( 'NONE',  ( -49.88078339633551650, -12.90305820061927911, 8.040534144050338838 ) ) ;
#5939 = CARTESIAN_POINT ( 'NONE',  ( 52.00000000000000000, -11.99999999999998224, 8.699999999999999289 ) ) ;
#5940 = VECTOR ( 'NONE', #91, 1000.000000000000000 ) ;
#5941 = CARTESIAN_POINT ( 'NONE',  ( 49.99999999999999289, 11.64166227680424726, 8.626928221547958131 ) ) ;
#5942 = CARTESIAN_POINT ( 'NONE',  ( 51.29999999999999716, 12.00000000000001776, 8.699999999999999289 ) ) ;
#5943 = CARTESIAN_POINT ( 'NONE',  ( -51.18333333333333002, -11.39378221735087493, 8.349999999999999645 ) ) ;
#5944 = CARTESIAN_POINT ( 'NONE',  ( 50.56354166714462650, -12.77028028193215370, 7.555278471875000790 ) ) ;
#5945 =( BOUNDED_CURVE ( )  B_SPLINE_CURVE ( 3, ( #4847, #1233, #4884, #3300 ),
 .UNSPECIFIED., .F., .F. ) 
 B_SPLINE_CURVE_WITH_KNOTS ( ( 4, 4 ),
 ( 0.000000000000000000, 1.570796326794897668 ),
 .UNSPECIFIED. ) 
 CURVE ( )  GEOMETRIC_REPRESENTATION_ITEM ( )  RATIONAL_B_SPLINE_CURVE ( ( 1.000000000000000000, 0.8047378541243646044, 0.8047378541243646044, 1.000000000000000000 ) ) 
 REPRESENTATION_ITEM ( '' )  );
#5946 = CARTESIAN_POINT ( 'NONE',  ( -3.449999999999995737, 33.00000000000000000, -1.599999999999998979 ) ) ;
#5947 = CARTESIAN_POINT ( 'NONE',  ( -50.69479166714464213, -11.48647981204522139, 8.889443056249969999 ) ) ;
#5948 = CARTESIAN_POINT ( 'NONE',  ( 51.27812500047797784, 10.97295962409049253, 8.000000000000000000 ) ) ;
#5949 = CARTESIAN_POINT ( 'NONE',  ( -50.50520833381129648, -12.77028028193215370, 7.555278471875000790 ) ) ;
#5950 = ORIENTED_EDGE ( 'NONE', *, *, #3443, .F. ) ;
#5951 = EDGE_CURVE ( 'NONE', #4450, #5201, #4491, .T. ) ;
#5952 = ADVANCED_FACE ( 'NONE', ( #173 ), #4933, .F. ) ;
#5953 = VERTEX_POINT ( 'NONE', #1722 ) ;
#5954 = CARTESIAN_POINT ( 'NONE',  ( -51.11770833381128654, 12.51352018795479815, 7.110556943750000691 ) ) ;
#5955 = CARTESIAN_POINT ( 'NONE',  ( -51.64999999999999147, -11.99999999999998224, 7.300000000000000711 ) ) ;
#5956 = CARTESIAN_POINT ( 'NONE',  ( 50.46145833381128654, -11.48647981204520363, 8.889443056249998421 ) ) ;
#5957 = CARTESIAN_POINT ( 'NONE',  ( -51.44583333428924732, -12.60621778264908954, 7.650000000000001243 ) ) ;
#5958 = DIRECTION ( 'NONE',  ( 0.000000000000000000, 0.000000000000000000, -1.000000000000000000 ) ) ;
#5959 = CARTESIAN_POINT ( 'NONE',  ( -50.69479166714464213, 12.51352018795478216, 8.889443056249971775 ) ) ;
#5960 = EDGE_LOOP ( 'NONE', ( #1317, #3648, #5975, #4816, #2210, #5495, #5950, #686 ) ) ;
#5961 = ORIENTED_EDGE ( 'NONE', *, *, #2409, .F. ) ;
#5962 = LINE ( 'NONE', #5996, #5509 ) ;
#5963 = CARTESIAN_POINT ( 'NONE',  ( 44.99999999999998579, -27.99999999999998224, 10.00000000000000178 ) ) ;
#5964 = CARTESIAN_POINT ( 'NONE',  ( 50.18437500047796362, 10.97295962409045522, 8.000000000000000000 ) ) ;
#5965 = CARTESIAN_POINT ( 'NONE',  ( -51.56250000095591446, 12.00000000000001776, 8.699999999999999289 ) ) ;
#5966 = CARTESIAN_POINT ( 'NONE',  ( -51.01562500047795368, 12.00000000000001776, 8.889443056250000197 ) ) ;
#5967 = VERTEX_POINT ( 'NONE', #6600 ) ;
#5968 = VECTOR ( 'NONE', #1387, 1000.000000000000000 ) ;
#5969 = CARTESIAN_POINT ( 'NONE',  ( 50.25729166714462082, 11.22971971806784808, 7.555278471875000790 ) ) ;
#5970 = CARTESIAN_POINT ( 'NONE',  ( 50.45416666666657335, -11.59585481156788767, 7.299999999998890488 ) ) ;
#5971 = CARTESIAN_POINT ( 'NONE',  ( 50.39583333333325044, 11.59585481156663889, 7.300000000001119815 ) ) ;
#5972 = CARTESIAN_POINT ( 'NONE',  ( -50.84062500047794941, -11.99999999999998224, 7.110556943750000691 ) ) ;
#5973 = CARTESIAN_POINT ( 'NONE',  ( 50.33750280145827105, -12.00003880489888886, 8.699999999999999289 ) ) ;
#5974 = VECTOR ( 'NONE', #1797, 1000.000000000000000 ) ;
#5975 = ORIENTED_EDGE ( 'NONE', *, *, #3574, .F. ) ;
#5976 = DIRECTION ( 'NONE',  ( 0.000000000000000000, 0.000000000000000000, -1.000000000000000000 ) ) ;
#5977 = CARTESIAN_POINT ( 'NONE',  ( 51.54062500047795226, 12.00000000000001776, 8.889443056250000197 ) ) ;
#5978 = DIRECTION ( 'NONE',  ( -1.000000000000000000, 0.000000000000000000, 0.000000000000000000 ) ) ;
#5979 = CARTESIAN_POINT ( 'NONE',  ( 51.73477616920563094, -11.99999999999998224, 8.695282185017244814 ) ) ;
#5980 = LINE ( 'NONE', #3902, #6043 ) ;
#5981 = CARTESIAN_POINT ( 'NONE',  ( 51.13229166714464213, 12.77028028193216080, 8.444721528124984999 ) ) ;
#5982 = CARTESIAN_POINT ( 'NONE',  ( -49.83703592025372586, -12.90305630419712202, 8.040572627733826749 ) ) ;
#5983 = EDGE_LOOP ( 'NONE', ( #1186, #6271, #767, #4985 ) ) ;
#5984 =( BOUNDED_CURVE ( )  B_SPLINE_CURVE ( 2, ( #3575, #2018, #4554, #1006, #3072, #69, #4618 ),
 .UNSPECIFIED., .F., .F. ) 
 B_SPLINE_CURVE_WITH_KNOTS ( ( 3, 2, 2, 3 ),
 ( 0.01097805995819176386, 0.01171001581961504841, 0.01244197168103833295, 0.01317392754246161923 ),
 .UNSPECIFIED. ) 
 CURVE ( )  GEOMETRIC_REPRESENTATION_ITEM ( )  RATIONAL_B_SPLINE_CURVE ( ( 1.000000000000137446, 0.8660254037843013730, 1.000000000000000000, 0.8660254037844387076, 1.000000000000000000, 0.8660254037845107611, 0.9999999999999279465 ) ) 
 REPRESENTATION_ITEM ( '' )  );
#5985 = AXIS2_PLACEMENT_3D ( 'NONE', #252, #3748, #2301 ) ;
#5986 = EDGE_CURVE ( 'NONE', #1422, #4418, #3676, .T. ) ;
#5987 = CARTESIAN_POINT ( 'NONE',  ( -50.04692708332855489, -12.40305143843749924, 8.698105569437499796 ) ) ;
#5988 = DIRECTION ( 'NONE',  ( 1.304085479583589596E-15, -0.9396926207859080948, -0.3420201433256694346 ) ) ;
#5989 = CARTESIAN_POINT ( 'NONE',  ( -50.74583333428924448, -12.60621778264908954, 7.650000000000001243 ) ) ;
#5990 = DIRECTION ( 'NONE',  ( 0.000000000000000000, 0.000000000000000000, -1.000000000000000000 ) ) ;
#5991 = CARTESIAN_POINT ( 'NONE',  ( -50.02395833381130075, 12.77028028193216613, 8.444721528124984999 ) ) ;
#5992 = ADVANCED_FACE ( 'NONE', ( #2467, #4459 ), #3570, .T. ) ;
#5993 = ORIENTED_EDGE ( 'NONE', *, *, #2486, .T. ) ;
#5994 = EDGE_CURVE ( 'NONE', #1497, #125, #5358, .T. ) ;
#5995 = ORIENTED_EDGE ( 'NONE', *, *, #6638, .F. ) ;
#5996 = CARTESIAN_POINT ( 'NONE',  ( -51.00000000000000000, 21.77691726716656717, -10.15474329268756648 ) ) ;
#5997 = CARTESIAN_POINT ( 'NONE',  ( -50.06770833381136754, 12.51352018795479815, 7.110556943750002468 ) ) ;
#5998 = CARTESIAN_POINT ( 'NONE',  ( 50.53437500047795794, 10.97295962409045522, 8.000000000000000000 ) ) ;
#5999 = CARTESIAN_POINT ( 'NONE',  ( 52.00000000000000000, -11.99999999999998224, 8.000000000000000000 ) ) ;
#6000 = CARTESIAN_POINT ( 'NONE',  ( -50.95729166714461655, 11.22971971806784808, 8.444721528125000987 ) ) ;
#6001 = EDGE_LOOP ( 'NONE', ( #5579, #3194, #3365, #5439 ) ) ;
#6002 = CARTESIAN_POINT ( 'NONE',  ( 50.05312500047796220, 13.02704037590958031, 8.000000000000000000 ) ) ;
#6003 = CARTESIAN_POINT ( 'NONE',  ( 52.00000000000000000, -11.99999999999998224, 8.699999999999999289 ) ) ;
#6004 = CARTESIAN_POINT ( 'NONE',  ( -50.00000000000000000, -11.32086575842416387, 7.529164300473653704 ) ) ;
#6005 = DIRECTION ( 'NONE',  ( 0.000000000000000000, 0.000000000000000000, 1.000000000000000000 ) ) ;
#6006 = DIRECTION ( 'NONE',  ( 1.000000000000000000, 0.000000000000000000, 0.000000000000000000 ) ) ;
#6007 = CARTESIAN_POINT ( 'NONE',  ( 50.12604166714463361, -12.51352018795476440, 8.889443056249998421 ) ) ;
#6008 = CARTESIAN_POINT ( 'NONE',  ( 51.30729166714464640, -12.77028028193212883, 7.555278471875014112 ) ) ;
#6009 = CARTESIAN_POINT ( 'NONE',  ( 50.54166666666666430, 12.60621778264912329, 8.349999999999999645 ) ) ;
#6010 = CARTESIAN_POINT ( 'NONE',  ( -50.19166666762258444, 12.40414518843275538, 8.699999999999999289 ) ) ;
#6011 = CARTESIAN_POINT ( 'NONE',  ( 50.19166666762258444, -11.59585481156724462, 7.300000000000000711 ) ) ;
#6012 = CYLINDRICAL_SURFACE ( 'NONE', #6609, 0.6999999999999992895 ) ;
#6013 = CARTESIAN_POINT ( 'NONE',  ( 51.15416666762258302, -12.60621778264908954, 7.650000000000000355 ) ) ;
#6014 = ORIENTED_EDGE ( 'NONE', *, *, #4526, .F. ) ;
#6015 = CARTESIAN_POINT ( 'NONE',  ( -51.43854166714462650, 12.77028028193218745, 7.555278471875000790 ) ) ;
#6016 = CARTESIAN_POINT ( 'NONE',  ( -50.80416666762258160, -12.60621778264908954, 8.349999999999999645 ) ) ;
#6017 = CARTESIAN_POINT ( 'NONE',  ( 50.89166666762258728, 12.40414518843275538, 7.300000000000000711 ) ) ;
#6018 = CARTESIAN_POINT ( 'NONE',  ( 51.15416666666670409, -11.59585481156700304, 7.300000000000413714 ) ) ;
#6019 = ORIENTED_EDGE ( 'NONE', *, *, #5000, .F. ) ;
#6020 =( BOUNDED_CURVE ( )  B_SPLINE_CURVE ( 2, ( #4463, #2439, #1361, #321, #6008, #6512, #1291, #1392, #3386, #3356, #3453, #882, #3483, #2948, #6038, #5002, #1425, #386, #4494, #3864, #5909, #6544, #2473, #3996, #5531, #915, #781, #5034, #421, #2848, #816, #4903, #286, #2339, #4400, #6445, #4690, #4026, #1044, #5126, #2, #450, #507, #565, #2503, #2052, #6068, #5594, #6157, #1008, #947 ),
 .UNSPECIFIED., .F., .F. ) 
 B_SPLINE_CURVE_WITH_KNOTS ( ( 3, 2, 2, 2, 2, 2, 2, 2, 2, 2, 2, 2, 2, 2, 2, 2, 2, 2, 2, 2, 2, 2, 2, 2, 2, 3 ),
 ( 0.2454529152640160250, 0.2624688086931894482, 0.2916320096590968580, 0.3207952106250043234, 0.3499584115909116777, 0.3791216125568191431, 0.4082848135227266084, 0.4374480144886340183, 0.4666112154545413726, 0.4957744164204487824, 0.5249376173863562478, 0.5541008183522636577, 0.5832640193181710675, 0.6124272202840785884, 0.6415904212499859982, 0.6707536222158932970, 0.6999168231818007069, 0.7290800241477082277, 0.7582432251136156376, 0.7874064260795230474, 0.8165696270454305683, 0.8457328280113379781, 0.8748960289772453880, 0.9040592299431527978, 0.9332224309090600967, 0.9453697385311269352 ),
 .UNSPECIFIED. ) 
 CURVE ( )  GEOMETRIC_REPRESENTATION_ITEM ( )  RATIONAL_B_SPLINE_CURVE ( ( 0.9348796306800213340, 0.9218296560077352542, 1.000000000000000000, 0.8660254037844387076, 1.000000000000000000, 0.8660254037844387076, 1.000000000000000000, 0.8660254037844387076, 1.000000000000000000, 0.8660254037844387076, 1.000000000000000000, 0.8660254037844387076, 1.000000000000000000, 0.8660254037844387076, 1.000000000000000000, 0.8660254037844387076, 1.000000000000000000, 0.8660254037844387076, 1.000000000000000000, 0.8660254037844387076, 1.000000000000000000, 0.8660254037844387076, 1.000000000000000000, 0.8660254037844387076, 1.000000000000000000, 0.8660254037844387076, 1.000000000000000000, 0.8660254037844387076, 1.000000000000000000, 0.8660254037844387076, 1.000000000000000000, 0.8660254037844387076, 1.000000000000000000, 0.8660254037844387076, 1.000000000000000000, 0.8660254037844387076, 1.000000000000000000, 0.8660254037844387076, 1.000000000000000000, 0.8660254037844387076, 1.000000000000000000, 0.8660254037844387076, 1.000000000000000000, 0.8660254037844387076, 1.000000000000000000, 0.8660254037844387076, 1.000000000000000000, 0.8660254037844387076, 1.000000000000000000, 0.9441957473846880333, 0.9348796305491329228 ) ) 
 REPRESENTATION_ITEM ( '' )  );
#6021 = CIRCLE ( 'NONE', #1064, 1.000000000000000000 ) ;
#6022 = EDGE_LOOP ( 'NONE', ( #4546, #1773, #4741, #1492 ) ) ;
#6023 = CARTESIAN_POINT ( 'NONE',  ( -49.99999999999996447, 11.66136633177387161, 7.360969978524456003 ) ) ;
#6024 = EDGE_CURVE ( 'NONE', #3434, #278, #1911, .T. ) ;
#6025 = CARTESIAN_POINT ( 'NONE',  ( -50.35937500047803184, 13.02704037590957853, 8.000000000000000000 ) ) ;
#6026 = EDGE_CURVE ( 'NONE', #3210, #4237, #6091, .T. ) ;
#6027 = CARTESIAN_POINT ( 'NONE',  ( 50.27187500047795510, 12.00000000000001776, 7.110556943750000691 ) ) ;
#6028 = FACE_OUTER_BOUND ( 'NONE', #6391, .T. ) ;
#6029 = CARTESIAN_POINT ( 'NONE',  ( -50.43229166714461797, 12.77028028193218745, 7.555278471875000790 ) ) ;
#6030 = VERTEX_POINT ( 'NONE', #3039 ) ;
#6031 = EDGE_CURVE ( 'NONE', #1925, #3028, #6631, .T. ) ;
#6032 = CARTESIAN_POINT ( 'NONE',  ( 51.13229166714462082, 12.77028028193218745, 8.444721528125000987 ) ) ;
#6033 = CARTESIAN_POINT ( 'NONE',  ( 50.57083333333331154, -11.59585481156719844, 8.699999999999921130 ) ) ;
#6034 = DIRECTION ( 'NONE',  ( -1.000000000000000000, 0.000000000000000000, 0.000000000000000000 ) ) ;
#6035 = CARTESIAN_POINT ( 'NONE',  ( -51.06776041666188348, 11.39542284234374137, 8.349052784718749010 ) ) ;
#6036 = ORIENTED_EDGE ( 'NONE', *, *, #2209, .F. ) ;
#6037 = CARTESIAN_POINT ( 'NONE',  ( 51.81770833381129648, -11.48647981204520363, 8.889443056249998421 ) ) ;
#6038 = CARTESIAN_POINT ( 'NONE',  ( 51.01562500047796789, -11.99999999999998224, 7.110556943750028225 ) ) ;
#6039 = CARTESIAN_POINT ( 'NONE',  ( 51.56979166714462082, 11.48647981204523560, 8.889443056249998421 ) ) ;
#6040 = CARTESIAN_POINT ( 'NONE',  ( 49.99999999999997158, 12.85994118822886101, 8.124705103619156432 ) ) ;
#6041 = CARTESIAN_POINT ( 'NONE',  ( 51.29727616920563804, -11.19715728663506837, 8.000000000000000000 ) ) ;
#6042 = CARTESIAN_POINT ( 'NONE',  ( -49.99999999999997158, 11.31685957673765230, 8.152981239696568849 ) ) ;
#6043 = VECTOR ( 'NONE', #6450, 1000.000000000000114 ) ;
#6044 = VERTEX_POINT ( 'NONE', #4051 ) ;
#6045 = CARTESIAN_POINT ( 'NONE',  ( -49.86354166714463076, 11.22971971806784808, 8.444721528124999210 ) ) ;
#6046 = VECTOR ( 'NONE', #1130, 1000.000000000000000 ) ;
#6047 = CARTESIAN_POINT ( 'NONE',  ( -51.27083333428925016, -11.39378221735087671, 8.349999999999999645 ) ) ;
#6048 = CARTESIAN_POINT ( 'NONE',  ( -51.12500000000000000, 12.00000000000001776, 8.699999999999999289 ) ) ;
#6049 = DIRECTION ( 'NONE',  ( 0.000000000000000000, 0.9396926207859082059, 0.3420201433256695456 ) ) ;
#6050 = VERTEX_POINT ( 'NONE', #6121 ) ;
#6051 = ORIENTED_EDGE ( 'NONE', *, *, #2684, .F. ) ;
#6052 = CARTESIAN_POINT ( 'NONE',  ( 51.00942708332854636, 11.39542284234374137, 8.349052784718749010 ) ) ;
#6053 = CARTESIAN_POINT ( 'NONE',  ( -50.24270833381137180, 11.48647981204523738, 8.889443056250000197 ) ) ;
#6054 = CARTESIAN_POINT ( 'NONE',  ( 50.38854166714462934, 12.77028028193218745, 8.444721528125000987 ) ) ;
#6055 = CARTESIAN_POINT ( 'NONE',  ( 51.56249999999999289, -11.19170962313450701, 8.000000000000000000 ) ) ;
#6056 = CARTESIAN_POINT ( 'NONE',  ( 52.00000000000000000, -11.99999999999998224, 8.000000000000000000 ) ) ;
#6057 = CARTESIAN_POINT ( 'NONE',  ( -50.60729166714462224, 11.22971971806784808, 8.444721528125000987 ) ) ;
#6058 = ORIENTED_EDGE ( 'NONE', *, *, #3235, .T. ) ;
#6059 = CARTESIAN_POINT ( 'NONE',  ( 50.19895833381128369, 11.22971971806784630, 8.444721528124999210 ) ) ;
#6060 = CARTESIAN_POINT ( 'NONE',  ( 50.01279771964429699, 11.35166934788090387, 7.691829546430288822 ) ) ;
#6061 = FACE_OUTER_BOUND ( 'NONE', #4815, .T. ) ;
#6062 = CARTESIAN_POINT ( 'NONE',  ( -50.77609374999521918, 12.00000000000001776, 8.698105569437499796 ) ) ;
#6063 = EDGE_CURVE ( 'NONE', #1180, #6044, #3006, .T. ) ;
#6064 = CARTESIAN_POINT ( 'NONE',  ( 50.71666755039192509, 11.59584869556183584, 8.699989406767832278 ) ) ;
#6065 = VERTEX_POINT ( 'NONE', #1481 ) ;
#6066 = EDGE_CURVE ( 'NONE', #697, #4768, #5060, .T. ) ;
#6067 = CARTESIAN_POINT ( 'NONE',  ( 50.24270833381129364, -12.51352018795476262, 7.110556943749999803 ) ) ;
#6068 = CARTESIAN_POINT ( 'NONE',  ( 50.08229166714463076, -11.22971971806783742, 8.444721528124986776 ) ) ;
#6069 = CARTESIAN_POINT ( 'NONE',  ( 50.95729166714461655, 11.22971971806784808, 7.555278471875000790 ) ) ;
#6070 = DIRECTION ( 'NONE',  ( 1.000000000000000000, 0.000000000000000000, 0.000000000000000000 ) ) ;
#6071 = CARTESIAN_POINT ( 'NONE',  ( 50.07500000095591730, -12.80829037686545746, 8.000000000000000000 ) ) ;
#6072 = CARTESIAN_POINT ( 'NONE',  ( 50.98645833381131354, 11.48647981204525514, 7.110556943750031778 ) ) ;
#6073 = AXIS2_PLACEMENT_3D ( 'NONE', #4009, #1471, #5481 ) ;
#6074 = ORIENTED_EDGE ( 'NONE', *, *, #6444, .F. ) ;
#6075 = CARTESIAN_POINT ( 'NONE',  ( -50.47604166714462792, 11.48647981204523738, 7.110556943750000691 ) ) ;
#6076 = DIRECTION ( 'NONE',  ( -1.000000000000000000, 0.000000000000000000, 0.000000000000000000 ) ) ;
#6077 = CARTESIAN_POINT ( 'NONE',  ( -45.00000000000000000, -29.00000000000001421, -29.63602976573380587 ) ) ;
#6078 = DIRECTION ( 'NONE',  ( -1.000000000000000000, -0.000000000000000000, -0.000000000000000000 ) ) ;
#6079 = ORIENTED_EDGE ( 'NONE', *, *, #878, .F. ) ;
#6080 = ORIENTED_EDGE ( 'NONE', *, *, #666, .F. ) ;
#6081 = CARTESIAN_POINT ( 'NONE',  ( 51.59276041666188917, 12.60457715765629239, 8.349052784718749010 ) ) ;
#6082 = CYLINDRICAL_SURFACE ( 'NONE', #1451, 0.6999999999999992895 ) ;
#6083 = CARTESIAN_POINT ( 'NONE',  ( 50.07500000095591730, 11.19170962313454076, 8.000000000000000000 ) ) ;
#6084 = CARTESIAN_POINT ( 'NONE',  ( 51.76666666666666572, -12.60621778264908954, 7.650000000000000355 ) ) ;
#6085 = CARTESIAN_POINT ( 'NONE',  ( -50.10416666762257876, 11.39378221735091223, 8.349999999999999645 ) ) ;
#6086 = CARTESIAN_POINT ( 'NONE',  ( -50.75312500047795794, 13.02704037590958031, 8.000000000000000000 ) ) ;
#6087 = ORIENTED_EDGE ( 'NONE', *, *, #2924, .F. ) ;
#6088 = CARTESIAN_POINT ( 'NONE',  ( 50.69479166714462082, -11.48647981204520363, 7.110556943749999803 ) ) ;
#6089 = CARTESIAN_POINT ( 'NONE',  ( 51.64270833381129222, 11.48647981204523738, 7.110556943749999803 ) ) ;
#6090 = DIRECTION ( 'NONE',  ( 0.000000000000000000, 0.000000000000000000, -1.000000000000000000 ) ) ;
#6091 = LINE ( 'NONE', #1958, #2059 ) ;
#6092 = CARTESIAN_POINT ( 'NONE',  ( -51.50526041666188348, 12.40305143843753477, 8.698105569437499796 ) ) ;
#6093 = LINE ( 'NONE', #33, #4619 ) ;
#6094 = EDGE_CURVE ( 'NONE', #3837, #370, #2464, .T. ) ;
#6095 = CARTESIAN_POINT ( 'NONE',  ( 50.30104166714462366, -11.48647981204520363, 7.110556943749999803 ) ) ;
#6096 = DIRECTION ( 'NONE',  ( 1.000000000000000000, -0.000000000000000000, -0.000000000000000000 ) ) ;
#6097 = CARTESIAN_POINT ( 'NONE',  ( 51.42395833381129222, 12.77028028193218745, 7.555278471875000790 ) ) ;
#6098 = CARTESIAN_POINT ( 'NONE',  ( -50.16250000095591588, 12.00000000000001776, 8.699999999999999289 ) ) ;
#6099 = ADVANCED_FACE ( 'NONE', ( #1928 ), #4521, .F. ) ;
#6100 = EDGE_CURVE ( 'NONE', #1565, #4335, #4488, .T. ) ;
#6101 = CARTESIAN_POINT ( 'NONE',  ( 50.83333333428924306, -12.40414518843271985, 7.300000000000000711 ) ) ;
#6102 = CARTESIAN_POINT ( 'NONE',  ( -51.24166666666666714, -11.39378221735087671, 7.650000000000000355 ) ) ;
#6103 = VECTOR ( 'NONE', #5128, 1000.000000000000000 ) ;
#6104 = ORIENTED_EDGE ( 'NONE', *, *, #3714, .F. ) ;
#6105 = CARTESIAN_POINT ( 'NONE',  ( 51.38750463519299672, 11.99993578909923286, 8.699999997054970180 ) ) ;
#6106 = CARTESIAN_POINT ( 'NONE',  ( -50.48333333428925584, -12.40414518843271985, 8.700000000000001066 ) ) ;
#6107 = CARTESIAN_POINT ( 'NONE',  ( -51.29270833381134764, -12.51352018795476262, 8.889443056250000197 ) ) ;
#6108 = FACE_OUTER_BOUND ( 'NONE', #1142, .T. ) ;
#6109 = ORIENTED_EDGE ( 'NONE', *, *, #1674, .F. ) ;
#6110 = ORIENTED_EDGE ( 'NONE', *, *, #4298, .T. ) ;
#6111 = DIRECTION ( 'NONE',  ( -1.000000000000000000, 0.000000000000000000, 0.000000000000000000 ) ) ;
#6112 = CARTESIAN_POINT ( 'NONE',  ( 50.51250000095591730, 12.00000000000001776, 7.300000000000000711 ) ) ;
#6113 = CARTESIAN_POINT ( 'NONE',  ( 50.97916666666666430, -12.40414518843271985, 8.700000000000001066 ) ) ;
#6114 = CARTESIAN_POINT ( 'NONE',  ( -49.99999999999997158, -12.68314042325504509, 8.152981239729077956 ) ) ;
#6115 = DIRECTION ( 'NONE',  ( 0.000000000000000000, 0.000000000000000000, 1.000000000000000000 ) ) ;
#6116 = EDGE_LOOP ( 'NONE', ( #363, #3257, #5344, #4409, #6316, #862, #4155, #270, #3296, #3824, #1665, #2547 ) ) ;
#6117 = ORIENTED_EDGE ( 'NONE', *, *, #6094, .T. ) ;
#6118 = CARTESIAN_POINT ( 'NONE',  ( 50.46145833381128654, -11.48647981204520363, 8.889443056249998421 ) ) ;
#6119 = CARTESIAN_POINT ( 'NONE',  ( 51.49687500047795652, 12.00000000000001776, 8.889443056250000197 ) ) ;
#6120 = CARTESIAN_POINT ( 'NONE',  ( -14.64999999999999680, 30.00000000000000711, -0.9217859440278045602 ) ) ;
#6121 = CARTESIAN_POINT ( 'NONE',  ( 35.00000000000001421, 13.00000000000001776, -13.34927992655326179 ) ) ;
#6122 = FACE_OUTER_BOUND ( 'NONE', #43, .T. ) ;
#6123 = CARTESIAN_POINT ( 'NONE',  ( -51.39999999999999147, -11.48827964609393248, 8.727496549620413546 ) ) ;
#6124 = CARTESIAN_POINT ( 'NONE',  ( 51.58437500047795510, -13.02704037590954478, 8.000000000000000000 ) ) ;
#6125 = DIRECTION ( 'NONE',  ( 0.000000000000000000, 0.000000000000000000, 1.000000000000000000 ) ) ;
#6126 = CARTESIAN_POINT ( 'NONE',  ( 50.31562500047795083, 12.00000000000001776, 7.110556943750000691 ) ) ;
#6127 = CARTESIAN_POINT ( 'NONE',  ( 51.21120863763306374, -12.00008753071588075, 7.300000012195945409 ) ) ;
#6128 = CARTESIAN_POINT ( 'NONE',  ( 50.97644283587229808, -11.39786796497629595, 8.347641092508624183 ) ) ;
#6129 = CARTESIAN_POINT ( 'NONE',  ( -51.18333333333333002, -11.39378221735087671, 8.349999999999999645 ) ) ;
#6130 = ORIENTED_EDGE ( 'NONE', *, *, #3633, .T. ) ;
#6131 = CARTESIAN_POINT ( 'NONE',  ( -50.07499999999998863, 11.99999999999982236, 8.700000000000002842 ) ) ;
#6132 = DIRECTION ( 'NONE',  ( 0.000000000000000000, 0.000000000000000000, 1.000000000000000000 ) ) ;
#6133 = CARTESIAN_POINT ( 'NONE',  ( 50.95000000000003126, -12.00000000000043698, 8.699999999999999289 ) ) ;
#6134 = CARTESIAN_POINT ( 'NONE',  ( -50.27916666666667567, 11.59585481156727838, 7.299999999999999822 ) ) ;
#6135 = EDGE_CURVE ( 'NONE', #5289, #1437, #3377, .T. ) ;
#6136 = VERTEX_POINT ( 'NONE', #6569 ) ;
#6137 = ADVANCED_FACE ( 'NONE', ( #6061 ), #500, .F. ) ;
#6138 = VECTOR ( 'NONE', #4256, 1000.000000000000000 ) ;
#6139 = VERTEX_POINT ( 'NONE', #3099 ) ;
#6140 = CARTESIAN_POINT ( 'NONE',  ( 4.750000000000004441, 30.00000000000001066, -30.00000000000000000 ) ) ;
#6141 = CARTESIAN_POINT ( 'NONE',  ( 51.20977616938898080, 12.00000000000001776, 7.304717814665191433 ) ) ;
#6142 = CARTESIAN_POINT ( 'NONE',  ( -51.39479166714462366, 12.51352018795479815, 8.889443056249998421 ) ) ;
#6143 = CARTESIAN_POINT ( 'NONE',  ( 50.54166666666666430, -11.39378221735087671, 8.349999999999999645 ) ) ;
#6144 = DIRECTION ( 'NONE',  ( 1.000000000000000000, 0.000000000000000000, 0.000000000000000000 ) ) ;
#6145 = DIRECTION ( 'NONE',  ( -1.000000000000000000, 0.000000000000000000, 0.000000000000000000 ) ) ;
#6146 =( BOUNDED_CURVE ( )  B_SPLINE_CURVE ( 2, ( #4446, #1818, #5410, #2315, #795, #6491, #4412, #4916, #365 ),
 .UNSPECIFIED., .F., .F. ) 
 B_SPLINE_CURVE_WITH_KNOTS ( ( 3, 2, 2, 2, 3 ),
 ( 0.5249370810981376367, 0.5249378455114089848, 0.5541010591509316630, 0.5832642727904544522, 0.6124230993179303750 ),
 .UNSPECIFIED. ) 
 CURVE ( )  GEOMETRIC_REPRESENTATION_ITEM ( )  RATIONAL_B_SPLINE_CURVE ( ( 0.9999929768182440615, 0.9999964883170753271, 1.000000000000000000, 0.8660254037844387076, 1.000000000000000000, 0.8660254037844387076, 1.000000000000000000, 0.8660455579955721461, 0.9999596976414533156 ) ) 
 REPRESENTATION_ITEM ( '' )  );
#6147 = VERTEX_POINT ( 'NONE', #2047 ) ;
#6148 = ORIENTED_EDGE ( 'NONE', *, *, #4438, .T. ) ;
#6149 = CARTESIAN_POINT ( 'NONE',  ( 50.14062500047795368, -11.99999999999998224, 8.889443056250000197 ) ) ;
#6150 = CARTESIAN_POINT ( 'NONE',  ( 50.09687500047795794, 12.00000000000001776, 8.889443056250000197 ) ) ;
#6151 = CARTESIAN_POINT ( 'NONE',  ( -50.57083333428924732, -11.39378221735087671, 8.349999999999999645 ) ) ;
#6152 = CARTESIAN_POINT ( 'NONE',  ( -51.18333333428923737, 11.59585481156728726, 8.700000000000015277 ) ) ;
#6153 = CARTESIAN_POINT ( 'NONE',  ( 50.00108797172592290, 11.81251474502437837, 8.674444068251537132 ) ) ;
#6154 = CARTESIAN_POINT ( 'NONE',  ( -51.53333333333333144, 12.60621778264912329, 8.349999999999999645 ) ) ;
#6155 = DIRECTION ( 'NONE',  ( -1.000000000000000000, 0.000000000000000000, 0.000000000000000000 ) ) ;
#6156 = CARTESIAN_POINT ( 'NONE',  ( -49.99999999999997868, 12.86076623253257800, 7.879662410781269166 ) ) ;
#6157 = CARTESIAN_POINT ( 'NONE',  ( 50.02395833381130075, -11.22971971806783742, 7.555278471875014112 ) ) ;
#6158 = CARTESIAN_POINT ( 'NONE',  ( 49.96562500047794941, 12.00000000000001776, 7.110556943750000691 ) ) ;
#6159 = CARTESIAN_POINT ( 'NONE',  ( 50.68750132532772312, -12.00001834814124635, 8.699999999759532088 ) ) ;
#6160 = DIRECTION ( 'NONE',  ( -1.000000000000000000, 0.000000000000000000, 0.000000000000000000 ) ) ;
#6161 = CARTESIAN_POINT ( 'NONE',  ( -51.45312500047795368, -10.97295962409042147, 8.000000000000000000 ) ) ;
#6162 = AXIS2_PLACEMENT_3D ( 'NONE', #4440, #5009, #2413 ) ;
#6163 = VECTOR ( 'NONE', #4021, 1000.000000000000000 ) ;
#6164 = ORIENTED_EDGE ( 'NONE', *, *, #3225, .F. ) ;
#6165 = CARTESIAN_POINT ( 'NONE',  ( 44.99999999999999289, 29.00000000000001421, -30.00000000000000000 ) ) ;
#6166 = CARTESIAN_POINT ( 'NONE',  ( -50.05004698642469663, 11.68587123019601748, 8.645214663612486916 ) ) ;
#6167 = FACE_OUTER_BOUND ( 'NONE', #6001, .T. ) ;
#6168 = CYLINDRICAL_SURFACE ( 'NONE', #5869, 0.6999999999999992895 ) ;
#6169 = CARTESIAN_POINT ( 'NONE',  ( -51.33645833381128654, -12.51352018795476262, 8.889443056249998421 ) ) ;
#6170 = ORIENTED_EDGE ( 'NONE', *, *, #3712, .T. ) ;
#6171 = VECTOR ( 'NONE', #2723, 1000.000000000000000 ) ;
#6172 = B_SPLINE_CURVE_WITH_KNOTS ( 'NONE', 3,
 ( #4613, #1714, #3375, #4385, #5822, #2289, #4780, #4347 ),
 .UNSPECIFIED., .F., .F.,
 ( 4, 2, 2, 4 ),
 ( 0.000000000000000000, 0.0007863557556715626258, 0.001179533633507343993, 0.001572711511343125252 ),
 .UNSPECIFIED. ) ;
#6173 = ORIENTED_EDGE ( 'NONE', *, *, #5193, .F. ) ;
#6174 = EDGE_CURVE ( 'NONE', #2144, #3837, #1728, .T. ) ;
#6175 = CARTESIAN_POINT ( 'NONE',  ( 50.65833333428925300, 12.40414518843275538, 8.700000000000001066 ) ) ;
#6176 = VECTOR ( 'NONE', #319, 1000.000000000000000 ) ;
#6177 = CARTESIAN_POINT ( 'NONE',  ( 50.05312500047797641, 13.02704037590954655, 8.000000000000000000 ) ) ;
#6178 = EDGE_CURVE ( 'NONE', #1467, #1229, #2501, .T. ) ;
#6179 = CARTESIAN_POINT ( 'NONE',  ( 50.51249999999999574, -11.19170962313450701, 8.000000000000000000 ) ) ;
#6180 = EDGE_CURVE ( 'NONE', #5746, #697, #6580, .T. ) ;
#6181 = CARTESIAN_POINT ( 'NONE',  ( -51.38020833381129648, -11.22971971806781255, 8.444721528124999210 ) ) ;
#6182 = CARTESIAN_POINT ( 'NONE',  ( 51.23437500047802473, 10.97295962409045522, 8.000000000000000000 ) ) ;
#6183 = ORIENTED_EDGE ( 'NONE', *, *, #6297, .T. ) ;
#6184 = EDGE_LOOP ( 'NONE', ( #997, #6381, #4992, #1786 ) ) ;
#6185 = CARTESIAN_POINT ( 'NONE',  ( 50.22812500047795936, -13.02704037590954478, 8.000000000000000000 ) ) ;
#6186 = CARTESIAN_POINT ( 'NONE',  ( 50.97187500047795794, 12.00000000000001776, 7.110556943750000691 ) ) ;
#6187 = CARTESIAN_POINT ( 'NONE',  ( -51.38750000095591020, -11.99999999999998224, 7.300000000000000711 ) ) ;
#6188 =( BOUNDED_CURVE ( )  B_SPLINE_CURVE ( 3, ( #4738, #24, #3692, #3157 ),
 .UNSPECIFIED., .F., .F. ) 
 B_SPLINE_CURVE_WITH_KNOTS ( ( 4, 4 ),
 ( 4.712388980384691450, 6.283185307179586232 ),
 .UNSPECIFIED. ) 
 CURVE ( )  GEOMETRIC_REPRESENTATION_ITEM ( )  RATIONAL_B_SPLINE_CURVE ( ( 1.000000000000000000, 0.8047378541243654926, 0.8047378541243654926, 1.000000000000000000 ) ) 
 REPRESENTATION_ITEM ( '' )  );
#6189 = CARTESIAN_POINT ( 'NONE',  ( -51.17604166714463076, 11.48647981204523738, 7.110556943750000691 ) ) ;
#6190 = CARTESIAN_POINT ( 'NONE',  ( -50.25109374999521350, 12.00000000000001776, 7.301894430562501093 ) ) ;
#6191 = FACE_OUTER_BOUND ( 'NONE', #4002, .T. ) ;
#6192 = CARTESIAN_POINT ( 'NONE',  ( 51.39999999999999147, -11.16027079427585633, 7.622749702074453459 ) ) ;
#6193 = CYLINDRICAL_SURFACE ( 'NONE', #4149, 0.6999999999999992895 ) ;
#6194 = CARTESIAN_POINT ( 'NONE',  ( 50.19895833381128369, 11.22971971806784630, 8.444721528124999210 ) ) ;
#6195 = CARTESIAN_POINT ( 'NONE',  ( 51.40000242597918856, -12.16334422853726593, 8.680674144328524022 ) ) ;
#6196 = CARTESIAN_POINT ( 'NONE',  ( 49.73525508819297158, -12.67785400466576817, 7.845302665954081434 ) ) ;
#6197 = CARTESIAN_POINT ( 'NONE',  ( -49.99015839585756282, -12.71071524589631885, 8.031900750290708046 ) ) ;
#6198 = CIRCLE ( 'NONE', #721, 1.000000000000000888 ) ;
#6199 = VERTEX_POINT ( 'NONE', #6219 ) ;
#6200 = CARTESIAN_POINT ( 'NONE',  ( 50.68859374999522771, 11.19389712312498020, 8.000000000000000000 ) ) ;
#6201 = LINE ( 'NONE', #3651, #6359 ) ;
#6202 = AXIS2_PLACEMENT_3D ( 'NONE', #4834, #751, #3866 ) ;
#6203 = CARTESIAN_POINT ( 'NONE',  ( -50.24999999999999289, -11.99999999999998224, 7.300000000000000711 ) ) ;
#6204 = CARTESIAN_POINT ( 'NONE',  ( -51.38945811349104531, -11.14829202778799200, 8.303684631417368678 ) ) ;
#6205 = CARTESIAN_POINT ( 'NONE',  ( -50.75312500047795794, -10.97295962409042147, 8.000000000000000000 ) ) ;
#6206 = ORIENTED_EDGE ( 'NONE', *, *, #758, .T. ) ;
#6207 = EDGE_LOOP ( 'NONE', ( #1688, #1598, #1699, #369 ) ) ;
#6208 = CARTESIAN_POINT ( 'NONE',  ( 51.23894283605564937, 12.40142135686582314, 7.304717814665191433 ) ) ;
#6209 = CARTESIAN_POINT ( 'NONE',  ( 50.16979166714464355, 11.48647981204525514, 8.889443056249968222 ) ) ;
#6210 = CARTESIAN_POINT ( 'NONE',  ( 51.45312500047795368, -10.97295962409042147, 8.000000000000000000 ) ) ;
#6211 = CARTESIAN_POINT ( 'NONE',  ( -48.51471862576142513, 29.00000000000001066, -8.525756178294008336 ) ) ;
#6212 = CARTESIAN_POINT ( 'NONE',  ( 50.65104166714470324, 12.51352018795479815, 7.110556943750000691 ) ) ;
#6213 = EDGE_LOOP ( 'NONE', ( #2675, #2994, #3219, #6282 ) ) ;
#6214 = EDGE_CURVE ( 'NONE', #4767, #1961, #1962, .T. ) ;
#6215 = ORIENTED_EDGE ( 'NONE', *, *, #618, .F. ) ;
#6216 = CARTESIAN_POINT ( 'NONE',  ( 51.62812500047795083, -13.02704037590954478, 8.000000000000000000 ) ) ;
#6217 = CARTESIAN_POINT ( 'NONE',  ( 51.05937500047794941, 13.02704037590958031, 8.000000000000000000 ) ) ;
#6218 = DIRECTION ( 'NONE',  ( -1.000000000000000000, 0.000000000000000000, 0.000000000000000000 ) ) ;
#6219 = CARTESIAN_POINT ( 'NONE',  ( -50.24999999999999289, -11.99999999999998224, 7.300000000000000711 ) ) ;
#6220 = CARTESIAN_POINT ( 'NONE',  ( -50.91354166714462082, 11.22971971806784808, 8.444721528124999210 ) ) ;
#6221 = CARTESIAN_POINT ( 'NONE',  ( -50.42609374999521776, 12.00000000000001776, 8.698105569437499796 ) ) ;
#6222 = ADVANCED_FACE ( 'NONE', ( #1002 ), #529, .F. ) ;
#6223 =( BOUNDED_CURVE ( )  B_SPLINE_CURVE ( 2, ( #3203, #1618, #2153, #1210, #171, #5316, #5247 ),
 .UNSPECIFIED., .F., .F. ) 
 B_SPLINE_CURVE_WITH_KNOTS ( ( 3, 2, 2, 3 ),
 ( 0.5833333333333318160, 0.6111111111111098282, 0.6388888888888878403, 0.6666666666666658525 ),
 .UNSPECIFIED. ) 
 CURVE ( )  GEOMETRIC_REPRESENTATION_ITEM ( )  RATIONAL_B_SPLINE_CURVE ( ( 1.000000000000007550, 0.8660254037844311581, 1.000000000000000000, 0.8660254037844387076, 1.000000000000000000, 0.8660254037844424824, 0.9999999999999962252 ) ) 
 REPRESENTATION_ITEM ( '' )  );
#6224 = CARTESIAN_POINT ( 'NONE',  ( 49.95104166714462224, -11.48647981204520363, 7.110556943749999803 ) ) ;
#6225 = CARTESIAN_POINT ( 'NONE',  ( 50.42500000095590451, -12.80829037686545746, 8.000000000000000000 ) ) ;
#6226 = CARTESIAN_POINT ( 'NONE',  ( 49.88078339633555203, 11.09694179938072622, 7.959465855949557245 ) ) ;
#6227 = CARTESIAN_POINT ( 'NONE',  ( 50.65833333428924590, -11.59585481156724462, 8.699999999999999289 ) ) ;
#6228 = CARTESIAN_POINT ( 'NONE',  ( 50.53894283587230518, -11.59857864331752353, 7.304717814982755186 ) ) ;
#6229 = CARTESIAN_POINT ( 'NONE',  ( -50.54166666666666430, -11.39378221735087671, 7.650000000000000355 ) ) ;
#6230 = ORIENTED_EDGE ( 'NONE', *, *, #4888, .T. ) ;
#6231 = CARTESIAN_POINT ( 'NONE',  ( 51.15526041666188917, 12.40305143843753477, 7.301894430562501093 ) ) ;
#6232 = CARTESIAN_POINT ( 'NONE',  ( 51.46770833381129506, -11.48647981204520363, 8.889443056249998421 ) ) ;
#6233 = CARTESIAN_POINT ( 'NONE',  ( 51.21250000095592014, 12.00000000000001776, 7.300000000000000711 ) ) ;
#6234 = CARTESIAN_POINT ( 'NONE',  ( -50.16250000000000853, -11.19170962313450879, 8.000000000000001776 ) ) ;
#6235 = CARTESIAN_POINT ( 'NONE',  ( -51.38020833381136043, -11.22971971806781255, 8.444721528124999210 ) ) ;
#6236 = CARTESIAN_POINT ( 'NONE',  ( -51.19062500047795794, -11.99999999999998224, 7.110556943750000691 ) ) ;
#6237 = ORIENTED_EDGE ( 'NONE', *, *, #3355, .T. ) ;
#6238 = ORIENTED_EDGE ( 'NONE', *, *, #351, .T. ) ;
#6239 = CARTESIAN_POINT ( 'NONE',  ( 50.99999999999999289, -23.00000000000001776, -30.00000000000000000 ) ) ;
#6240 = CARTESIAN_POINT ( 'NONE',  ( 50.46145833381130075, 12.51352018795477861, 8.889443056249968222 ) ) ;
#6241 = CARTESIAN_POINT ( 'NONE',  ( 51.24895833381128796, -12.77028028193215548, 8.444721528124999210 ) ) ;
#6242 = CARTESIAN_POINT ( 'NONE',  ( -35.99999999999999289, 13.41421356237311358, -11.07016297426825879 ) ) ;
#6243 = FACE_OUTER_BOUND ( 'NONE', #3220, .T. ) ;
#6244 = ORIENTED_EDGE ( 'NONE', *, *, #5571, .F. ) ;
#6245 = VERTEX_POINT ( 'NONE', #30 ) ;
#6246 = CARTESIAN_POINT ( 'NONE',  ( -49.99999999999997158, -12.68314042325504509, 8.152981239729077956 ) ) ;
#6247 = CARTESIAN_POINT ( 'NONE',  ( 51.17604166714463076, 11.48647981204523560, 8.889443056249998421 ) ) ;
#6248 = CARTESIAN_POINT ( 'NONE',  ( 49.99999999999998579, 11.99140272695741771, 7.127721352070544469 ) ) ;
#6249 = CARTESIAN_POINT ( 'NONE',  ( -51.15416666762258302, 11.39378221735091223, 8.349999999999999645 ) ) ;
#6250 = VECTOR ( 'NONE', #1047, 1000.000000000000000 ) ;
#6251 = CARTESIAN_POINT ( 'NONE',  ( -51.70104166714462224, 12.51352018795479815, 8.889443056249998421 ) ) ;
#6252 = CARTESIAN_POINT ( 'NONE',  ( -50.54276041666188490, 12.60457715765629239, 7.650947215281250102 ) ) ;
#6253 = LINE ( 'NONE', #3073, #160 ) ;
#6254 = CARTESIAN_POINT ( 'NONE',  ( 51.39999999999999858, 12.70588719714843684, 7.409080215991245666 ) ) ;
#6255 = DIRECTION ( 'NONE',  ( -1.000000000000000000, 0.000000000000000000, 0.000000000000000000 ) ) ;
#6256 = EDGE_CURVE ( 'NONE', #2921, #1153, #560, .T. ) ;
#6257 = LINE ( 'NONE', #5223, #6250 ) ;
#6258 = CARTESIAN_POINT ( 'NONE',  ( -51.59895833381128227, -12.77028028193215548, 7.555278471875000790 ) ) ;
#6259 = CARTESIAN_POINT ( 'NONE',  ( -51.21250000095592014, -11.99999999999998224, 8.699999999999999289 ) ) ;
#6260 = EDGE_CURVE ( 'NONE', #1736, #5305, #3805, .T. ) ;
#6261 = CARTESIAN_POINT ( 'NONE',  ( 49.99999999999998579, 11.31685957671732545, 7.847018760394029790 ) ) ;
#6262 = CARTESIAN_POINT ( 'NONE',  ( 50.86359374999521776, 12.80610287687505355, 8.000000000000000000 ) ) ;
#6263 = CARTESIAN_POINT ( 'NONE',  ( -19.54999999999999361, 33.00000000000000000, -1.921785944027805337 ) ) ;
#6264 = UNCERTAINTY_MEASURE_WITH_UNIT (LENGTH_MEASURE( 1.000000000000000082E-05 ), #2324, 'distance_accuracy_value', 'NONE');
#6265 = CARTESIAN_POINT ( 'NONE',  ( 51.08854166714462508, -11.22971971806781255, 8.444721528125000987 ) ) ;
#6266 = CARTESIAN_POINT ( 'NONE',  ( 52.00000000000000000, 12.00000000000001776, 8.000000000000000000 ) ) ;
#6267 = AXIS2_PLACEMENT_3D ( 'NONE', #6120, #5711, #3568 ) ;
#6268 = CARTESIAN_POINT ( 'NONE',  ( -51.39999999999999147, -11.99999999999998224, 8.000000000000000000 ) ) ;
#6269 = CARTESIAN_POINT ( 'NONE',  ( -51.21979166714461940, -12.51352018795476440, 7.110556943749999803 ) ) ;
#6270 = VERTEX_POINT ( 'NONE', #4241 ) ;
#6271 = ORIENTED_EDGE ( 'NONE', *, *, #3981, .T. ) ;
#6272 = EDGE_LOOP ( 'NONE', ( #1982, #3951, #2615, #1571 ) ) ;
#6273 = CARTESIAN_POINT ( 'NONE',  ( 50.53894283605565363, 12.40142135686582314, 7.304717814665191433 ) ) ;
#6274 = CARTESIAN_POINT ( 'NONE',  ( -51.54062500047795226, 12.00000000000001776, 7.110556943750000691 ) ) ;
#6275 = CARTESIAN_POINT ( 'NONE',  ( -51.21359374999521918, -11.19389712312494822, 8.000000000000000000 ) ) ;
#6276 = CARTESIAN_POINT ( 'NONE',  ( 51.48229166714462224, -11.22971971806781255, 8.444721528125000987 ) ) ;
#6277 = CARTESIAN_POINT ( 'NONE',  ( 50.59999999999998721, -11.99999999999974420, 8.699999999999999289 ) ) ;
#6278 = CARTESIAN_POINT ( 'NONE',  ( 50.12604166714470466, 11.48647981204523560, 8.889443056250000197 ) ) ;
#6279 = ORIENTED_EDGE ( 'NONE', *, *, #3225, .T. ) ;
#6280 = VECTOR ( 'NONE', #158, 1000.000000000000000 ) ;
#6281 = EDGE_CURVE ( 'NONE', #711, #2776, #5044, .T. ) ;
#6282 = ORIENTED_EDGE ( 'NONE', *, *, #6178, .F. ) ;
#6283 = FACE_OUTER_BOUND ( 'NONE', #225, .T. ) ;
#6284 = CARTESIAN_POINT ( 'NONE',  ( 36.00000000000002132, 14.00000000000001776, -12.98530969228705878 ) ) ;
#6285 = CARTESIAN_POINT ( 'NONE',  ( 50.07499999999998153, -12.00000000000017408, 7.300000000000000711 ) ) ;
#6286 = DIRECTION ( 'NONE',  ( 1.000000000000000000, 0.000000000000000000, 0.000000000000000000 ) ) ;
#6287 = CARTESIAN_POINT ( 'NONE',  ( -50.44687500047795936, 12.00000000000001776, 7.110556943750001579 ) ) ;
#6288 = CARTESIAN_POINT ( 'NONE',  ( -51.09583333333333144, 11.59585481156727838, 8.700000000000001066 ) ) ;
#6289 = DIRECTION ( 'NONE',  ( -0.000000000000000000, -0.9396926207859080948, -0.3420201433256694346 ) ) ;
#6290 = CARTESIAN_POINT ( 'NONE',  ( -13.64999999999999503, 28.00000000000000711, -0.9217859440278017846 ) ) ;
#6291 = CARTESIAN_POINT ( 'NONE',  ( 50.02052893763643482, -11.07114999962226065, 8.170070719235406287 ) ) ;
#6292 = DIRECTION ( 'NONE',  ( 0.000000000000000000, 0.000000000000000000, 1.000000000000000000 ) ) ;
#6293 = CARTESIAN_POINT ( 'NONE',  ( 50.65942708332855204, -12.60457715765625863, 8.349052784718749010 ) ) ;
#6294 = CARTESIAN_POINT ( 'NONE',  ( -51.27812500047794941, -13.02704037590954478, 8.000000000000000000 ) ) ;
#6295 = CARTESIAN_POINT ( 'NONE',  ( -51.99999999999999289, 12.00000000000001776, 6.499999999999999112 ) ) ;
#6296 = EDGE_CURVE ( 'NONE', #2831, #1238, #6632, .T. ) ;
#6297 = EDGE_CURVE ( 'NONE', #5645, #4014, #100, .T. ) ;
#6298 = EDGE_CURVE ( 'NONE', #5861, #5176, #5429, .T. ) ;
#6299 = PLANE ( 'NONE',  #1360 ) ;
#6300 = CARTESIAN_POINT ( 'NONE',  ( 51.15416666666666146, 12.40414518843275538, 7.300000000000000711 ) ) ;
#6301 = LINE ( 'NONE', #1178, #1694 ) ;
#6302 = CARTESIAN_POINT ( 'NONE',  ( 51.35104166714462082, -11.48647981204520363, 7.110556943749999803 ) ) ;
#6303 = CARTESIAN_POINT ( 'NONE',  ( 50.07500000095591730, 11.19170962313454076, 8.000000000000000000 ) ) ;
#6304 = CARTESIAN_POINT ( 'NONE',  ( -50.66562500047797357, -11.99999999999998224, 8.889443056249969999 ) ) ;
#6305 = CARTESIAN_POINT ( 'NONE',  ( -50.12604166714463361, -12.51352018795476262, 7.110556943750000691 ) ) ;
#6306 = ORIENTED_EDGE ( 'NONE', *, *, #5486, .T. ) ;
#6307 = EDGE_CURVE ( 'NONE', #2921, #3210, #3617, .T. ) ;
#6308 = EDGE_LOOP ( 'NONE', ( #4272, #6344, #4858, #6393 ) ) ;
#6309 = ORIENTED_EDGE ( 'NONE', *, *, #3479, .T. ) ;
#6310 = CARTESIAN_POINT ( 'NONE',  ( 49.80977616938897512, 12.00000000000001776, 7.304717814665191433 ) ) ;
#6311 = CARTESIAN_POINT ( 'NONE',  ( -50.16979166714462224, 11.48647981204523560, 7.110556943749999803 ) ) ;
#6312 = CARTESIAN_POINT ( 'NONE',  ( -50.77609374999521918, -11.99999999999998224, 8.698105569437499796 ) ) ;
#6313 = CARTESIAN_POINT ( 'NONE',  ( 51.51145833381128369, -11.48647981204520363, 8.889443056249998421 ) ) ;
#6314 = CARTESIAN_POINT ( 'NONE',  ( -50.70937500047796220, -10.97295962409042325, 8.000000000000000000 ) ) ;
#6315 = CARTESIAN_POINT ( 'NONE',  ( -50.04583333428924874, 11.39378221735091223, 7.650000000000001243 ) ) ;
#6316 = ORIENTED_EDGE ( 'NONE', *, *, #2209, .T. ) ;
#6317 = AXIS2_PLACEMENT_3D ( 'NONE', #853, #4364, #3421 ) ;
#6318 = EDGE_LOOP ( 'NONE', ( #5661, #4263 ) ) ;
#6319 = DIRECTION ( 'NONE',  ( 0.000000000000000000, 1.000000000000000000, 0.000000000000000000 ) ) ;
#6320 = CARTESIAN_POINT ( 'NONE',  ( -50.24999999999999289, -11.99999999999998224, 7.300000000000000711 ) ) ;
#6321 = CARTESIAN_POINT ( 'NONE',  ( 51.38020833381129648, 12.77028028193218745, 7.555278471875000790 ) ) ;
#6322 = CARTESIAN_POINT ( 'NONE',  ( 50.51323675392275447, 12.00004806514223077, 7.300000003990494868 ) ) ;
#6323 = CARTESIAN_POINT ( 'NONE',  ( -51.43854166714462650, 12.77028028193218745, 7.555278471875000790 ) ) ;
#6324 = CARTESIAN_POINT ( 'NONE',  ( -50.83333333333332860, 12.60621778264912329, 8.349999999999999645 ) ) ;
#6325 =( BOUNDED_CURVE ( )  B_SPLINE_CURVE ( 2, ( #644, #2306, #3791, #6339, #1732, #5842, #1809 ),
 .UNSPECIFIED., .F., .T. ) 
 B_SPLINE_CURVE_WITH_KNOTS ( ( 3, 2, 2, 3 ),
 ( 0.1666666666666681285, 0.1944444444444450582, 0.2222222222222219601, 0.2499999999999988898 ),
 .UNSPECIFIED. ) 
 CURVE ( )  GEOMETRIC_REPRESENTATION_ITEM ( )  RATIONAL_B_SPLINE_CURVE ( ( 0.9999999999999928946, 0.8660254037844458130, 1.000000000000000000, 0.8660254037844387076, 1.000000000000000000, 0.8660254037844440367, 0.9999999999999946709 ) ) 
 REPRESENTATION_ITEM ( '' )  );
#6326 = CARTESIAN_POINT ( 'NONE',  ( 51.62812500047795083, 10.97295962409045522, 8.000000000000000000 ) ) ;
#6327 = DIRECTION ( 'NONE',  ( 0.000000000000000000, 0.000000000000000000, -1.000000000000000000 ) ) ;
#6328 = CARTESIAN_POINT ( 'NONE',  ( 52.00000000000000000, -11.99999999999998224, 8.000000000000000000 ) ) ;
#6329 = FACE_OUTER_BOUND ( 'NONE', #6454, .T. ) ;
#6330 = CARTESIAN_POINT ( 'NONE',  ( 51.59276041666188917, -11.39542284234370761, 8.349052784718749010 ) ) ;
#6331 = PLANE ( 'NONE',  #3627 ) ;
#6332 = DIRECTION ( 'NONE',  ( -0.000000000000000000, 1.000000000000000000, 0.000000000000000000 ) ) ;
#6333 = B_SPLINE_CURVE_WITH_KNOTS ( 'NONE', 3,
 ( #1149, #484, #1628, #1595 ),
 .UNSPECIFIED., .F., .F.,
 ( 4, 4 ),
 ( 0.000000000000000000, 0.0007113056166316736404 ),
 .UNSPECIFIED. ) ;
#6334 = AXIS2_PLACEMENT_3D ( 'NONE', #1512, #2596, #3135 ) ;
#6335 = CARTESIAN_POINT ( 'NONE',  ( 50.68750000000000000, 11.19170962313454076, 8.000000000000000000 ) ) ;
#6336 = CYLINDRICAL_SURFACE ( 'NONE', #844, 4.999999999999997335 ) ;
#6337 = CARTESIAN_POINT ( 'NONE',  ( 50.68020833381128654, -11.22971971806781255, 7.555278471875000790 ) ) ;
#6338 = DIRECTION ( 'NONE',  ( -1.304085479583589596E-15, 0.9396926207859080948, 0.3420201433256694346 ) ) ;
#6339 = CARTESIAN_POINT ( 'NONE',  ( -51.30000000095591162, 12.80829037686549299, 8.000000000000000000 ) ) ;
#6340 = CARTESIAN_POINT ( 'NONE',  ( 50.59999999999998721, -11.99999999999974420, 8.699999999999999289 ) ) ;
#6341 = CARTESIAN_POINT ( 'NONE',  ( -49.98020833381129080, -11.22971971806781255, 8.444721528124999210 ) ) ;
#6342 = ORIENTED_EDGE ( 'NONE', *, *, #360, .T. ) ;
#6343 = EDGE_LOOP ( 'NONE', ( #6617, #739, #3094, #5077 ) ) ;
#6344 = ORIENTED_EDGE ( 'NONE', *, *, #3760, .T. ) ;
#6345 = LINE ( 'NONE', #6239, #1237 ) ;
#6346 = EDGE_CURVE ( 'NONE', #833, #3797, #5164, .T. ) ;
#6347 = CARTESIAN_POINT ( 'NONE',  ( -51.10312500047795936, 13.02704037590958031, 8.000000000000000000 ) ) ;
#6348 = CARTESIAN_POINT ( 'NONE',  ( -51.35942708332855489, -12.60457715765625863, 7.650947215281250990 ) ) ;
#6349 = CARTESIAN_POINT ( 'NONE',  ( 50.30833333333333002, -12.60621778264908954, 8.349999999999999645 ) ) ;
#6350 = CARTESIAN_POINT ( 'NONE',  ( -50.50520833381129648, -12.77028028193215370, 7.555278471875000790 ) ) ;
#6351 = CARTESIAN_POINT ( 'NONE',  ( -51.27083333333332860, 12.40414518843283176, 7.300000000000133937 ) ) ;
#6352 = CARTESIAN_POINT ( 'NONE',  ( -50.22812500047797357, 10.97295962409048720, 8.000000000000000000 ) ) ;
#6353 = EDGE_CURVE ( 'NONE', #5261, #1566, #5765, .T. ) ;
#6354 = ORIENTED_EDGE ( 'NONE', *, *, #4841, .F. ) ;
#6355 = ORIENTED_EDGE ( 'NONE', *, *, #5527, .T. ) ;
#6356 = CARTESIAN_POINT ( 'NONE',  ( -50.02395833381130785, -11.22971971806783920, 8.444721528124983223 ) ) ;
#6357 = CARTESIAN_POINT ( 'NONE',  ( -44.99999999999998579, -29.99999999999999645, -30.00000000000000000 ) ) ;
#6358 = CARTESIAN_POINT ( 'NONE',  ( -49.99999999999998579, 23.00000000000000711, -7.581222038939411156 ) ) ;
#6359 = VECTOR ( 'NONE', #5697, 1000.000000000000000 ) ;
#6360 = CARTESIAN_POINT ( 'NONE',  ( -49.92187500047795368, 12.00000000000001776, 8.889443056249998421 ) ) ;
#6361 = CARTESIAN_POINT ( 'NONE',  ( -50.57083333333332575, 12.40414518843275538, 7.300000000000000711 ) ) ;
#6362 = DIRECTION ( 'NONE',  ( -1.000000000000000000, 0.000000000000000000, 0.000000000000000000 ) ) ;
#6363 = CARTESIAN_POINT ( 'NONE',  ( 51.39999999999999858, 12.51172035390604265, 7.272503450379568690 ) ) ;
#6364 = CARTESIAN_POINT ( 'NONE',  ( 51.20520833381136327, -12.77028028193215548, 8.444721528124999210 ) ) ;
#6365 = VECTOR ( 'NONE', #2015, 1000.000000000000000 ) ;
#6366 = CARTESIAN_POINT ( 'NONE',  ( 50.27916666666668277, 11.59585481156728370, 8.699999999999999289 ) ) ;
#6367 = CARTESIAN_POINT ( 'NONE',  ( 50.92192708332855489, -11.59694856156246701, 8.698105569437499796 ) ) ;
#6368 = CARTESIAN_POINT ( 'NONE',  ( 52.00000000000000000, 12.00000000000001776, 8.000000000000000000 ) ) ;
#6369 = CARTESIAN_POINT ( 'NONE',  ( -51.39999999999999147, 12.00000000000001776, 9.500000000000001776 ) ) ;
#6370 =( BOUNDED_CURVE ( )  B_SPLINE_CURVE ( 2, ( #4721, #4183, #672, #6227, #106, #4214, #3240, #1650, #1138 ),
 .UNSPECIFIED., .F., .F. ) 
 B_SPLINE_CURVE_WITH_KNOTS ( ( 3, 2, 2, 2, 3 ),
 ( 0.5249370810981169866, 0.5249378455114039888, 0.5541010591509264449, 0.5832642727904489011, 0.6124230993179790028 ),
 .UNSPECIFIED. ) 
 CURVE ( )  GEOMETRIC_REPRESENTATION_ITEM ( )  RATIONAL_B_SPLINE_CURVE ( ( 0.9999929768180999545, 0.9999964883170032737, 1.000000000000000000, 0.8660254037844387076, 1.000000000000000000, 0.8660254037844387076, 1.000000000000000000, 0.8660455579953221239, 0.9999596976419531380 ) ) 
 REPRESENTATION_ITEM ( '' )  );
#6371 = CARTESIAN_POINT ( 'NONE',  ( 50.42499999999993321, -12.00000000000091482, 7.300000000000002487 ) ) ;
#6372 = CARTESIAN_POINT ( 'NONE',  ( 51.50416666666666288, 12.40414518843275538, 7.300000000000000711 ) ) ;
#6373 = LINE ( 'NONE', #1327, #2774 ) ;
#6374 = CARTESIAN_POINT ( 'NONE',  ( 50.03854166714462082, -11.22971971806781255, 8.444721528125000987 ) ) ;
#6375 = ORIENTED_EDGE ( 'NONE', *, *, #3415, .T. ) ;
#6376 = CARTESIAN_POINT ( 'NONE',  ( -50.10416666762257876, -12.60621778264908954, 8.349999999999999645 ) ) ;
#6377 = CARTESIAN_POINT ( 'NONE',  ( -51.07395833381130501, -11.22971971806783920, 8.444721528124983223 ) ) ;
#6378 = CARTESIAN_POINT ( 'NONE',  ( -50.12604166714469045, -12.51352018795476262, 7.110556943750002468 ) ) ;
#6379 = CARTESIAN_POINT ( 'NONE',  ( -51.40937500047795794, -10.97295962409042325, 8.000000000000000000 ) ) ;
#6380 = ORIENTED_EDGE ( 'NONE', *, *, #6031, .F. ) ;
#6381 = ORIENTED_EDGE ( 'NONE', *, *, #5644, .T. ) ;
#6382 = ORIENTED_EDGE ( 'NONE', *, *, #2326, .T. ) ;
#6383 = APPLICATION_CONTEXT ( 'automotive_design' ) ;
#6384 = CARTESIAN_POINT ( 'NONE',  ( 50.91810950272230940, 12.60213203529872317, 7.652358907332596161 ) ) ;
#6385 = CARTESIAN_POINT ( 'NONE',  ( -50.66562500047795936, 12.00000000000001776, 8.889443056250000197 ) ) ;
#6386 = CARTESIAN_POINT ( 'NONE',  ( -51.12609374999521350, -11.99999999999998224, 8.698105569437499796 ) ) ;
#6387 = FACE_OUTER_BOUND ( 'NONE', #2721, .T. ) ;
#6388 = CARTESIAN_POINT ( 'NONE',  ( -50.97187500047795794, -11.99999999999998224, 8.889443056249998421 ) ) ;
#6389 = CARTESIAN_POINT ( 'NONE',  ( 50.09687500047802899, 12.00000000000001776, 8.889443056250000197 ) ) ;
#6390 = CARTESIAN_POINT ( 'NONE',  ( -51.30729166714463929, 11.22971971806787117, 8.444721528124986776 ) ) ;
#6391 = EDGE_LOOP ( 'NONE', ( #5169, #2608, #3380, #1303 ) ) ;
#6392 = EDGE_CURVE ( 'NONE', #5176, #1918, #2426, .T. ) ;
#6393 = ORIENTED_EDGE ( 'NONE', *, *, #1247, .F. ) ;
#6394 = CARTESIAN_POINT ( 'NONE',  ( 3.750000000000003997, 28.00000000000001066, -0.5999999999999989786 ) ) ;
#6395 = DIRECTION ( 'NONE',  ( 0.000000000000000000, -1.000000000000000000, 0.000000000000000000 ) ) ;
#6396 = CARTESIAN_POINT ( 'NONE',  ( 51.00104166714462650, 12.51352018795479815, 7.110556943749999803 ) ) ;
#6397 = CARTESIAN_POINT ( 'NONE',  ( -51.44583333428924732, 11.39378221735091223, 7.650000000000001243 ) ) ;
#6398 = CARTESIAN_POINT ( 'NONE',  ( -51.00833333333332575, 11.39378221735091223, 7.650000000000001243 ) ) ;
#6399 = EDGE_LOOP ( 'NONE', ( #4695, #3557, #3686, #1954, #517, #2034, #337, #3588, #4472, #3425, #5296, #116 ) ) ;
#6400 = PRODUCT ( '\X2\524d76d6\X0\', '\X2\524d76d6\X0\', '', ( #5508 ) ) ;
#6401 = AXIS2_PLACEMENT_3D ( 'NONE', #2088, #1073, #3105 ) ;
#6402 = CARTESIAN_POINT ( 'NONE',  ( 52.00000000000000000, 12.00000000000001776, 8.699999999999999289 ) ) ;
#6403 = CARTESIAN_POINT ( 'NONE',  ( 50.86250000095591162, -11.99999999999998224, 7.300000000000000711 ) ) ;
#6404 = CARTESIAN_POINT ( 'NONE',  ( 50.82604166714468619, -12.51352018795476440, 8.889443056250000197 ) ) ;
#6405 = CARTESIAN_POINT ( 'NONE',  ( 50.42499999999993321, 11.99999999999907985, 7.300000000000002487 ) ) ;
#6406 = CARTESIAN_POINT ( 'NONE',  ( 50.74692708332855773, -12.40305143843749924, 7.301894430562501093 ) ) ;
#6407 = LINE ( 'NONE', #2878, #411 ) ;
#6408 = VECTOR ( 'NONE', #6125, 1000.000000000000000 ) ;
#6409 = CYLINDRICAL_SURFACE ( 'NONE', #212, 0.6999999999999992895 ) ;
#6410 = DIRECTION ( 'NONE',  ( -1.000000000000000000, -1.334402673828313586E-16, -4.856828537987392305E-17 ) ) ;
#6411 = CARTESIAN_POINT ( 'NONE',  ( 50.94999999999999574, 12.00000000000001776, 8.699999999999999289 ) ) ;
#6412 = CARTESIAN_POINT ( 'NONE',  ( 50.79687500047795368, -11.99999999999998224, 8.889443056250000197 ) ) ;
#6413 = VERTEX_POINT ( 'NONE', #2098 ) ;
#6414 =( BOUNDED_SURFACE ( )  B_SPLINE_SURFACE ( 1, 2, ( 
 ( #3224, #5886, #5777, #2243, #5266, #2716, #4846, #4736, #2277, #2203, #3728, #2826, #2168, #4304, #2314, #4231, #5850, #1124, #653, #1232, #2755, #120, #6348, #1706, #762, #3840, #3762, #6275, #3299, #4883, #6386, #617, #4772, #264, #156, #1740, #1779, #4266, #1192, #1270, #3260, #228, #6312, #5301, #690, #4810, #5338, #3336, #727, #5375, #2790, #4377, #3690, #4059, #2570, #3876, #2352, #6608, #5568, #1884, #5068, #5409, #3367, #3944, #454, #2384, #6458, #5987, #1305, #1370, #2507, #4445, #1851 ),
 ( #2538, #794, #3910, #4411, #4948, #3427, #331, #4560, #2027, #980, #2860, #1998, #5955, #1012, #1340, #6490, #3398, #5130, #4915, #950, #3046, #4087, #3016, #828, #5442, #5628, #6102, #2892, #6129, #1489, #481, #3550, #5921, #5598, #298, #5096, #4593, #6640, #1519, #3582, #3078, #511, #4627, #1817, #2093, #1140, #108, #3208, #1079, #5251, #6229, #2635, #1652, #5224, #1557, #2698, #1622, #4660, #2736, #3142, #2157, #4154, #4120, #3172, #3647, #6, #2056, #5760, #603, #4723, #4757, #6197, #5190 ),
 ( #569, #5694, #41, #139, #3710, #3111, #4185, #4216, #2187, #1175, #6258, #3242, #636, #1590, #3675, #6161, #2668, #5724, #3615, #5660, #4249, #6294, #4694, #1048, #1686, #3746, #5160, #5795, #75, #5287, #1106, #540, #674, #2603, #2127, #3782, #5972, #1836, #5835, #745, #813, #5359, #4828, #4429, #284, #5320, #4900, #175, #1762, #2337, #3859, #1214, #3353, #2810, #1869, #4934, #4864, #3281, #4397, #1358, #5427, #2222, #709, #3925, #210, #5392, #3384, #3318, #250, #318, #2299, #5938, #1252 ) ),
 .UNSPECIFIED., .F., .F., .F. ) 
 B_SPLINE_SURFACE_WITH_KNOTS ( ( 2, 1, 2 ),
 ( 3, 2, 2, 2, 2, 2, 2, 2, 2, 2, 2, 2, 2, 2, 2, 2, 2, 2, 2, 2, 2, 2, 2, 2, 2, 2, 2, 2, 2, 2, 2, 2, 2, 2, 2, 2, 3 ),
 ( -0.01000000000000000021, 0.000000000000000000, 1.000000000000000000 ),
 ( 0.000000000000000000, 0.02777777777777777624, 0.05555555555555555247, 0.08333333333333332871, 0.1111111111111111049, 0.1388888888888888951, 0.1666666666666666574, 0.1944444444444444475, 0.2222222222222222099, 0.2500000000000000000, 0.2777777777777777901, 0.3055555555555555802, 0.3333333333333333148, 0.3611111111111111049, 0.3888888888888888951, 0.4166666666666666852, 0.4444444444444444198, 0.4722222222222222099, 0.5000000000000000000, 0.5277777777777777901, 0.5555555555555555802, 0.5833333333333333703, 0.6111111111111111605, 0.6388888888888888395, 0.6666666666666666297, 0.6944444444444444198, 0.7222222222222222099, 0.7500000000000000000, 0.7777777777777777901, 0.8055555555555555802, 0.8333333333333333703, 0.8611111111111111605, 0.8888888888888888395, 0.9166666666666666297, 0.9444444444444444198, 0.9524941315683516097, 0.9620190728840350980 ),
 .UNSPECIFIED. ) 
 GEOMETRIC_REPRESENTATION_ITEM ( )  RATIONAL_B_SPLINE_SURFACE ( (
 ( 1.000000000000000000, 0.8660254037844387076, 1.000000000000000000, 0.8660254037844387076, 1.000000000000000000, 0.8660254037844387076, 1.000000000000000000, 0.8660254037844387076, 1.000000000000000000, 0.8660254037844387076, 1.000000000000000000, 0.8660254037844387076, 1.000000000000000000, 0.8660254037844387076, 1.000000000000000000, 0.8660254037844387076, 1.000000000000000000, 0.8660254037844387076, 1.000000000000000000, 0.8660254037844387076, 1.000000000000000000, 0.8660254037844387076, 1.000000000000000000, 0.8660254037844387076, 1.000000000000000000, 0.8660254037844387076, 1.000000000000000000, 0.8660254037844387076, 1.000000000000000000, 0.8660254037844387076, 1.000000000000000000, 0.8660254037844387076, 1.000000000000000000, 0.8660254037844387076, 1.000000000000000000, 0.8660254037844387076, 1.000000000000000000, 0.8660254037844387076, 1.000000000000000000, 0.8660254037844387076, 1.000000000000000000, 0.8660254037844387076, 1.000000000000000000, 0.8660254037844387076, 1.000000000000000000, 0.8660254037844387076, 1.000000000000000000, 0.8660254037844387076, 1.000000000000000000, 0.8660254037844387076, 1.000000000000000000, 0.8660254037844387076, 1.000000000000000000, 0.8660254037844387076, 1.000000000000000000, 0.8660254037844387076, 1.000000000000000000, 0.8660254037844387076, 1.000000000000000000, 0.8660254037844387076, 1.000000000000000000, 0.8660254037844387076, 1.000000000000000000, 0.8660254037844387076, 1.000000000000000000, 0.8660254037844387076, 1.000000000000000000, 0.8660254037844387076, 1.000000000000000000, 0.9611756710448655650, 0.9448530485534138990, 0.9448530485534138990, 0.9448530485534138990),
 ( 1.000000000000000000, 0.8660254037844387076, 1.000000000000000000, 0.8660254037844387076, 1.000000000000000000, 0.8660254037844387076, 1.000000000000000000, 0.8660254037844387076, 1.000000000000000000, 0.8660254037844387076, 1.000000000000000000, 0.8660254037844387076, 1.000000000000000000, 0.8660254037844387076, 1.000000000000000000, 0.8660254037844387076, 1.000000000000000000, 0.8660254037844387076, 1.000000000000000000, 0.8660254037844387076, 1.000000000000000000, 0.8660254037844387076, 1.000000000000000000, 0.8660254037844387076, 1.000000000000000000, 0.8660254037844387076, 1.000000000000000000, 0.8660254037844387076, 1.000000000000000000, 0.8660254037844387076, 1.000000000000000000, 0.8660254037844387076, 1.000000000000000000, 0.8660254037844387076, 1.000000000000000000, 0.8660254037844387076, 1.000000000000000000, 0.8660254037844387076, 1.000000000000000000, 0.8660254037844387076, 1.000000000000000000, 0.8660254037844387076, 1.000000000000000000, 0.8660254037844387076, 1.000000000000000000, 0.8660254037844387076, 1.000000000000000000, 0.8660254037844387076, 1.000000000000000000, 0.8660254037844387076, 1.000000000000000000, 0.8660254037844387076, 1.000000000000000000, 0.8660254037844387076, 1.000000000000000000, 0.8660254037844387076, 1.000000000000000000, 0.8660254037844387076, 1.000000000000000000, 0.8660254037844387076, 1.000000000000000000, 0.8660254037844387076, 1.000000000000000000, 0.8660254037844387076, 1.000000000000000000, 0.8660254037844387076, 1.000000000000000000, 0.8660254037844387076, 1.000000000000000000, 0.9611756710448655650, 0.9448530485534138990, 0.9448530485534138990, 0.9448530485534138990),
 ( 1.000000000000000000, 0.8660254037844387076, 1.000000000000000000, 0.8660254037844387076, 1.000000000000000000, 0.8660254037844387076, 1.000000000000000000, 0.8660254037844387076, 1.000000000000000000, 0.8660254037844387076, 1.000000000000000000, 0.8660254037844387076, 1.000000000000000000, 0.8660254037844387076, 1.000000000000000000, 0.8660254037844387076, 1.000000000000000000, 0.8660254037844387076, 1.000000000000000000, 0.8660254037844387076, 1.000000000000000000, 0.8660254037844387076, 1.000000000000000000, 0.8660254037844387076, 1.000000000000000000, 0.8660254037844387076, 1.000000000000000000, 0.8660254037844387076, 1.000000000000000000, 0.8660254037844387076, 1.000000000000000000, 0.8660254037844387076, 1.000000000000000000, 0.8660254037844387076, 1.000000000000000000, 0.8660254037844387076, 1.000000000000000000, 0.8660254037844387076, 1.000000000000000000, 0.8660254037844387076, 1.000000000000000000, 0.8660254037844387076, 1.000000000000000000, 0.8660254037844387076, 1.000000000000000000, 0.8660254037844387076, 1.000000000000000000, 0.8660254037844387076, 1.000000000000000000, 0.8660254037844387076, 1.000000000000000000, 0.8660254037844387076, 1.000000000000000000, 0.8660254037844387076, 1.000000000000000000, 0.8660254037844387076, 1.000000000000000000, 0.8660254037844387076, 1.000000000000000000, 0.8660254037844387076, 1.000000000000000000, 0.8660254037844387076, 1.000000000000000000, 0.8660254037844387076, 1.000000000000000000, 0.8660254037844387076, 1.000000000000000000, 0.8660254037844387076, 1.000000000000000000, 0.9611756710448655650, 0.9448530485534138990, 0.9448530485534138990, 0.9448530485534138990) ) ) 
 REPRESENTATION_ITEM ( '' )  SURFACE ( )  );
#6415 = DIRECTION ( 'NONE',  ( 0.000000000000000000, 0.000000000000000000, -1.000000000000000000 ) ) ;
#6416 = CARTESIAN_POINT ( 'NONE',  ( -51.01562500047796789, -11.99999999999998224, 8.889443056249969999 ) ) ;
#6417 = CARTESIAN_POINT ( 'NONE',  ( 48.51471862576141802, -29.00000000000002132, -28.63602976573381298 ) ) ;
#6418 = CARTESIAN_POINT ( 'NONE',  ( -51.23437500047796078, -13.02704037590954478, 8.000000000000000000 ) ) ;
#6419 = ORIENTED_EDGE ( 'NONE', *, *, #3862, .F. ) ;
#6420 = VERTEX_POINT ( 'NONE', #2061 ) ;
#6421 = CARTESIAN_POINT ( 'NONE',  ( 51.83229166714461655, -11.22971971806781255, 8.444721528125000987 ) ) ;
#6422 = CARTESIAN_POINT ( 'NONE',  ( -50.22812500047795936, 10.97295962409045522, 8.000000000000000000 ) ) ;
#6423 = FACE_OUTER_BOUND ( 'NONE', #6399, .T. ) ;
#6424 = CARTESIAN_POINT ( 'NONE',  ( 49.90729166714462650, -12.77028028193215370, 7.555278471875000790 ) ) ;
#6425 = CARTESIAN_POINT ( 'NONE',  ( -50.79687500047795368, -11.99999999999998224, 7.110556943750001579 ) ) ;
#6426 = CARTESIAN_POINT ( 'NONE',  ( 50.22083333428924590, 12.60621778264912329, 7.650000000000000355 ) ) ;
#6427 = CARTESIAN_POINT ( 'NONE',  ( -50.57083333333331154, 12.40414518843280334, 7.300000000000079758 ) ) ;
#6428 = ORIENTED_EDGE ( 'NONE', *, *, #3874, .T. ) ;
#6429 = B_SPLINE_CURVE_WITH_KNOTS ( 'NONE', 3,
 ( #3083, #2643, #1661, #3178 ),
 .UNSPECIFIED., .F., .F.,
 ( 4, 4 ),
 ( 0.000000000000000000, 0.0007113056166372850372 ),
 .UNSPECIFIED. ) ;
#6430 = VERTEX_POINT ( 'NONE', #3176 ) ;
#6431 = DIRECTION ( 'NONE',  ( 0.000000000000000000, 0.000000000000000000, 1.000000000000000000 ) ) ;
#6432 = CARTESIAN_POINT ( 'NONE',  ( 3.750000000000003997, 33.00000000000000000, 0.9000000000000005773 ) ) ;
#6433 = CARTESIAN_POINT ( 'NONE',  ( 51.12500000095591446, 11.19170962313454076, 8.000000000000000000 ) ) ;
#6434 = CARTESIAN_POINT ( 'NONE',  ( -50.60000000095591588, 12.80829037686549299, 8.000000000000000000 ) ) ;
#6435 = CARTESIAN_POINT ( 'NONE',  ( -51.45312500047795368, 13.02704037590958031, 8.000000000000000000 ) ) ;
#6436 = EDGE_LOOP ( 'NONE', ( #6080, #3768, #190, #329 ) ) ;
#6437 = CIRCLE ( 'NONE', #2993, 1.500000000000001332 ) ;
#6438 = CARTESIAN_POINT ( 'NONE',  ( 50.36666666666666714, -12.60621778264908777, 7.650000000000001243 ) ) ;
#6439 = DIRECTION ( 'NONE',  ( -1.000000000000000000, 0.000000000000000000, 0.000000000000000000 ) ) ;
#6440 = DIRECTION ( 'NONE',  ( -0.000000000000000000, 0.000000000000000000, 1.000000000000000000 ) ) ;
#6441 = CARTESIAN_POINT ( 'NONE',  ( 50.10526041666188490, -11.59694856156246701, 7.301894430562501093 ) ) ;
#6442 = CYLINDRICAL_SURFACE ( 'NONE', #1583, 0.6999999999999992895 ) ;
#6443 = DIRECTION ( 'NONE',  ( 0.000000000000000000, 0.000000000000000000, 1.000000000000000000 ) ) ;
#6444 = EDGE_CURVE ( 'NONE', #1961, #2028, #2573, .T. ) ;
#6445 = CARTESIAN_POINT ( 'NONE',  ( 50.40312500047796362, -10.97295962409045345, 8.000000000000000000 ) ) ;
#6446 = CARTESIAN_POINT ( 'NONE',  ( 50.33859374999522629, 11.19389712312498020, 8.000000000000000000 ) ) ;
#6447 = CARTESIAN_POINT ( 'NONE',  ( -50.80416666666558712, 12.40414518842846547, 8.700000000008785150 ) ) ;
#6448 = CARTESIAN_POINT ( 'NONE',  ( 50.73854166714462366, -11.22971971806781255, 8.444721528125000987 ) ) ;
#6449 = ORIENTED_EDGE ( 'NONE', *, *, #4019, .T. ) ;
#6450 = DIRECTION ( 'NONE',  ( -2.608170959167178502E-16, -0.9396926207859080948, -0.3420201433256694346 ) ) ;
#6451 = CARTESIAN_POINT ( 'NONE',  ( -50.83333333428925727, -12.40414518843272518, 8.699999999999995737 ) ) ;
#6452 = CARTESIAN_POINT ( 'NONE',  ( 51.18332445581019385, -12.40420670033993211, 7.300106541748565547 ) ) ;
#6453 = CARTESIAN_POINT ( 'NONE',  ( -51.43854166714462650, -11.22971971806781255, 7.555278471875000790 ) ) ;
#6454 = EDGE_LOOP ( 'NONE', ( #1334, #4344, #2382, #1975 ) ) ;
#6455 = VERTEX_POINT ( 'NONE', #4630 ) ;
#6456 =( BOUNDED_SURFACE ( )  B_SPLINE_SURFACE ( 1, 2, ( 
 ( #6508, #6570, #4964, #3040, #4996, #5559, #448, #1902, #5089, #1959, #2975, #474, #3962, #2498, #6601, #5622, #4052, #6092, #4460, #348, #2531, #4080, #5031, #1511, #6540, #1929, #2402, #1389, #3478, #3448, #3992, #2912, #6035, #5492, #4583, #875, #3573, #2942, #908, #416, #4522, #4023, #6062, #2085, #2562, #3101, #2150, #1101, #4207, #4147, #6252, #562, #3640, #2661, #6221, #4617, #3703, #2628, #5653, #3740, #6190, #3166, #5152, #5121, #4179, #4652, #1005, #3071, #102, #1613, #5716, #5753, #531 ),
 ( #5217, #502, #32, #597, #68, #6664, #3668, #5683, #4748, #1135, #1070, #2049, #4718, #2179, #1645, #4112, #6154, #131, #1040, #3200, #5245, #1580, #3134, #630, #5183, #2692, #4684, #2595, #1548, #2119, #4243, #6288, #1680, #3607, #6398, #1208, #168, #1281, #6470, #1169, #6324, #3852, #2801, #5860, #2292, #2726, #665, #1245, #4351, #6361, #3775, #3310, #5279, #3237, #2254, #4821, #204, #4389, #4785, #4857, #2216, #3887, #3270, #1792, #5897, #4279, #1829, #241, #5350, #1316, #1718, #3347, #5386 ),
 ( #5827, #5312, #773, #2872, #738, #4423, #702, #4315, #2767, #1756, #3815, #2839, #4894, #277, #2330, #6435, #5932, #3379, #5420, #807, #4929, #309, #2364, #1863, #5788, #2935, #4991, #2492, #842, #901, #5966, #1981, #6000, #2462, #4517, #2904, #6592, #2969, #3986, #6086, #4959, #1443, #6565, #6624, #6057, #933, #5455, #1353, #3505, #966, #6029, #2520, #1383, #376, #3410, #342, #2429, #2396, #5484, #3920, #1409, #4455, #6501, #4484, #3033, #6533, #4046, #1475, #5553, #5521, #1924, #3537, #5585 ) ),
 .UNSPECIFIED., .F., .F., .F. ) 
 B_SPLINE_SURFACE_WITH_KNOTS ( ( 2, 1, 2 ),
 ( 3, 2, 2, 2, 2, 2, 2, 2, 2, 2, 2, 2, 2, 2, 2, 2, 2, 2, 2, 2, 2, 2, 2, 2, 2, 2, 2, 2, 2, 2, 2, 2, 2, 2, 2, 2, 3 ),
 ( -0.01000000000000000021, 0.000000000000000000, 1.000000000000000000 ),
 ( 0.000000000000000000, 0.02777777777777777624, 0.05555555555555555247, 0.08333333333333332871, 0.1111111111111111049, 0.1388888888888888951, 0.1666666666666666574, 0.1944444444444444475, 0.2222222222222222099, 0.2500000000000000000, 0.2777777777777777901, 0.3055555555555555802, 0.3333333333333333148, 0.3611111111111111049, 0.3888888888888888951, 0.4166666666666666852, 0.4444444444444444198, 0.4722222222222222099, 0.5000000000000000000, 0.5277777777777777901, 0.5555555555555555802, 0.5833333333333333703, 0.6111111111111111605, 0.6388888888888888395, 0.6666666666666666297, 0.6944444444444444198, 0.7222222222222222099, 0.7500000000000000000, 0.7777777777777777901, 0.8055555555555555802, 0.8333333333333333703, 0.8611111111111111605, 0.8888888888888888395, 0.9166666666666666297, 0.9444444444444444198, 0.9524941315683517207, 0.9620190728840352090 ),
 .UNSPECIFIED. ) 
 GEOMETRIC_REPRESENTATION_ITEM ( )  RATIONAL_B_SPLINE_SURFACE ( (
 ( 1.000000000000000000, 0.8660254037844387076, 1.000000000000000000, 0.8660254037844387076, 1.000000000000000000, 0.8660254037844387076, 1.000000000000000000, 0.8660254037844387076, 1.000000000000000000, 0.8660254037844387076, 1.000000000000000000, 0.8660254037844387076, 1.000000000000000000, 0.8660254037844387076, 1.000000000000000000, 0.8660254037844387076, 1.000000000000000000, 0.8660254037844387076, 1.000000000000000000, 0.8660254037844387076, 1.000000000000000000, 0.8660254037844387076, 1.000000000000000000, 0.8660254037844387076, 1.000000000000000000, 0.8660254037844387076, 1.000000000000000000, 0.8660254037844387076, 1.000000000000000000, 0.8660254037844387076, 1.000000000000000000, 0.8660254037844387076, 1.000000000000000000, 0.8660254037844387076, 1.000000000000000000, 0.8660254037844387076, 1.000000000000000000, 0.8660254037844387076, 1.000000000000000000, 0.8660254037844387076, 1.000000000000000000, 0.8660254037844387076, 1.000000000000000000, 0.8660254037844387076, 1.000000000000000000, 0.8660254037844387076, 1.000000000000000000, 0.8660254037844387076, 1.000000000000000000, 0.8660254037844387076, 1.000000000000000000, 0.8660254037844387076, 1.000000000000000000, 0.8660254037844387076, 1.000000000000000000, 0.8660254037844387076, 1.000000000000000000, 0.8660254037844387076, 1.000000000000000000, 0.8660254037844387076, 1.000000000000000000, 0.8660254037844387076, 1.000000000000000000, 0.8660254037844387076, 1.000000000000000000, 0.8660254037844387076, 1.000000000000000000, 0.8660254037844387076, 1.000000000000000000, 0.9611756710448650098, 0.9448530485534134549, 0.9448530485534134549, 0.9448530485534134549),
 ( 1.000000000000000000, 0.8660254037844387076, 1.000000000000000000, 0.8660254037844387076, 1.000000000000000000, 0.8660254037844387076, 1.000000000000000000, 0.8660254037844387076, 1.000000000000000000, 0.8660254037844387076, 1.000000000000000000, 0.8660254037844387076, 1.000000000000000000, 0.8660254037844387076, 1.000000000000000000, 0.8660254037844387076, 1.000000000000000000, 0.8660254037844387076, 1.000000000000000000, 0.8660254037844387076, 1.000000000000000000, 0.8660254037844387076, 1.000000000000000000, 0.8660254037844387076, 1.000000000000000000, 0.8660254037844387076, 1.000000000000000000, 0.8660254037844387076, 1.000000000000000000, 0.8660254037844387076, 1.000000000000000000, 0.8660254037844387076, 1.000000000000000000, 0.8660254037844387076, 1.000000000000000000, 0.8660254037844387076, 1.000000000000000000, 0.8660254037844387076, 1.000000000000000000, 0.8660254037844387076, 1.000000000000000000, 0.8660254037844387076, 1.000000000000000000, 0.8660254037844387076, 1.000000000000000000, 0.8660254037844387076, 1.000000000000000000, 0.8660254037844387076, 1.000000000000000000, 0.8660254037844387076, 1.000000000000000000, 0.8660254037844387076, 1.000000000000000000, 0.8660254037844387076, 1.000000000000000000, 0.8660254037844387076, 1.000000000000000000, 0.8660254037844387076, 1.000000000000000000, 0.8660254037844387076, 1.000000000000000000, 0.8660254037844387076, 1.000000000000000000, 0.8660254037844387076, 1.000000000000000000, 0.8660254037844387076, 1.000000000000000000, 0.8660254037844387076, 1.000000000000000000, 0.9611756710448650098, 0.9448530485534134549, 0.9448530485534134549, 0.9448530485534134549),
 ( 1.000000000000000000, 0.8660254037844387076, 1.000000000000000000, 0.8660254037844387076, 1.000000000000000000, 0.8660254037844387076, 1.000000000000000000, 0.8660254037844387076, 1.000000000000000000, 0.8660254037844387076, 1.000000000000000000, 0.8660254037844387076, 1.000000000000000000, 0.8660254037844387076, 1.000000000000000000, 0.8660254037844387076, 1.000000000000000000, 0.8660254037844387076, 1.000000000000000000, 0.8660254037844387076, 1.000000000000000000, 0.8660254037844387076, 1.000000000000000000, 0.8660254037844387076, 1.000000000000000000, 0.8660254037844387076, 1.000000000000000000, 0.8660254037844387076, 1.000000000000000000, 0.8660254037844387076, 1.000000000000000000, 0.8660254037844387076, 1.000000000000000000, 0.8660254037844387076, 1.000000000000000000, 0.8660254037844387076, 1.000000000000000000, 0.8660254037844387076, 1.000000000000000000, 0.8660254037844387076, 1.000000000000000000, 0.8660254037844387076, 1.000000000000000000, 0.8660254037844387076, 1.000000000000000000, 0.8660254037844387076, 1.000000000000000000, 0.8660254037844387076, 1.000000000000000000, 0.8660254037844387076, 1.000000000000000000, 0.8660254037844387076, 1.000000000000000000, 0.8660254037844387076, 1.000000000000000000, 0.8660254037844387076, 1.000000000000000000, 0.8660254037844387076, 1.000000000000000000, 0.8660254037844387076, 1.000000000000000000, 0.8660254037844387076, 1.000000000000000000, 0.8660254037844387076, 1.000000000000000000, 0.8660254037844387076, 1.000000000000000000, 0.8660254037844387076, 1.000000000000000000, 0.9611756710448650098, 0.9448530485534134549, 0.9448530485534134549, 0.9448530485534134549) ) ) 
 REPRESENTATION_ITEM ( '' )  SURFACE ( )  );
#6457 = CARTESIAN_POINT ( 'NONE',  ( -51.49687500047795652, 12.00000000000001776, 7.110556943750001579 ) ) ;
#6458 = CARTESIAN_POINT ( 'NONE',  ( -50.07609374999521634, -11.99999999999998224, 8.698105569437499796 ) ) ;
#6459 = CARTESIAN_POINT ( 'NONE',  ( 52.00000000000000000, -11.99999999999998224, 7.300000000000000711 ) ) ;
#6460 = CARTESIAN_POINT ( 'NONE',  ( -51.70833333428925016, -11.59585481156724462, 7.300000000000000711 ) ) ;
#6461 = DIRECTION ( 'NONE',  ( 0.000000000000000000, -0.000000000000000000, -1.000000000000000000 ) ) ;
#6462 = CARTESIAN_POINT ( 'NONE',  ( -50.54895833381130643, 11.22971971806786939, 7.555278471875015001 ) ) ;
#6463 = EDGE_LOOP ( 'NONE', ( #4871, #870, #2249, #3034 ) ) ;
#6464 = EDGE_LOOP ( 'NONE', ( #4390, #541, #2712, #5637, #3342, #888, #2840, #5194, #6279, #418, #801, #124 ) ) ;
#6465 = CARTESIAN_POINT ( 'NONE',  ( -49.99999999999995026, 11.27720167678122465, 7.975613250412762589 ) ) ;
#6466 = CARTESIAN_POINT ( 'NONE',  ( -51.08854166714470324, 12.77028028193218745, 7.555278471875000790 ) ) ;
#6467 = B_SPLINE_CURVE_WITH_KNOTS ( 'NONE', 3,
 ( #292, #5330, #1845, #682, #2233, #2706 ),
 .UNSPECIFIED., .F., .F.,
 ( 4, 2, 4 ),
 ( 0.02415173317497110866, 0.02462361354939456709, 0.02509549392381802552 ),
 .UNSPECIFIED. ) ;
#6468 = CARTESIAN_POINT ( 'NONE',  ( 49.92187500047795368, 12.00000000000001776, 7.110556943750000691 ) ) ;
#6469 = CARTESIAN_POINT ( 'NONE',  ( -50.15520833381128796, 11.22971971806784808, 7.555278471875000790 ) ) ;
#6470 = CARTESIAN_POINT ( 'NONE',  ( -50.89166666666665861, 12.60621778264912329, 7.650000000000000355 ) ) ;
#6471 = ORIENTED_EDGE ( 'NONE', *, *, #2185, .T. ) ;
#6472 = CARTESIAN_POINT ( 'NONE',  ( 51.10312500047795936, 13.02704037590958031, 8.000000000000000000 ) ) ;
#6473 = DIRECTION ( 'NONE',  ( -1.000000000000000000, 0.000000000000000000, 0.000000000000000000 ) ) ;
#6474 = DIRECTION ( 'NONE',  ( 0.000000000000000000, 0.000000000000000000, -1.000000000000000000 ) ) ;
#6475 = DIRECTION ( 'NONE',  ( -1.000000000000000000, 0.000000000000000000, 0.000000000000000000 ) ) ;
#6476 = CARTESIAN_POINT ( 'NONE',  ( 52.00000000000000000, -29.99999999999998224, -30.00000000000000000 ) ) ;
#6477 = AXIS2_PLACEMENT_3D ( 'NONE', #4709, #6145, #6115 ) ;
#6478 = EDGE_CURVE ( 'NONE', #1824, #242, #5226, .T. ) ;
#6479 = CARTESIAN_POINT ( 'NONE',  ( 50.99999999999999289, 23.00000000000001421, -9.709577583891228159 ) ) ;
#6480 = CARTESIAN_POINT ( 'NONE',  ( 50.57083333333332575, 12.40414518843275538, 8.700000000000001066 ) ) ;
#6481 = CARTESIAN_POINT ( 'NONE',  ( 52.00000000000000000, 12.00000000000001776, 8.699999999999999289 ) ) ;
#6482 = ADVANCED_FACE ( 'NONE', ( #513 ), #2019, .T. ) ;
#6483 = CARTESIAN_POINT ( 'NONE',  ( 51.00833333428924732, -11.59585481156724462, 8.700000000000001066 ) ) ;
#6484 = CARTESIAN_POINT ( 'NONE',  ( 50.00108797182263487, -12.18748525719509956, 8.674444067633690025 ) ) ;
#6485 = CARTESIAN_POINT ( 'NONE',  ( -50.46145833381130075, -11.48647981204522139, 7.110556943750030001 ) ) ;
#6486 = DIRECTION ( 'NONE',  ( -1.000000000000000000, -1.334402673828313339E-16, 0.000000000000000000 ) ) ;
#6487 = CARTESIAN_POINT ( 'NONE',  ( -49.89270833381129222, -12.51352018795476262, 8.889443056249998421 ) ) ;
#6488 = VERTEX_POINT ( 'NONE', #1078 ) ;
#6489 = CARTESIAN_POINT ( 'NONE',  ( -33.20000000000000284, 30.00000000000002132, -7.161785944027803552 ) ) ;
#6490 = CARTESIAN_POINT ( 'NONE',  ( -51.56249999999999289, -11.19170962313450701, 8.000000000000000000 ) ) ;
#6491 = CARTESIAN_POINT ( 'NONE',  ( 50.60000000095591588, 12.80829037686549299, 8.000000000000000000 ) ) ;
#6492 = CARTESIAN_POINT ( 'NONE',  ( -50.77500000095591304, -12.80829037686545746, 8.000000000000000000 ) ) ;
#6493 = CARTESIAN_POINT ( 'NONE',  ( 44.99999999999999289, -22.99999999999998224, -30.00000000000000000 ) ) ;
#6494 = CARTESIAN_POINT ( 'NONE',  ( -50.95729166714463076, 11.22971971806787117, 8.444721528124986776 ) ) ;
#6495 = EDGE_LOOP ( 'NONE', ( #4097, #4953, #304, #3498 ) ) ;
#6496 = VERTEX_POINT ( 'NONE', #74 ) ;
#6497 = FACE_OUTER_BOUND ( 'NONE', #4106, .T. ) ;
#6498 = CARTESIAN_POINT ( 'NONE',  ( -51.29270833381136185, 11.48647981204523738, 8.889443056250000197 ) ) ;
#6499 = CARTESIAN_POINT ( 'NONE',  ( 50.70937500047796220, 13.02704037590958031, 8.000000000000000000 ) ) ;
#6500 = CARTESIAN_POINT ( 'NONE',  ( -50.36666666762257449, 11.59585481156727838, 7.300000000000000711 ) ) ;
#6501 = CARTESIAN_POINT ( 'NONE',  ( -50.08229166714461655, 12.77028028193218745, 7.555278471875000790 ) ) ;
#6502 = ORIENTED_EDGE ( 'NONE', *, *, #1109, .F. ) ;
#6503 = VECTOR ( 'NONE', #2876, 1000.000000000000000 ) ;
#6504 = ADVANCED_FACE ( 'NONE', ( #3709 ), #5723, .F. ) ;
#6505 = CARTESIAN_POINT ( 'NONE',  ( 50.31562500047795083, 12.00000000000001776, 7.110556943750000691 ) ) ;
#6506 = CARTESIAN_POINT ( 'NONE',  ( -3.449999999999995737, 30.00000000000001066, 1.900000000000000577 ) ) ;
#6507 = CARTESIAN_POINT ( 'NONE',  ( -51.39999999999999147, -12.16220510422392387, 7.319052495295195193 ) ) ;
#6508 = CARTESIAN_POINT ( 'NONE',  ( -52.00109374999521350, 12.00000000000001776, 7.301894430562501093 ) ) ;
#6509 = CARTESIAN_POINT ( 'NONE',  ( 50.16250000101766915, -12.00000000266068412, 7.300000000000000711 ) ) ;
#6510 = VECTOR ( 'NONE', #4244, 1000.000000000000114 ) ;
#6511 = CARTESIAN_POINT ( 'NONE',  ( 50.33020833381129222, -11.22971971806781255, 7.555278471875000790 ) ) ;
#6512 = CARTESIAN_POINT ( 'NONE',  ( 51.27812500047796362, -13.02704037590951280, 8.000000000000000000 ) ) ;
#6513 = CARTESIAN_POINT ( 'NONE',  ( 50.62916666666665577, 11.59585481156727838, 8.700000000000001066 ) ) ;
#6514 = LINE ( 'NONE', #6481, #1148 ) ;
#6515 = CARTESIAN_POINT ( 'NONE',  ( 51.58894283587230944, -11.59857864331752353, 7.304717814982755186 ) ) ;
#6516 = CARTESIAN_POINT ( 'NONE',  ( -51.39999999999999858, 12.37601408949082149, 7.280577733427676002 ) ) ;
#6517 = CARTESIAN_POINT ( 'NONE',  ( 3.750000000000003997, 28.00000000000001066, 1.900000000000000577 ) ) ;
#6518 = EDGE_CURVE ( 'NONE', #5201, #5861, #6257, .T. ) ;
#6519 = ADVANCED_FACE ( 'NONE', ( #4756 ), #1983, .T. ) ;
#6520 = ORIENTED_EDGE ( 'NONE', *, *, #2225, .F. ) ;
#6521 = CARTESIAN_POINT ( 'NONE',  ( -50.85520833381129080, 11.22971971806784808, 7.555278471875000790 ) ) ;
#6522 = CARTESIAN_POINT ( 'NONE',  ( 50.08229166714461655, -11.22971971806781255, 8.444721528125000987 ) ) ;
#6523 = CARTESIAN_POINT ( 'NONE',  ( -49.95833333428925016, -11.59585481156724462, 7.300000000000000711 ) ) ;
#6524 = CARTESIAN_POINT ( 'NONE',  ( -50.86250000095591162, -11.99999999999998224, 8.699999999999999289 ) ) ;
#6525 = CARTESIAN_POINT ( 'NONE',  ( 51.29999999999998295, -11.99999999999975131, 8.700000000000002842 ) ) ;
#6526 = ORIENTED_EDGE ( 'NONE', *, *, #141, .T. ) ;
#6527 = ADVANCED_FACE ( 'NONE', ( #3368 ), #266, .T. ) ;
#6528 = ORIENTED_EDGE ( 'NONE', *, *, #4587, .F. ) ;
#6529 = FACE_OUTER_BOUND ( 'NONE', #2555, .T. ) ;
#6530 = CARTESIAN_POINT ( 'NONE',  ( -51.03020833381136612, 12.77028028193218745, 8.444721528124999210 ) ) ;
#6531 = CARTESIAN_POINT ( 'NONE',  ( 51.44583333428924732, 11.39378221735091223, 8.349999999999999645 ) ) ;
#6532 = DIRECTION ( 'NONE',  ( -1.000000000000000000, 0.000000000000000000, 0.000000000000000000 ) ) ;
#6533 = CARTESIAN_POINT ( 'NONE',  ( -49.99479166714461797, 12.51352018795479815, 8.889443056249998421 ) ) ;
#6534 = ORIENTED_EDGE ( 'NONE', *, *, #1530, .T. ) ;
#6535 = AXIS2_PLACEMENT_3D ( 'NONE', #3512, #1482, #6005 ) ;
#6536 = CARTESIAN_POINT ( 'NONE',  ( 51.78854166714462792, 12.77028028193218745, 8.444721528125000987 ) ) ;
#6537 = LINE ( 'NONE', #4962, #3928 ) ;
#6538 = CARTESIAN_POINT ( 'NONE',  ( -50.89166666762258018, 12.40414518843275182, 8.700000000000004619 ) ) ;
#6539 = AXIS2_PLACEMENT_3D ( 'NONE', #5565, #3967, #2567 ) ;
#6540 = CARTESIAN_POINT ( 'NONE',  ( -51.30109374999521776, 12.00000000000001776, 7.301894430562501093 ) ) ;
#6541 = FACE_OUTER_BOUND ( 'NONE', #1912, .T. ) ;
#6542 = ORIENTED_EDGE ( 'NONE', *, *, #50, .F. ) ;
#6543 = CARTESIAN_POINT ( 'NONE',  ( 51.08854166714462508, -11.22971971806781255, 8.444721528125000987 ) ) ;
#6544 = CARTESIAN_POINT ( 'NONE',  ( 50.81145833381130217, -11.48647981204522139, 8.889443056249971775 ) ) ;
#6545 = CARTESIAN_POINT ( 'NONE',  ( 51.24895833381128796, 11.22971971806784630, 8.444721528124999210 ) ) ;
#6546 = DIRECTION ( 'NONE',  ( -1.000000000000000000, 0.000000000000000000, 0.000000000000000000 ) ) ;
#6547 = CARTESIAN_POINT ( 'NONE',  ( 49.92916666762258160, -11.39378221735087671, 8.349999999999999645 ) ) ;
#6548 = CARTESIAN_POINT ( 'NONE',  ( -51.40000000000001990, 12.78101186410887102, 7.612887122927676664 ) ) ;
#6549 = LINE ( 'NONE', #361, #3834 ) ;
#6550 =( BOUNDED_CURVE ( )  B_SPLINE_CURVE ( 2, ( #5368, #6451, #754, #4802, #2782, #4764, #3830 ),
 .UNSPECIFIED., .F., .T. ) 
 B_SPLINE_CURVE_WITH_KNOTS ( ( 3, 2, 2, 3 ),
 ( 0.4166666666666670182, 0.4444444444444450304, 0.4722222222222230426, 0.5000000000000011102 ),
 .UNSPECIFIED. ) 
 CURVE ( )  GEOMETRIC_REPRESENTATION_ITEM ( )  RATIONAL_B_SPLINE_CURVE ( ( 0.9999999999999984457, 0.8660254037844402619, 1.000000000000000000, 0.8660254037844387076, 1.000000000000000000, 0.8660254037844333785, 1.000000000000005329 ) ) 
 REPRESENTATION_ITEM ( '' )  );
#6551 = ORIENTED_EDGE ( 'NONE', *, *, #5271, .F. ) ;
#6552 = CARTESIAN_POINT ( 'NONE',  ( -49.95104166714462224, 12.51352018795479815, 8.889443056249998421 ) ) ;
#6553 = CARTESIAN_POINT ( 'NONE',  ( 0.000000000000000000, 0.000000000000000000, 0.000000000000000000 ) ) ;
#6554 = CARTESIAN_POINT ( 'NONE',  ( -50.10416666762257876, -12.60621778264908954, 8.349999999999999645 ) ) ;
#6555 = CARTESIAN_POINT ( 'NONE',  ( 50.86233989959499979, 11.99998949403813597, 7.300000000188230587 ) ) ;
#6556 = CARTESIAN_POINT ( 'NONE',  ( -51.86145833381129222, -11.48647981204520363, 7.110556943749999803 ) ) ;
#6557 = EDGE_LOOP ( 'NONE', ( #3915, #6130, #1601, #3054, #2000, #3333, #926, #395, #5456, #3789, #436, #5856 ) ) ;
#6558 = VECTOR ( 'NONE', #1973, 1000.000000000000000 ) ;
#6559 = EDGE_LOOP ( 'NONE', ( #4074, #3323, #4424, #2786 ) ) ;
#6560 = EDGE_CURVE ( 'NONE', #4219, #2921, #6146, .T. ) ;
#6561 = CARTESIAN_POINT ( 'NONE',  ( -51.17604166714470182, 11.48647981204523738, 7.110556943750002468 ) ) ;
#6562 = CARTESIAN_POINT ( 'NONE',  ( 50.73854166714462366, 12.77028028193218745, 8.444721528125000987 ) ) ;
#6563 = EDGE_CURVE ( 'NONE', #1531, #2060, #4981, .T. ) ;
#6564 = CARTESIAN_POINT ( 'NONE',  ( 51.73749999999999716, -12.80829037686545746, 8.000000000000000000 ) ) ;
#6565 = CARTESIAN_POINT ( 'NONE',  ( -50.66562500047795936, 12.00000000000001776, 8.889443056250000197 ) ) ;
#6566 = ORIENTED_EDGE ( 'NONE', *, *, #5450, .F. ) ;
#6567 = CARTESIAN_POINT ( 'NONE',  ( 50.78229166714461940, 12.77028028193218745, 8.444721528125000987 ) ) ;
#6568 = DIRECTION ( 'NONE',  ( -1.000000000000000000, 0.000000000000000000, 0.000000000000000000 ) ) ;
#6569 = CARTESIAN_POINT ( 'NONE',  ( 50.51323675391357426, -11.99995193485837497, 7.300000003990494868 ) ) ;
#6570 = CARTESIAN_POINT ( 'NONE',  ( -51.97192708332855915, 12.40305143843753477, 7.301894430562501093 ) ) ;
#6571 = CARTESIAN_POINT ( 'NONE',  ( -50.54166666666666430, -11.39378221735087671, 7.650000000000000355 ) ) ;
#6572 = ORIENTED_EDGE ( 'NONE', *, *, #6031, .T. ) ;
#6573 = CARTESIAN_POINT ( 'NONE',  ( 50.38854166714462934, -11.22971971806781255, 8.444721528125000987 ) ) ;
#6574 = LINE ( 'NONE', #355, #488 ) ;
#6575 = CARTESIAN_POINT ( 'NONE',  ( 51.62812500047795083, 10.97295962409045522, 8.000000000000000000 ) ) ;
#6576 = CARTESIAN_POINT ( 'NONE',  ( -50.74583333333229263, -12.40414518843778247, 8.699999999992568789 ) ) ;
#6577 = CARTESIAN_POINT ( 'NONE',  ( 50.62916666762257734, -11.39378221735087671, 8.349999999999999645 ) ) ;
#6578 = DIRECTION ( 'NONE',  ( 0.000000000000000000, 0.000000000000000000, -1.000000000000000000 ) ) ;
#6579 = ORIENTED_EDGE ( 'NONE', *, *, #3896, .T. ) ;
#6580 = CIRCLE ( 'NONE', #3571, 6.999999999999999112 ) ;
#6581 = CARTESIAN_POINT ( 'NONE',  ( -50.97187500047795794, 12.00000000000001776, 8.889443056249998421 ) ) ;
#6582 = VECTOR ( 'NONE', #6319, 1000.000000000000000 ) ;
#6583 = CARTESIAN_POINT ( 'NONE',  ( -50.97916666762257876, -11.39378221735087671, 7.650000000000000355 ) ) ;
#6584 = CARTESIAN_POINT ( 'NONE',  ( -51.71562500047794941, -11.99999999999998224, 8.889443056250000197 ) ) ;
#6585 = VERTEX_POINT ( 'NONE', #299 ) ;
#6586 = ORIENTED_EDGE ( 'NONE', *, *, #2226, .T. ) ;
#6587 = CARTESIAN_POINT ( 'NONE',  ( 51.79692708332856199, 11.59694856156249898, 7.301894430562501093 ) ) ;
#6588 = CARTESIAN_POINT ( 'NONE',  ( -50.70937500047803326, 13.02704037590957853, 8.000000000000000000 ) ) ;
#6589 = CARTESIAN_POINT ( 'NONE',  ( 50.60000000095591588, 12.80829037686549299, 8.000000000000000000 ) ) ;
#6590 = CARTESIAN_POINT ( 'NONE',  ( 50.92083333333332718, -11.59585481156724462, 8.700000000000001066 ) ) ;
#6591 = CARTESIAN_POINT ( 'NONE',  ( -49.92916666762258160, 12.60621778264912329, 7.650000000000000355 ) ) ;
#6592 = CARTESIAN_POINT ( 'NONE',  ( -50.84062500047794941, 12.00000000000001776, 7.110556943750000691 ) ) ;
#6593 = VERTEX_POINT ( 'NONE', #2353 ) ;
#6594 = EDGE_CURVE ( 'NONE', #6420, #2515, #2278, .T. ) ;
#6595 = EDGE_CURVE ( 'NONE', #5599, #4977, #4340, .T. ) ;
#6596 = ORIENTED_EDGE ( 'NONE', *, *, #2943, .F. ) ;
#6597 = CARTESIAN_POINT ( 'NONE',  ( 51.21979166714461940, -12.51352018795476440, 8.889443056249998421 ) ) ;
#6598 = CARTESIAN_POINT ( 'NONE',  ( 51.61354166714462366, 11.22971971806784808, 7.555278471875000790 ) ) ;
#6599 = CYLINDRICAL_SURFACE ( 'NONE', #5636, 1.000000000000000000 ) ;
#6600 = CARTESIAN_POINT ( 'NONE',  ( 49.99999999999998579, 23.00000000000001421, 10.00000000000000178 ) ) ;
#6601 = CARTESIAN_POINT ( 'NONE',  ( -51.59276041666188917, 12.60457715765629239, 7.650947215281250102 ) ) ;
#6602 = CARTESIAN_POINT ( 'NONE',  ( -51.39999999999997726, -11.60425012699484348, 8.790902917348786261 ) ) ;
#6603 = CARTESIAN_POINT ( 'NONE',  ( 51.55520833381128654, -12.77028028193215548, 8.444721528124999210 ) ) ;
#6604 = CARTESIAN_POINT ( 'NONE',  ( -13.64999999999999503, 30.00000000000000711, -30.00000000000000000 ) ) ;
#6605 = CARTESIAN_POINT ( 'NONE',  ( 49.97983876965630401, 11.26102552573190962, 8.091934764124234292 ) ) ;
#6606 = CARTESIAN_POINT ( 'NONE',  ( 50.00000000000012790, 12.06062221344163810, 8.778327843378212592 ) ) ;
#6607 = CARTESIAN_POINT ( 'NONE',  ( 50.42500000095591162, -12.80829037686545746, 8.000000000000000000 ) ) ;
#6608 = CARTESIAN_POINT ( 'NONE',  ( -50.33859374999522629, -12.80610287687501803, 8.000000000000000000 ) ) ;
#6609 = AXIS2_PLACEMENT_3D ( 'NONE', #5008, #1396, #3457 ) ;
#6610 = CARTESIAN_POINT ( 'NONE',  ( 50.86979166714463219, 11.48647981204525514, 8.889443056249968222 ) ) ;
#6611 = VERTEX_POINT ( 'NONE', #4949 ) ;
#6612 = CARTESIAN_POINT ( 'NONE',  ( -51.17604166714463076, 11.48647981204523738, 7.110556943750000691 ) ) ;
#6613 = CARTESIAN_POINT ( 'NONE',  ( -50.27916666762258302, -11.39378221735087671, 7.650000000000000355 ) ) ;
#6614 = CARTESIAN_POINT ( 'NONE',  ( -51.18333333428923737, -12.40414518843271274, 8.700000000000015277 ) ) ;
#6615 = ADVANCED_FACE ( 'NONE', ( #6387 ), #728, .F. ) ;
#6616 = PLANE ( 'NONE',  #2575 ) ;
#6617 = ORIENTED_EDGE ( 'NONE', *, *, #6595, .F. ) ;
#6618 = VECTOR ( 'NONE', #1965, 1000.000000000000000 ) ;
#6619 = EDGE_LOOP ( 'NONE', ( #2816, #920, #3736, #4701, #6104, #4310, #303, #4594 ) ) ;
#6620 = LINE ( 'NONE', #6140, #5748 ) ;
#6621 = CARTESIAN_POINT ( 'NONE',  ( 49.75416666762258444, 11.39378221735091223, 7.650000000000000355 ) ) ;
#6622 = CARTESIAN_POINT ( 'NONE',  ( 50.83333333333332860, -11.39378221735087671, 7.650000000000000355 ) ) ;
#6623 = CARTESIAN_POINT ( 'NONE',  ( -49.78333333428924590, 11.59585481156727838, 8.700000000000001066 ) ) ;
#6624 = CARTESIAN_POINT ( 'NONE',  ( -50.63645833381128369, 11.48647981204523738, 8.889443056249998421 ) ) ;
#6625 =( BOUNDED_CURVE ( )  B_SPLINE_CURVE ( 3, ( #5581, #181, #5799, #3247 ),
 .UNSPECIFIED., .F., .F. ) 
 B_SPLINE_CURVE_WITH_KNOTS ( ( 4, 4 ),
 ( 3.141592653589790896, 4.712388980384689674 ),
 .UNSPECIFIED. ) 
 CURVE ( )  GEOMETRIC_REPRESENTATION_ITEM ( )  RATIONAL_B_SPLINE_CURVE ( ( 1.000000000000000000, 0.8047378541243644934, 0.8047378541243644934, 1.000000000000000000 ) ) 
 REPRESENTATION_ITEM ( '' )  );
#6626 = EDGE_LOOP ( 'NONE', ( #3994, #151, #3363, #4371 ) ) ;
#6627 = ORIENTED_EDGE ( 'NONE', *, *, #2348, .F. ) ;
#6628 = CARTESIAN_POINT ( 'NONE',  ( 51.04479166714461513, -11.48647981204520363, 7.110556943749999803 ) ) ;
#6629 = CARTESIAN_POINT ( 'NONE',  ( 49.85592728140355234, 11.16268873297794073, 7.671379543732107287 ) ) ;
#6630 = LINE ( 'NONE', #2046, #2083 ) ;
#6631 = LINE ( 'NONE', #473, #6365 ) ;
#6632 = B_SPLINE_CURVE_WITH_KNOTS ( 'NONE', 3,
 ( #129, #1099, #3164, #2659, #3069, #3701, #4716, #2690 ),
 .UNSPECIFIED., .F., .F.,
 ( 4, 2, 2, 4 ),
 ( 9.341771812940338307E-18, 0.0008067062437529165303, 0.001210059365629370188, 0.001613412487505823736 ),
 .UNSPECIFIED. ) ;
#6633 = DIRECTION ( 'NONE',  ( 2.775557561562891844E-16, 1.000000000000000000, 0.000000000000000000 ) ) ;
#6634 = CARTESIAN_POINT ( 'NONE',  ( 50.09687500047795794, -11.99999999999998224, 8.889443056250000197 ) ) ;
#6635 = CARTESIAN_POINT ( 'NONE',  ( -44.99999999999998579, 23.00000000000000355, -30.00000000000000000 ) ) ;
#6636 = CARTESIAN_POINT ( 'NONE',  ( 50.11145833381129222, 12.51352018795479815, 8.889443056249998421 ) ) ;
#6637 = CARTESIAN_POINT ( 'NONE',  ( -50.62916666666627918, -12.40414518843306979, 7.299999999999270628 ) ) ;
#6638 = EDGE_CURVE ( 'NONE', #5847, #4262, #5945, .T. ) ;
#6639 = CARTESIAN_POINT ( 'NONE',  ( 49.90000000095591304, -11.19170962313450701, 8.000000000000000000 ) ) ;
#6640 = CARTESIAN_POINT ( 'NONE',  ( -50.92083333333332718, -11.59585481156724462, 7.300000000000000711 ) ) ;
#6641 = EDGE_CURVE ( 'NONE', #5735, #6488, #5887, .T. ) ;
#6642 = VECTOR ( 'NONE', #4, 1000.000000000000000 ) ;
#6643 = ORIENTED_EDGE ( 'NONE', *, *, #433, .F. ) ;
#6644 = CARTESIAN_POINT ( 'NONE',  ( -49.99999999999997158, 11.31685957673765230, 8.152981239696568849 ) ) ;
#6645 = CARTESIAN_POINT ( 'NONE',  ( -50.48333333428924874, -12.40414518843270741, 8.700000000000022382 ) ) ;
#6646 = CARTESIAN_POINT ( 'NONE',  ( -19.54999999999999361, 33.00000000000000000, 0.2782140559721966722 ) ) ;
#6647 = DIRECTION ( 'NONE',  ( 1.000000000000000000, 0.000000000000000000, 0.000000000000000000 ) ) ;
#6648 = ORIENTED_EDGE ( 'NONE', *, *, #349, .T. ) ;
#6649 = EDGE_LOOP ( 'NONE', ( #864, #6058, #2540, #3231 ) ) ;
#6650 = DIRECTION ( 'NONE',  ( 0.000000000000000000, 0.000000000000000000, -1.000000000000000000 ) ) ;
#6651 = CARTESIAN_POINT ( 'NONE',  ( 51.32644283605564794, 12.60213203529872317, 8.347641092667403839 ) ) ;
#6652 = CARTESIAN_POINT ( 'NONE',  ( 51.03750000000000142, 11.19170962313454076, 8.000000000000000000 ) ) ;
#6653 = CARTESIAN_POINT ( 'NONE',  ( 50.60000000000000142, -11.99999999999998224, 8.699999999999999289 ) ) ;
#6654 = CARTESIAN_POINT ( 'NONE',  ( -34.99999999999999289, 20.00000000000001776, -8.673132741738013962 ) ) ;
#6655 = CYLINDRICAL_SURFACE ( 'NONE', #1198, 0.6999999999999992895 ) ;
#6656 = ORIENTED_EDGE ( 'NONE', *, *, #5908, .T. ) ;
#6657 = ORIENTED_EDGE ( 'NONE', *, *, #4586, .T. ) ;
#6658 = CARTESIAN_POINT ( 'NONE',  ( 50.75312500047795794, -10.97295962409042147, 8.000000000000000000 ) ) ;
#6659 = CARTESIAN_POINT ( 'NONE',  ( 51.08854166714462508, 12.77028028193218745, 8.444721528125000987 ) ) ;
#6660 = DIRECTION ( 'NONE',  ( -0.000000000000000000, -0.000000000000000000, 1.000000000000000000 ) ) ;
#6661 =( BOUNDED_CURVE ( )  B_SPLINE_CURVE ( 2, ( #232, #6427, #4814, #694, #197, #1374, #5304 ),
 .UNSPECIFIED., .F., .F. ) 
 B_SPLINE_CURVE_WITH_KNOTS ( ( 3, 2, 2, 3 ),
 ( 0.01756484024348069911, 0.01829679248255779156, 0.01902874472163488401, 0.01976069696071197646 ),
 .UNSPECIFIED. ) 
 CURVE ( )  GEOMETRIC_REPRESENTATION_ITEM ( )  RATIONAL_B_SPLINE_CURVE ( ( 0.9999999999999737987, 0.8660254037844649089, 1.000000000000000000, 0.8660254037844387076, 1.000000000000000000, 0.8660254037840692254, 1.000000000000369482 ) ) 
 REPRESENTATION_ITEM ( '' )  );
#6662 = CARTESIAN_POINT ( 'NONE',  ( -51.09583333428924590, 11.39378221735091223, 7.650000000000001243 ) ) ;
#6663 = CYLINDRICAL_SURFACE ( 'NONE', #5825, 0.6999999999999992895 ) ;
#6664 = CARTESIAN_POINT ( 'NONE',  ( -51.85416666666667140, 12.40414518843275538, 8.700000000000001066 ) ) ;
#6665 = CARTESIAN_POINT ( 'NONE',  ( -35.58578643762689353, 13.00000000000002132, -13.34927992655325824 ) ) ;
ENDSEC;
END-ISO-10303-21;
